hero_id,hero_name,hero_class,hero_rarity,synergy_01_required_heroes,synergy_01_required_hero_ids,synergy_01_tier,synergy_01_rank_required,synergy_01_upgrade,synergy_01_base_bonus,synergy_02_required_heroes,synergy_02_required_hero_ids,synergy_02_tier,synergy_02_rank_required,synergy_02_upgrade,synergy_02_base_bonus,synergy_03_required_heroes,synergy_03_required_hero_ids,synergy_03_tier,synergy_03_rank_required,synergy_03_upgrade,synergy_03_base_bonus,synergy_04_required_heroes,synergy_04_required_hero_ids,synergy_04_tier,synergy_04_rank_required,synergy_04_upgrade,synergy_04_base_bonus,synergy_05_required_heroes,synergy_05_required_hero_ids,synergy_05_tier,synergy_05_rank_required,synergy_05_upgrade,synergy_05_base_bonus,synergy_06_required_heroes,synergy_06_required_hero_ids,synergy_06_tier,synergy_06_rank_required,synergy_06_upgrade,synergy_06_base_bonus,synergy_07_required_heroes,synergy_07_required_hero_ids,synergy_07_tier,synergy_07_rank_required,synergy_07_upgrade,synergy_07_base_bonus,synergy_08_required_heroes,synergy_08_required_hero_ids,synergy_08_tier,synergy_08_rank_required,synergy_08_upgrade,synergy_08_base_bonus,synergy_09_required_heroes,synergy_09_required_hero_ids,synergy_09_tier,synergy_09_rank_required,synergy_09_upgrade,synergy_09_base_bonus,synergy_10_required_heroes,synergy_10_required_hero_ids,synergy_10_tier,synergy_10_rank_required,synergy_10_upgrade,synergy_10_base_bonus,synergy_11_required_heroes,synergy_11_required_hero_ids,synergy_11_tier,synergy_11_rank_required,synergy_11_upgrade,synergy_11_base_bonus,synergy_12_required_heroes,synergy_12_required_hero_ids,synergy_12_tier,synergy_12_rank_required,synergy_12_upgrade,synergy_12_base_bonus,synergy_13_required_heroes,synergy_13_required_hero_ids,synergy_13_tier,synergy_13_rank_required,synergy_13_upgrade,synergy_13_base_bonus,synergy_14_required_heroes,synergy_14_required_hero_ids,synergy_14_tier,synergy_14_rank_required,synergy_14_upgrade,synergy_14_base_bonus,synergy_15_required_heroes,synergy_15_required_hero_ids,synergy_15_tier,synergy_15_rank_required,synergy_15_upgrade,synergy_15_base_bonus,synergy_16_required_heroes,synergy_16_required_hero_ids,synergy_16_tier,synergy_16_rank_required,synergy_16_upgrade,synergy_16_base_bonus
0,Militia,0,1,Apprentice,12,1,0,damage_global,+10%,Viking|Scout,1|24,1,0,skillCd_personal,-10%,Peacekeeper,4,2,15,killGold_personal,+100%,Druid|Battlemage,13|18,2,15,damage_global,+60%,Gladiator,7,3,50,critChance_global,+16%,Warlock|Captain,21|34,3,50,attSpeed_personal,+100%,Witch,15,4,100,energyIncome_global,+1,Champion|Crusader,10|33,4,100,goldSuperChance_global,+6%,Praetorian,36,5,150,expSuperAmount_global,+10%,Necromancer|Arbalest,23|29,5,150,superCritChance_personal,+25%,Warden,35,6,250,killGold_personal,+500%,Titan|Archer,37|27,6,250,damage_personal,+600%,Ballista,32,7,500,expSuperAmount_global,+20%,Spelldancer|Arbalest,19|29,7,500,energyIncome_global,+8,Gladiator|Sorcerer|Captain,7|14|34,8,1000,energyIncome_global,+10,Ninja|Arbalest|Captain,2|29|34,8,1000,energyUltraAmount_global,+75%
1,Viking,0,1,Druid,13,1,0,attSpeed_personal,+10%,Militia|Scout,0|24,1,0,killExp_global,+3%,Spelldancer,19,2,15,critDmg_personal,+100%,Assassin|Arbalest,3|29,2,15,skillCd_global,-7%,Hunter,25,3,50,skillPower_global,+1%,Sorcerer|Dicemaster,14|39,3,50,damage_personal,+250%,Gladiator,7,4,100,superCritDmg_personal,+850%,Titan|Necromancer,37|23,4,100,killGold_global,+150%,Deadeye,40,5,150,superCritChance_global,+8%,Samurai|Elementalist,5|17,5,150,goldSuperAmount_personal,+1250%,Chieftain,9,6,250,damage_global,+250%,Ranger|Crusader,28|33,6,250,skillPower_global,+6%,Warlord,11,7,500,ultraBossDmg_global,+1400%,Forester|Veteran,26|41,7,500,skillPower_global,+8%,Wizard|Necromancer|Ballista,16|23|32,8,1000,bossExp_global,+40%,Archer|Ballista|Veteran,27|32|41,8,1000,skillPower_global,+15%
2,Ninja,0,2,Assassin,3,1,0,damage_personal,+25%,Sorcerer|Witch,14|15,1,0,critDmg_personal,+50%,Rogue,31,2,15,critChance_global,+8%,Berserker|Scout,8|24,2,15,skillDuration_personal,+6,Wizard,16,3,50,killGold_global,+80%,Archer|Rogue,27|31,3,50,attSpeed_global,+30%,Praetorian,36,4,100,damage_global,+125%,Peacekeeper|Spelldancer,4|19,4,100,expSuperChance_global,+4%,Ranger,28,5,150,skillPower_global,+3%,Chieftain|Veteran,9|41,5,150,energySuperChance_global,+4%,Apprentice,12,6,250,goldUltraChance_global,+2%,Gladiator|Warlock,7|21,6,250,killGold_personal,+600%,Arbalest,29,7,500,energySuperChance_global,+5%,Assassin|Rogue,3|31,7,500,goldSuperChance_global,+14%,Assassin|Elementalist|Warden,3|17|35,8,1000,bossGold_personal,+2250%,Militia|Arbalest|Captain,0|29|34,8,1000,energyIncome_global,+15
3,Assassin,0,2,Ninja,2,1,0,critChance_personal,+5%,Forester|Archer,26|27,1,0,skillCd_personal,-10%,Gladiator,7,2,15,attSpeed_global,+10%,Viking|Arbalest,1|29,2,15,critDmg_personal,+150%,Ranger,28,3,50,damage_personal,+200%,Apprentice|Spelldancer,12|19,3,50,killGold_personal,+250%,Peacekeeper,4,4,100,killGold_global,+125%,Berserker|Sorcerer,8|14,4,100,energyIncome_global,+2,Dicemaster,39,5,150,damage_global,+175%,Hunter|Captain,25|34,5,150,superCritDmg_global,+625%,Skymage,20,6,250,expUltraChance_global,+2%,Warlord|Wizard,11|16,6,250,ultraCritChance_personal,+7%,Deadeye,40,7,500,damage_global,+300%,Ninja|Rogue,2|31,7,500,ultraBossDmg_global,+1600%,Ninja|Elementalist|Warden,2|17|35,8,1000,ultraCritDmg_global,+3000%,Praetorian|Wizard|Spelldancer,36|16|19,8,1000,attSpeed_global,+75%
4,Peacekeeper,0,3,Ranger,28,1,0,killGold_global,+10%,Samurai|Wizard,5|16,1,0,critDmg_global,+20%,Militia,0,2,15,skillPower_personal,+5%,Warlord|Ballista,11|32,2,15,damage_global,+60%,Chieftain,9,3,50,skillCd_global,-8%,Berserker|Forester,8|26,3,50,expSuperChance_global,+1%,Assassin,3,4,100,damage_personal,+300%,Ninja|Spelldancer,2|19,4,100,expSuperAmount_global,+7%,Witch,15,5,150,killGold_personal,+400%,Apprentice|Rogue,12|31,5,150,skillPower_global,+4%,Scout,24,6,250,ultraCritDmg_global,+2000%,Sovereign|Warden,38|35,6,250,energyUltraChance_global,+3%,Captain,34,7,500,damage_global,+300%,Gladiator|Warlord,7|11,7,500,energySuperAmount_global,+20%,Warlord|Apprentice|Arbalest,11|12|29,8,1000,damage_personal,+1000%,Gladiator|Berserker|Warden,7|8|35,8,1000,alienTech_global,+3%
5,Samurai,0,3,Arbalest,29,1,0,damage_global,+10%,Peacekeeper|Wizard,4|16,1,0,critChance_personal,+10%,Witch,15,2,15,skillDuration_personal,+5,Skymage|Templar,20|22,2,15,killGold_global,+60%,Deadeye,40,3,50,critDmg_global,+80%,Necromancer|Hunter,23|25,3,50,attSpeed_personal,+100%,Ballista,32,4,100,expSuperChance_global,+2%,Scout|Warden,24|35,4,100,superCritDmg_personal,+950%,Berserker,8,5,150,goldSuperChance_global,+8%,Viking|Elementalist,1|17,5,150,damage_personal,+450%,Praetorian,36,6,250,energyIncome_global,+5,Paladin|Champion,6|10,6,250,killGold_global,+275%,Gladiator,7,7,500,energySuperChance_global,+5%,Druid|Captain,13|34,7,500,skillPower_global,+8%,Berserker|Forester|Ranger,8|26|28,8,1000,skillPower_global,+12%,Paladin|Champion|Battlemage,6|10|18,8,1000,ultraCritDmg_global,+3250%
6,Paladin,0,4,Gladiator,7,1,0,skillPower_personal,+2%,Spelldancer|Sniper,19|30,1,0,killGold_personal,+50%,Scout,24,2,15,attSpeed_global,+10%,Sorcerer|Crusader,14|33,2,15,killExp_global,+10%,Witch,15,3,50,skillDuration_personal,+8,Praetorian|Veteran,36|41,3,50,critDmg_personal,+250%,Templar,22,4,100,goldSuperChance_personal,+10%,Chieftain|Sniper,9|30,4,100,energySuperAmount_global,+4%,Forester,26,5,150,expSuperAmount_global,+10%,Warlord|Druid,11|13,5,150,killGold_personal,+450%,Battlemage,18,6,250,damage_personal,+500%,Samurai|Champion,5|10,6,250,skillPower_global,+6%,Sorcerer,14,7,500,goldSuperAmount_global,+850%,Berserker|Templar,8|22,7,500,energySuperChance_global,+6%,Scout|Hunter|Rogue,24|25|31,8,1000,goldUltraAmount_global,+3000%,Samurai|Champion|Battlemage,5|10|18,8,1000,shadowRunes_personal,+2%
7,Gladiator,0,4,Paladin,6,1,0,critDmg_personal,+25%,Battlemage|Rogue,18|31,1,0,damage_personal,+50%,Assassin,3,2,15,skillCd_global,-5%,Forester|Ranger,26|28,2,15,attSpeed_personal,+60%,Militia,0,3,50,killGold_personal,+200%,Champion|Elementalist,10|17,3,50,critChance_global,+20%,Viking,1,4,100,killGold_global,+125%,Apprentice|Archer,12|27,4,100,damage_global,+150%,Templar,22,5,150,energyIncome_global,+3,Skymage|Deadeye,20|40,5,150,goldSuperAmount_global,+625%,Ballista,32,6,250,expUltraAmount_global,+45%,Ninja|Warlock,2|21,6,250,ultraCritDmg_personal,+4250%,Samurai,5,7,500,energySuperAmount_global,+15%,Peacekeeper|Warlord,4|11,7,500,energyIncome_global,+8,Militia|Sorcerer|Captain,0|14|34,8,1000,energyUltraChance_global,+7%,Peacekeeper|Berserker|Warden,4|8|35,8,1000,attSpeed_global,+75%
8,Berserker,0,5,Skymage,20,1,0,damage_global,+10%,Chieftain|Ballista,9|32,1,0,critDmg_global,+20%,Veteran,41,2,15,expSuperChance_global,+1%,Ninja|Scout,2|24,2,15,skillPower_personal,+6%,Apprentice,12,3,50,attSpeed_global,+22%,Peacekeeper|Forester,4|26,3,50,killExp_global,+35%,Arbalest,29,4,100,superCritChance_global,+4%,Assassin|Sorcerer,3|14,4,100,skillPower_global,+2%,Samurai,5,5,150,damage_personal,+400%,Titan|Wizard,37|16,5,150,killGold_personal,+450%,Sovereign,38,6,250,goldUltraChance_personal,+5%,Druid|Hunter,13|25,6,250,energyUltraAmount_global,+35%,Battlemage,18,7,500,damage_global,+300%,Paladin|Templar,6|22,7,500,energyIncome_global,+8,Samurai|Forester|Ranger,5|26|28,8,1000,damage_global,+400%,Peacekeeper|Gladiator|Warden,4|7|35,8,1000,ultraCritChance_global,+8%
9,Chieftain,0,5,Warlock,21,1,0,skillCd_global,-2%,Berserker|Ballista,8|32,1,0,attSpeed_personal,+25%,Archer,27,2,15,critChance_global,+8%,Sovereign|Captain,38|34,2,15,critDmg_global,+60%,Peacekeeper,4,3,50,killGold_global,+80%,Arbalest|Sniper,29|30,3,50,damage_personal,+250%,Druid,13,4,100,energySuperAmount_global,+2%,Paladin|Sniper,6|30,4,100,goldSuperAmount_personal,+950%,Battlemage,18,5,150,killGold_global,+175%,Ninja|Veteran,2|41,5,150,expSuperChance_global,+7%,Viking,1,6,250,skillPower_global,+5%,Witch|Spelldancer,15|19,6,250,damage_global,+275%,Forester,26,7,500,goldSuperAmount_global,+850%,Elementalist|Sovereign,17|38,7,500,killGold_global,+350%,Druid|Warlock|Archer,13|21|27,8,1000,damage_global,+400%,Druid|Elementalist|Ranger,13|17|28,8,1000,skillCd_global,-20%
10,Champion,0,6,Warlord,11,1,0,killGold_personal,+25%,Templar|Warden,22|35,1,0,attSpeed_global,+6%,Sorcerer,14,2,15,damage_global,+40%,Praetorian|Rogue,36|31,2,15,skillCd_personal,-20%,Spelldancer,19,3,50,critChance_personal,+35%,Gladiator|Elementalist,7|17,3,50,critDmg_global,+100%,Hunter,25,4,100,goldSuperChance_global,+4%,Militia|Crusader,0|33,4,100,damage_personal,+350%,Ballista,32,5,150,killGold_personal,+400%,Warlock|Archer,21|27,5,150,superCritChance_global,+10%,Sniper,30,6,250,energyIncome_global,+5,Samurai|Paladin,5|6,6,250,expUltraChance_global,+3%,Scout,24,7,500,expSuperAmount_global,+20%,Apprentice|Deadeye,12|40,7,500,skillPower_global,+8%,Skymage|Sniper|Veteran,20|30|41,8,1000,bossExp_global,+40%,Samurai|Paladin|Battlemage,5|6|18,8,1000,attSpeed_global,+75%
11,Warlord,0,6,Champion,10,1,0,attSpeed_personal,+10%,Necromancer|Captain,23|34,1,0,skillDuration_personal,+3,Crusader,33,2,15,attSpeed_global,+10%,Peacekeeper|Ballista,4|32,2,15,critDmg_personal,+150%,Sniper,30,3,50,damage_global,+80%,Witch|Wizard,15|16,3,50,critChance_personal,+50%,Scout,24,4,100,damage_personal,+300%,Skymage|Veteran,20|41,4,100,skillPower_global,+2%,Titan,37,5,150,superCritChance_global,+8%,Paladin|Druid,6|13,5,150,killGold_global,+200%,Dicemaster,39,6,250,ultraCritChance_personal,+5%,Assassin|Wizard,3|16,6,250,goldUltraAmount_personal,+4250%,Viking,1,7,500,damage_global,+300%,Peacekeeper|Gladiator,4|7,7,500,ultraBossDmg_global,+1600%,Peacekeeper|Apprentice|Arbalest,4|12|29,8,1000,energyIncome_global,+10,Titan|Warlock|Warlock,37|21|21,8,1000,energyUltraAmount_global,+75%
12,Apprentice,1,1,Militia,0,1,0,attSpeed_global,+3%,Druid|Hunter,13|25,1,0,skillCd_global,-4%,Skymage,20,2,15,critDmg_global,+40%,Elementalist|Sniper,17|30,2,15,damage_global,+60%,Berserker,8,3,50,killGold_personal,+200%,Assassin|Spelldancer,3|19,3,50,critChance_global,+20%,Titan,37,4,100,expSuperChance_global,+2%,Gladiator|Archer,7|27,4,100,energySuperAmount_global,+4%,Necromancer,23,5,150,goldSuperAmount_personal,+1100%,Peacekeeper|Rogue,4|31,5,150,damage_global,+200%,Ninja,2,6,250,skillPower_global,+5%,Praetorian|Sniper,36|30,6,250,killGold_global,+275%,Dicemaster,39,7,500,skillPower_personal,+15%,Champion|Deadeye,10|40,7,500,damage_global,+350%,Peacekeeper|Warlord|Arbalest,4|11|29,8,1000,superCritDmg_global,+1000%,Witch|Skymage|Dicemaster,15|20|39,8,1000,skillPower_global,+15%
13,Druid,1,1,Viking,1,1,0,skillDuration_personal,+2,Apprentice|Hunter,12|25,1,0,skillPower_personal,+3%,Arbalest,29,2,15,damage_global,+40%,Militia|Battlemage,0|18,2,15,critChance_global,+12%,Skymage,20,3,50,critDmg_personal,+200%,Templar|Scout,22|24,3,50,killGold_personal,+250%,Chieftain,9,4,100,damage_personal,+300%,Dicemaster|Rogue,39|31,4,100,superCritChance_global,+6%,Captain,34,5,150,killGold_personal,+400%,Paladin|Warlord,6|11,5,150,energyIncome_global,+4,Witch,15,6,250,ultraCritDmg_global,+2000%,Berserker|Hunter,8|25,6,250,goldUltraChance_global,+3%,Spelldancer,19,7,500,damage_global,+300%,Samurai|Captain,5|34,7,500,energyIncome_global,+8,Chieftain|Warlock|Archer,9|21|27,8,1000,expUltraAmount_global,+105%,Chieftain|Elementalist|Ranger,9|17|28,8,1000,energyUltraChance_global,+8%
14,Sorcerer,1,2,Archer,27,1,0,killGold_personal,+25%,Ninja|Witch,2|15,1,0,critChance_global,+4%,Champion,10,2,15,damage_global,+40%,Paladin|Crusader,6|33,2,15,skillCd_personal,-20%,Necromancer,23,3,50,attSpeed_personal,+80%,Viking|Dicemaster,1|39,3,50,critDmg_personal,+250%,Elementalist,17,4,100,killGold_global,+125%,Assassin|Berserker,3|8,4,100,energySuperChance_global,+2%,Scout,24,5,150,skillPower_global,+3%,Praetorian|Crusader,36|33,5,150,goldSuperChance_personal,+25%,Templar,22,6,250,damage_global,+250%,Skymage|Ballista,20|32,6,250,expUltraChance_global,+3%,Paladin,6,7,500,goldSuperChance_global,+12%,Wizard|Skymage,16|20,7,500,damage_global,+350%,Militia|Gladiator|Captain,0|7|34,8,1000,ultraCritDmg_global,+3000%,Necromancer|Forester|Deadeye,23|26|40,8,1000,skillPower_global,+15%
15,Witch,1,2,Forester,26,1,0,skillCd_personal,-5%,Ninja|Sorcerer,2|14,1,0,critDmg_global,+20%,Samurai,5,2,15,attSpeed_global,+10%,Necromancer|Hunter,23|25,2,15,killExp_global,+10%,Paladin,6,3,50,killGold_global,+80%,Warlord|Wizard,11|16,3,50,damage_global,+100%,Militia,0,4,100,superCritChance_personal,+10%,Ranger|Ballista,28|32,4,100,skillPower_global,+2%,Peacekeeper,4,5,150,damage_personal,+400%,Battlemage|Sovereign,18|38,5,150,killGold_personal,+450%,Druid,13,6,250,energyUltraAmount_global,+25%,Chieftain|Spelldancer,9|19,6,250,goldUltraAmount_global,+2250%,Titan,37,7,500,damage_global,+300%,Necromancer|Warden,23|35,7,500,skillDuration_personal,+15,Battlemage|Spelldancer|Templar,18|19|22,8,1000,skillPower_personal,+30%,Apprentice|Skymage|Dicemaster,12|20|39,8,1000,ultraCritDmg_global,+3250%
16,Wizard,1,3,Elementalist,17,1,0,damage_global,+10%,Peacekeeper|Samurai,4|5,1,0,killGold_global,+20%,Battlemage,18,2,15,critChance_global,+8%,Titan|Dicemaster,37|39,2,15,attSpeed_global,+15%,Ninja,2,3,50,killExp_global,+20%,Warlord|Witch,11|15,3,50,critDmg_global,+100%,Deadeye,40,4,100,killGold_global,+125%,Praetorian|Battlemage,36|18,4,100,attSpeed_global,+40%,Warlock,21,5,150,energyIncome_global,+3,Berserker|Titan,8|37,5,150,damage_personal,+450%,Ranger,28,6,250,energyUltraAmount_global,+25%,Assassin|Warlord,3|11,6,250,ultraCritChance_personal,+7%,Crusader,33,7,500,attSpeed_global,+40%,Sorcerer|Skymage,14|20,7,500,damage_global,+350%,Viking|Necromancer|Ballista,1|23|32,8,1000,expUltraAmount_global,+105%,Assassin|Praetorian|Spelldancer,3|36|19,8,1000,skillPower_global,+15%
17,Elementalist,1,3,Wizard,16,1,0,critChance_global,+2%,Ranger|Arbalest,28|29,1,0,damage_personal,+50%,Hunter,25,2,15,killExp_global,+6%,Apprentice|Sniper,12|30,2,15,skillDuration_personal,+6,Forester,26,3,50,attSpeed_global,+22%,Gladiator|Champion,7|10,3,50,critDmg_global,+100%,Sorcerer,14,4,100,energySuperAmount_global,+2%,Warlock|Deadeye,21|40,4,100,killGold_personal,+350%,Warden,35,5,150,expSuperAmount_global,+10%,Viking|Samurai,1|5,5,150,damage_global,+200%,Necromancer,23,6,250,goldUltraAmount_personal,+3750%,Dicemaster|Scout,39|24,6,250,skillPower_global,+6%,Rogue,31,7,500,goldSuperAmount_global,+850%,Chieftain|Sovereign,9|38,7,500,skillPower_personal,+20%,Ninja|Assassin|Warden,2|3|35,8,1000,goldUltraAmount_global,+3000%,Chieftain|Druid|Ranger,9|13|28,8,1000,energyUltraChance_global,+8%
18,Battlemage,1,4,Spelldancer,19,1,0,killExp_global,+1%,Gladiator|Rogue,7|31,1,0,attSpeed_personal,+25%,Wizard,16,2,15,skillPower_personal,+5%,Militia|Druid,0|13,2,15,critDmg_global,+60%,Veteran,41,3,50,damage_global,+80%,Ballista|Warden,32|35,3,50,skillCd_personal,-30%,Ranger,28,4,100,goldSuperAmount_global,+450%,Praetorian|Wizard,36|16,4,100,damage_global,+150%,Chieftain,9,5,150,goldSuperChance_personal,+20%,Witch|Sovereign,15|38,5,150,superCritDmg_global,+625%,Paladin,6,6,250,killGold_global,+250%,Forester|Deadeye,26|40,6,250,energyIncome_global,+6,Berserker,8,7,500,attSpeed_global,+40%,Sniper|Crusader,30|33,7,500,damage_global,+350%,Witch|Spelldancer|Templar,15|19|22,8,1000,ultraCritDmg_global,+3000%,Samurai|Paladin|Champion,5|6|10,8,1000,skillPower_global,+15%
19,Spelldancer,1,4,Battlemage,18,1,0,killGold_global,+10%,Paladin|Sniper,6|30,1,0,attSpeed_personal,+25%,Viking,1,2,15,critDmg_global,+40%,Archer|Warden,27|35,2,15,skillCd_global,-7%,Champion,10,3,50,damage_global,+80%,Assassin|Apprentice,3|12,3,50,skillPower_personal,+12%,Warlock,21,4,100,superCritDmg_global,+450%,Ninja|Peacekeeper,2|4,4,100,expSuperChance_global,+4%,Sniper,30,5,150,skillPower_global,+3%,Scout|Ballista,24|32,5,150,energySuperChance_global,+4%,Veteran,41,6,250,skillPower_global,+5%,Chieftain|Witch,9|15,6,250,damage_global,+275%,Druid,13,7,500,superCritDmg_global,+850%,Militia|Arbalest,0|29,7,500,energySuperChance_global,+6%,Witch|Battlemage|Templar,15|18|22,8,1000,skillDuration_personal,+20,Assassin|Praetorian|Wizard,3|36|16,8,1000,ultraCritDmg_global,+3250%
20,Skymage,1,5,Berserker,8,1,0,critDmg_global,+10%,Warlock|Crusader,21|33,1,0,skillCd_personal,-10%,Apprentice,12,2,15,killGold_global,+40%,Samurai|Templar,5|22,2,15,killExp_global,+10%,Druid,13,3,50,critChance_personal,+35%,Ranger|Crusader,28|33,3,50,damage_personal,+250%,Dicemaster,39,4,100,goldSuperChance_global,+4%,Warlord|Veteran,11|41,4,100,skillPower_global,+2%,Hunter,25,5,150,damage_global,+175%,Gladiator|Deadeye,7|40,5,150,energySuperAmount_global,+8%,Assassin,3,6,250,ultraCritChance_global,+2%,Sorcerer|Ballista,14|32,6,250,killGold_global,+275%,Warden,35,7,500,superCritChance_global,+12%,Sorcerer|Wizard,14|16,7,500,damage_global,+350%,Champion|Sniper|Veteran,10|30|41,8,1000,expUltraAmount_global,+105%,Apprentice|Witch|Dicemaster,12|15|39,8,1000,attSpeed_global,+75%
21,Warlock,1,5,Chieftain,9,1,0,critChance_personal,+5%,Crusader|Skymage,33|20,1,0,killGold_global,+20%,Praetorian,36,2,15,skillCd_global,-5%,Deadeye|Veteran,40|41,2,15,damage_global,+60%,Sovereign,38,3,50,skillDuration_personal,+8,Militia|Captain,0|34,3,50,killExp_global,+35%,Spelldancer,19,4,100,skillPower_global,+1%,Elementalist|Deadeye,17|40,4,100,goldSuperAmount_global,+500%,Wizard,16,5,150,superCritDmg_global,+550%,Champion|Archer,10|27,5,150,damage_personal,+450%,Forester,26,6,250,skillCd_personal,-30%,Ninja|Gladiator,2|7,6,250,killGold_global,+275%,Sovereign,38,7,500,goldSuperAmount_global,+850%,Titan|Archer,37|27,7,500,expSuperAmount_global,+25%,Chieftain|Druid|Archer,9|13|27,8,1000,skillPower_personal,+30%,Warlord|Titan|Warlock,11|37|21,8,1000,energyIncome_global,+15
22,Templar,1,6,Captain,34,1,0,skillPower_personal,+2%,Champion|Warden,10|35,1,0,critDmg_personal,+50%,Deadeye,40,2,15,damage_global,+40%,Samurai|Skymage,5|20,2,15,killGold_global,+60%,Arbalest,29,3,50,skillCd_global,-8%,Druid|Scout,13|24,3,50,attSpeed_personal,+100%,Paladin,6,4,100,damage_personal,+300%,Sovereign|Forester,38|26,4,100,superCritChance_personal,+15%,Gladiator,7,5,150,energyIncome_global,+3,Dicemaster|Sniper,39|30,5,150,expSuperAmount_global,+12%,Sorcerer,14,6,250,killGold_global,+250%,Necromancer|Rogue,23|31,6,250,goldUltraChance_global,+3%,Veteran,41,7,500,expSuperAmount_global,+20%,Paladin|Berserker,6|8,7,500,energySuperAmount_global,+20%,Witch|Battlemage|Spelldancer,15|18|19,8,1000,skillPower_personal,+30%,Templar|Scout|Sniper,22|24|30,8,1000,energyIncome_global,+15
23,Necromancer,1,6,Warden,35,1,0,damage_personal,+25%,Warlord|Captain,11|34,1,0,skillDuration_personal,+3,Sniper,30,2,15,attSpeed_global,+10%,Witch|Hunter,15|25,2,15,critChance_global,+12%,Sorcerer,14,3,50,killGold_personal,+200%,Samurai|Hunter,5|25,3,50,critDmg_global,+100%,Veteran,41,4,100,energySuperChance_global,+1%,Viking|Titan,1|37,4,100,damage_global,+150%,Apprentice,12,5,150,killGold_personal,+400%,Militia|Arbalest,0|29,5,150,goldSuperAmount_personal,+1250%,Elementalist,17,6,250,ultraCritDmg_personal,+3750%,Templar|Rogue,22|31,6,250,energyIncome_global,+6,Praetorian,36,7,500,ultraBossDmg_global,+1400%,Witch|Warden,15|35,7,500,skillPower_personal,+20%,Viking|Wizard|Ballista,1|16|32,8,1000,bossDmg_global,+800%,Sorcerer|Forester|Deadeye,14|26|40,8,1000,ultraCritDmg_global,+3250%
24,Scout,2,1,Hunter,25,1,0,damage_personal,+25%,Militia|Viking,0|1,1,0,critChance_global,+4%,Paladin,6,2,15,killGold_personal,+100%,Ninja|Berserker,2|8,2,15,attSpeed_personal,+60%,Ballista,32,3,50,critDmg_global,+80%,Druid|Templar,13|22,3,50,skillCd_personal,-30%,Warlord,11,4,100,goldSuperAmount_global,+450%,Samurai|Warden,5|35,4,100,damage_global,+150%,Sorcerer,14,5,150,energyIncome_global,+3,Spelldancer|Ballista,19|32,5,150,superCritChance_personal,+25%,Peacekeeper,4,6,250,killGold_global,+250%,Elementalist|Dicemaster,17|39,6,250,expUltraAmount_global,+60%,Champion,10,7,500,goldSuperAmount_global,+850%,Praetorian|Hunter,36|25,7,500,goldSuperChance_global,+14%,Paladin|Hunter|Rogue,6|25|31,8,1000,goldUltraChance_global,+7%,Templar|Templar|Sniper,22|22|30,8,1000,battlepassExp_global,+1%
25,Hunter,2,1,Scout,24,1,0,killGold_global,+10%,Apprentice|Druid,12|13,1,0,skillCd_personal,-10%,Elementalist,17,2,15,damage_personal,+100%,Witch|Necromancer,15|23,2,15,killGold_global,+60%,Viking,1,3,50,skillPower_personal,+8%,Samurai|Necromancer,5|23,3,50,critChance_personal,+50%,Champion,10,4,100,damage_global,+125%,Arbalest|Captain,29|34,4,100,goldSuperChance_personal,+15%,Skymage,20,5,150,superCritChance_global,+8%,Assassin|Captain,3|34,5,150,killGold_personal,+450%,Crusader,33,6,250,skillPower_global,+5%,Berserker|Druid,8|13,6,250,goldUltraAmount_global,+2250%,Sniper,30,7,500,skillPower_global,+7%,Praetorian|Scout,36|24,7,500,goldSuperAmount_personal,+2000%,Paladin|Scout|Rogue,6|24|31,8,1000,skillPower_personal,+30%,Sovereign|Rogue|Crusader,38|31|33,8,1000,goldUltraAmount_global,+3250%
26,Forester,2,2,Witch,15,1,0,skillCd_personal,-5%,Assassin|Archer,3|27,1,0,attSpeed_personal,+25%,Captain,34,2,15,critDmg_global,+40%,Gladiator|Ranger,7|28,2,15,skillDuration_personal,+6,Elementalist,17,3,50,killGold_personal,+200%,Peacekeeper|Berserker,4|8,3,50,expSuperAmount_global,+3%,Rogue,31,4,100,superCritDmg_global,+450%,Templar|Sovereign,22|38,4,100,skillPower_global,+2%,Paladin,6,5,150,expSuperAmount_global,+10%,Ranger|Warden,28|35,5,150,damage_personal,+450%,Warlock,21,6,250,goldUltraAmount_personal,+3750%,Battlemage|Deadeye,18|40,6,250,killGold_global,+275%,Chieftain,9,7,500,superCritDmg_global,+850%,Viking|Veteran,1|41,7,500,damage_global,+350%,Samurai|Berserker|Ranger,5|8|28,8,1000,goldUltraAmount_global,+3000%,Sorcerer|Necromancer|Deadeye,14|23|40,8,1000,ultraCritChance_global,+8%
27,Archer,2,2,Sorcerer,14,1,0,killGold_global,+10%,Assassin|Forester,3|26,1,0,killExp_global,+3%,Chieftain,9,2,15,critChance_global,+8%,Spelldancer|Warden,19|35,2,15,damage_global,+60%,Warden,35,3,50,attSpeed_global,+22%,Ninja|Rogue,2|31,3,50,critDmg_personal,+250%,Captain,34,4,100,energySuperChance_global,+1%,Gladiator|Apprentice,7|12,4,100,killGold_personal,+350%,Crusader,33,5,150,skillPower_global,+3%,Champion|Warlock,10|21,5,150,goldSuperAmount_global,+625%,Deadeye,40,6,250,damage_personal,+500%,Militia|Titan,0|37,6,250,ultraCritDmg_global,+2250%,Ranger,28,7,500,expSuperAmount_global,+20%,Titan|Warlock,37|21,7,500,expSuperChance_global,+10%,Chieftain|Druid|Warlock,9|13|21,8,1000,expUltraChance_global,+7%,Viking|Ballista|Veteran,1|32|41,8,1000,skillPower_personal,+40%
28,Ranger,2,3,Peacekeeper,4,1,0,skillPower_personal,+2%,Elementalist|Arbalest,17|29,1,0,skillDuration_personal,+3,Dicemaster,39,2,15,attSpeed_global,+10%,Gladiator|Forester,7|26,2,15,killExp_global,+10%,Assassin,3,3,50,damage_personal,+200%,Skymage|Crusader,20|33,3,50,killGold_personal,+250%,Battlemage,18,4,100,energyIncome_global,+1,Witch|Ballista,15|32,4,100,superCritChance_personal,+15%,Ninja,2,5,150,goldSuperChance_global,+8%,Forester|Warden,26|35,5,150,superCritDmg_global,+625%,Wizard,16,6,250,killGold_global,+250%,Viking|Crusader,1|33,6,250,damage_global,+275%,Archer,27,7,500,skillPower_global,+7%,Dicemaster|Ballista,39|32,7,500,expSuperChance_global,+10%,Samurai|Berserker|Forester,5|8|26,8,1000,bossGold_global,+800%,Chieftain|Druid|Elementalist,9|13|17,8,1000,attSpeed_global,+75%
29,Arbalest,2,3,Samurai,5,1,0,skillCd_global,-2%,Elementalist|Ranger,17|28,1,0,critChance_personal,+10%,Druid,13,2,15,damage_global,+40%,Viking|Assassin,1|3,2,15,energyIncome_global,+1,Templar,22,3,50,killExp_global,+20%,Chieftain|Sniper,9|30,3,50,attSpeed_personal,+100%,Berserker,8,4,100,goldSuperAmount_personal,+850%,Hunter|Captain,25|34,4,100,killGold_personal,+350%,Sovereign,38,5,150,damage_personal,+400%,Militia|Necromancer,0|23,5,150,energySuperAmount_global,+8%,Titan,37,6,250,expUltraChance_global,+2%,Captain|Veteran,34|41,6,250,skillPower_global,+6%,Ninja,2,7,500,energySuperAmount_global,+15%,Militia|Spelldancer,0|19,7,500,powerMageEnergy_global,+12%,Peacekeeper|Warlord|Apprentice,4|11|12,8,1000,energyUltraAmount_global,+65%,Militia|Ninja|Captain,0|2|34,8,1000,skillPower_personal,+40%
30,Sniper,2,4,Rogue,31,1,0,damage_personal,+25%,Paladin|Spelldancer,6|19,1,0,critDmg_global,+20%,Necromancer,23,2,15,critChance_personal,+17%,Apprentice|Elementalist,12|17,2,15,attSpeed_global,+15%,Warlord,11,3,50,skillCd_personal,-25%,Chieftain|Arbalest,9|29,3,50,killGold_global,+100%,Warden,35,4,100,killGold_global,+125%,Paladin|Chieftain,6|9,4,100,superCritDmg_personal,+950%,Spelldancer,19,5,150,damage_personal,+400%,Templar|Dicemaster,22|39,5,150,damage_global,+200%,Champion,10,6,250,ultraCritChance_global,+2%,Praetorian|Apprentice,36|12,6,250,ultraCritDmg_personal,+4250%,Hunter,25,7,500,goldSuperAmount_global,+850%,Battlemage|Crusader,18|33,7,500,ultraBossDmg_global,+1600%,Champion|Skymage|Veteran,10|20|41,8,1000,attSpeed_personal,+175%,Templar|Templar|Scout,22|22|24,8,1000,ultraCritDmg_global,+3250%
31,Rogue,2,4,Sniper,30,1,0,attSpeed_global,+3%,Gladiator|Battlemage,7|18,1,0,damage_global,+20%,Ninja,2,2,15,skillCd_personal,-15%,Champion|Praetorian,10|36,2,15,killGold_global,+60%,Captain,34,3,50,critChance_global,+16%,Ninja|Archer,2|27,3,50,killExp_global,+35%,Forester,26,4,100,skillPower_global,+1%,Druid|Dicemaster,13|39,4,100,expSuperAmount_global,+7%,Veteran,41,5,150,energySuperChance_global,+3%,Peacekeeper|Apprentice,4|12,5,150,goldSuperChance_personal,+25%,Captain,34,6,250,killGold_personal,+500%,Templar|Necromancer,22|23,6,250,damage_personal,+600%,Elementalist,17,7,500,goldSuperAmount_global,+850%,Ninja|Assassin,2|3,7,500,skillPower_personal,+20%,Paladin|Scout|Hunter,6|24|25,8,1000,bossGold_global,+800%,Sovereign|Hunter|Crusader,38|25|33,8,1000,goldUltraAmount_global,+3250%
32,Ballista,2,5,Crusader,33,1,0,killGold_personal,+25%,Berserker|Chieftain,8|9,1,0,skillCd_global,-4%,Sovereign,38,2,15,critDmg_personal,+100%,Peacekeeper|Warlord,4|11,2,15,damage_personal,+150%,Scout,24,3,50,skillPower_personal,+8%,Battlemage|Warden,18|35,3,50,attSpeed_personal,+100%,Samurai,5,4,100,expSuperChance_global,+2%,Witch|Ranger,15|28,4,100,damage_global,+150%,Champion,10,5,150,killGold_global,+175%,Spelldancer|Scout,19|24,5,150,skillPower_global,+4%,Gladiator,7,6,250,energyUltraAmount_global,+25%,Sorcerer|Skymage,14|20,6,250,goldUltraChance_global,+3%,Militia,0,7,500,expSuperChance_global,+8%,Dicemaster|Ranger,39|28,7,500,expSuperAmount_global,+25%,Viking|Wizard|Necromancer,1|16|23,8,1000,skillPower_personal,+30%,Viking|Archer|Veteran,1|27|41,8,1000,expUltraChance_global,+10%
33,Crusader,2,5,Ballista,32,1,0,skillCd_global,-2%,Skymage|Warlock,20|21,1,0,attSpeed_global,+6%,Warlord,11,2,15,killGold_global,+40%,Paladin|Sorcerer,6|14,2,15,damage_personal,+150%,Titan,37,3,50,skillDuration_personal,+8,Skymage|Ranger,20|28,3,50,critChance_personal,+50%,Sovereign,38,4,100,skillPower_personal,+12%,Militia|Champion,0|10,4,100,energySuperAmount_global,+4%,Archer,27,5,150,goldSuperAmount_personal,+1100%,Praetorian|Sorcerer,36|14,5,150,killGold_personal,+450%,Hunter,25,6,250,skillDuration_personal,+10,Viking|Ranger,1|28,6,250,skillPower_global,+6%,Wizard,16,7,500,skillPower_personal,+15%,Battlemage|Sniper,18|30,7,500,goldSuperAmount_personal,+2000%,Sovereign|Crusader|Crusader,38|33|33,8,1000,goldUltraChance_global,+7%,Sovereign|Hunter|Rogue,38|25|31,8,1000,attSpeed_personal,+200%
34,Captain,2,6,Templar,22,1,0,critDmg_global,+10%,Warlord|Necromancer,11|23,1,0,skillPower_personal,+3%,Forester,26,2,15,skillDuration_personal,+5,Chieftain|Sovereign,9|38,2,15,killGold_personal,+150%,Rogue,31,3,50,attSpeed_personal,+80%,Militia|Warlock,0|21,3,50,damage_global,+100%,Archer,27,4,100,goldSuperChance_personal,+10%,Hunter|Arbalest,25|29,4,100,killGold_global,+150%,Druid,13,5,150,expSuperAmount_global,+10%,Assassin|Hunter,3|25,5,150,superCritChance_global,+10%,Rogue,31,6,250,energyIncome_global,+5,Arbalest|Veteran,29|41,6,250,damage_personal,+600%,Peacekeeper,4,7,500,skillPower_personal,+15%,Samurai|Druid,5|13,7,500,energySuperChance_global,+6%,Militia|Gladiator|Sorcerer,0|7|14,8,1000,skillPower_personal,+30%,Militia|Ninja|Arbalest,0|2|29,8,1000,attSpeed_global,+75%
35,Warden,2,6,Necromancer,23,1,0,critChance_global,+2%,Champion|Templar,10|22,1,0,killExp_global,+3%,Titan,37,2,15,damage_global,+40%,Spelldancer|Archer,19|27,2,15,skillPower_personal,+6%,Archer,27,3,50,killGold_personal,+200%,Battlemage|Ballista,18|32,3,50,skillCd_global,-10%,Sniper,30,4,100,superCritDmg_personal,+850%,Samurai|Scout,5|24,4,100,skillPower_global,+2%,Elementalist,17,5,150,killGold_personal,+400%,Forester|Ranger,26|28,5,150,damage_personal,+450%,Militia,0,6,250,goldUltraChance_personal,+5%,Peacekeeper|Sovereign,4|38,6,250,energyUltraChance_global,+3%,Skymage,20,7,500,superCritDmg_global,+850%,Witch|Necromancer,15|23,7,500,attSpeed_personal,+150%,Ninja|Assassin|Elementalist,2|3|17,8,1000,skillPower_global,+12%,Peacekeeper|Gladiator|Berserker,4|7|8,8,1000,ultraCritDmg_global,+3250%
36,Praetorian,0,7,Sovereign,38,1,0,critChance_global,+2%,Titan|Deadeye,37|40,1,0,killGold_global,+20%,Warlock,21,2,15,damage_personal,+100%,Champion|Rogue,10|31,2,15,attSpeed_global,+15%,Dicemaster,39,3,50,skillPower_personal,+8%,Paladin|Veteran,6|41,3,50,skillCd_personal,-30%,Ninja,2,4,100,energyIncome_global,+1,Wizard|Battlemage,16|18,4,100,superCritChance_personal,+15%,Militia,0,5,150,superCritDmg_global,+550%,Sorcerer|Crusader,14|33,5,150,damage_global,+200%,Samurai,5,6,250,goldUltraAmount_global,+2000%,Apprentice|Sniper,12|30,6,250,ultraCritDmg_global,+2250%,Necromancer,23,7,500,attSpeed_personal,+125%,Scout|Hunter,24|25,7,500,skillPower_global,+8%,Titan|Dicemaster|Deadeye,37|39|40,8,1000,ultraCritDmg_global,+3000%,Assassin|Wizard|Spelldancer,3|16|19,8,1000,ultraCritChance_personal,+20%
37,Titan,0,7,Veteran,41,1,0,skillDuration_personal,+2,Praetorian|Deadeye,36|40,1,0,skillCd_global,-4%,Warden,35,2,15,attSpeed_global,+10%,Wizard|Dicemaster,16|39,2,15,killGold_personal,+150%,Crusader,33,3,50,critDmg_personal,+200%,Sovereign|Deadeye,38|40,3,50,damage_global,+100%,Apprentice,12,4,100,superCritDmg_personal,+850%,Viking|Necromancer,1|23,4,100,killGold_global,+150%,Warlord,11,5,150,skillPower_personal,+12%,Berserker|Wizard,8|16,5,150,energyIncome_global,+4,Arbalest,29,6,250,damage_personal,+500%,Militia|Archer,0|27,6,250,killGold_personal,+600%,Witch,15,7,500,damage_global,+300%,Warlock|Archer,21|27,7,500,skillPower_global,+8%,Praetorian|Dicemaster|Deadeye,36|39|40,8,1000,skillPower_personal,+30%,Warlord|Warlock|Warlock,11|21|21,8,1000,ultraCritDmg_global,+3250%
38,Sovereign,1,7,Praetorian,36,1,0,skillCd_personal,-5%,Dicemaster|Veteran,39|41,1,0,damage_global,+20%,Ballista,32,2,15,critDmg_global,+40%,Chieftain|Captain,9|34,2,15,killGold_personal,+150%,Warlock,21,3,50,skillPower_personal,+8%,Titan|Deadeye,37|40,3,50,skillPower_global,+1%,Crusader,33,4,100,killGold_global,+125%,Templar|Forester,22|26,4,100,goldSuperChance_global,+6%,Arbalest,29,5,150,superCritChance_global,+8%,Witch|Battlemage,15|18,5,150,energyIncome_global,+4,Berserker,8,6,250,expUltraAmount_global,+45%,Peacekeeper|Warden,4|35,6,250,damage_personal,+600%,Warlock,21,7,500,skillPower_global,+7%,Chieftain|Elementalist,9|17,7,500,goldSuperAmount_global,+925%,Crusader|Crusader|Crusader,33|33|33,8,1000,goldUltraAmount_global,+3000%,Hunter|Rogue|Crusader,25|31|33,8,1000,skillPower_personal,+40%
39,Dicemaster,1,7,Deadeye,40,1,0,attSpeed_personal,+10%,Sovereign|Veteran,38|41,1,0,skillCd_global,-4%,Ranger,28,2,15,skillDuration_personal,+5,Titan|Wizard,37|16,2,15,damage_personal,+150%,Praetorian,36,3,50,critChance_global,+16%,Viking|Sorcerer,1|14,3,50,killGold_global,+100%,Skymage,20,4,100,energyIncome_global,+1,Druid|Rogue,13|31,4,100,superCritDmg_global,+500%,Assassin,3,5,150,damage_global,+175%,Templar|Sniper,22|30,5,150,killGold_personal,+450%,Warlord,11,6,250,goldUltraChance_personal,+5%,Elementalist|Scout,17|24,6,250,ultraCritChance_global,+3%,Apprentice,12,7,500,damage_personal,+700%,Ranger|Ballista,28|32,7,500,expSuperAmount_global,+25%,Praetorian|Titan|Deadeye,36|37|40,8,1000,attSpeed_global,+60%,Apprentice|Witch|Skymage,12|15|20,8,1000,ultraCritDmg_personal,+6500%
40,Deadeye,2,7,Dicemaster,39,1,0,skillCd_personal,-5%,Praetorian|Titan,36|37,1,0,damage_personal,+50%,Templar,22,2,15,skillPower_personal,+5%,Warlock|Veteran,21|41,2,15,critChance_personal,+25%,Samurai,5,3,50,killGold_global,+80%,Titan|Sovereign,37|38,3,50,attSpeed_global,+30%,Wizard,16,4,100,damage_global,+125%,Elementalist|Warlock,17|21,4,100,goldSuperAmount_global,+500%,Viking,1,5,150,damage_global,+175%,Gladiator|Skymage,7|20,5,150,superCritChance_global,+10%,Archer,27,6,250,ultraCritChance_personal,+5%,Battlemage|Forester,18|26,6,250,killGold_global,+275%,Assassin,3,7,500,skillPower_personal,+15%,Champion|Apprentice,10|12,7,500,superCritDmg_personal,+2000%,Praetorian|Titan|Dicemaster,36|37|39,8,1000,ultraCritChance_global,+7%,Sorcerer|Necromancer|Forester,14|23|26,8,1000,attSpeed_personal,+200%
41,Veteran,2,7,Titan,37,1,0,skillDuration_personal,+2,Sovereign|Dicemaster,38|39,1,0,killGold_personal,+50%,Berserker,8,2,15,skillPower_personal,+5%,Warlock|Deadeye,21|40,2,15,critDmg_personal,+150%,Battlemage,18,3,50,damage_global,+80%,Paladin|Praetorian,6|36,3,50,skillCd_global,-10%,Necromancer,23,4,100,damage_personal,+300%,Warlord|Skymage,11|20,4,100,expSuperAmount_global,+7%,Rogue,31,5,150,superCritDmg_personal,+1100%,Ninja|Chieftain,2|9,5,150,expSuperChance_global,+7%,Spelldancer,19,6,250,killGold_personal,+500%,Arbalest|Captain,29|34,6,250,energyIncome_global,+6,Templar,22,7,500,bossExp_global,+20%,Viking|Forester,1|26,7,500,expSuperAmount_global,+25%,Champion|Skymage|Sniper,10|20|30,8,1000,skillPower_global,+12%,Viking|Archer|Ballista,1|27|32,8,1000,expUltraAmount_global,+125%
