hero_id,hero_name,hero_class,hero_rarity,synergy_num,tier,rank_required,required_count_excluding_self,active_heroes_needed_including_self,required_hero_ids,required_hero_names,required_hero_classes,required_hero_rarities,required_hero_path_ids,synergy_upgrade_id,synergy_upgrade_name,base_bonus_value,base_bonus_raw,base_bonus_text,missing_refs
0,Militia,0,1,1,1,0,1,2,12,Apprentice,1,1,277314,0,damage_global,10,10.0,+10%,
0,Militia,0,1,2,1,0,2,3,1|24,Viking|Scout,0|2,1|1,305535|317780,12,skillCd_personal,10,10.0,-10%,
0,Militia,0,1,3,2,15,1,2,4,Peacekeeper,0,3,316916,15,killGold_personal,100,100.0,+100%,
0,Militia,0,1,4,2,15,2,3,13|18,Druid|Battlemage,1|1,1|4,285341|309008,0,damage_global,60,60.0,+60%,
0,Militia,0,1,5,3,50,1,2,7,Gladiator,0,4,295526,5,critChance_global,16,16.0,+16%,
0,Militia,0,1,6,3,50,2,3,21|34,Warlock|Captain,1|2,5|6,287059|313636,3,attSpeed_personal,100,100.0,+100%,
0,Militia,0,1,7,4,100,1,2,15,Witch,1,2,318062,40,energyIncome_global,1,1.0,+1,
0,Militia,0,1,8,4,100,2,3,10|33,Champion|Crusader,0|2,6|5,300301|314873,24,goldSuperChance_global,6,6.0,+6%,
0,Militia,0,1,9,5,150,1,2,36,Praetorian,0,7,318494,33,expSuperAmount_global,10,10.0,+10%,
0,Militia,0,1,10,5,150,2,3,23|29,Necromancer|Arbalest,1|2,6|3,278537|305299,17,superCritChance_personal,25,25.0,+25%,
0,Militia,0,1,11,6,250,1,2,35,Warden,2,6,302043,15,killGold_personal,500,500.0,+500%,
0,Militia,0,1,12,6,250,2,3,37|27,Titan|Archer,0|2,7|2,299058|284600,1,damage_personal,600,600.0,+600%,
0,Militia,0,1,13,7,500,1,2,32,Ballista,2,5,317683,33,expSuperAmount_global,20,20.0,+20%,
0,Militia,0,1,14,7,500,2,3,19|29,Spelldancer|Arbalest,1|2,4|3,271770|305299,40,energyIncome_global,8,8.0,+8,
0,Militia,0,1,15,8,1000,3,4,7|14|34,Gladiator|Sorcerer|Captain,0|1|2,4|2|6,295526|311478|313636,40,energyIncome_global,10,10.0,+10,
0,Militia,0,1,16,8,1000,3,4,2|29|34,Ninja|Arbalest|Captain,0|2|2,2|3|6,312627|305299|313636,39,energyUltraAmount_global,75,75.0,+75%,
1,Viking,0,1,1,1,0,1,2,13,Druid,1,1,285341,3,attSpeed_personal,10,10.0,+10%,
1,Viking,0,1,2,1,0,2,3,0|24,Militia|Scout,0|2,1|1,306419|317780,14,killExp_global,3,3.0,+3%,
1,Viking,0,1,3,2,15,1,2,19,Spelldancer,1,4,271770,8,critDmg_personal,100,100.0,+100%,
1,Viking,0,1,4,2,15,2,3,3|29,Assassin|Arbalest,0|2,2|3,296877|305299,11,skillCd_global,7,7.0,-7%,
1,Viking,0,1,5,3,50,1,2,25,Hunter,2,1,294026,41,skillPower_global,1,1.0,+1%,
1,Viking,0,1,6,3,50,2,3,14|39,Sorcerer|Dicemaster,1|1,2|7,311478|319449,1,damage_personal,250,250.0,+250%,
1,Viking,0,1,7,4,100,1,2,7,Gladiator,0,4,295526,19,superCritDmg_personal,850,850.0,+850%,
1,Viking,0,1,8,4,100,2,3,37|23,Titan|Necromancer,0|1,7|6,299058|278537,13,killGold_global,150,150.0,+150%,
1,Viking,0,1,9,5,150,1,2,40,Deadeye,2,7,310314,16,superCritChance_global,8,8.0,+8%,
1,Viking,0,1,10,5,150,2,3,5|17,Samurai|Elementalist,0|1,3|3,280121|274390,27,goldSuperAmount_personal,1250,1250.0,+1250%,
1,Viking,0,1,11,6,250,1,2,9,Chieftain,0,5,314374,0,damage_global,250,250.0,+250%,
1,Viking,0,1,12,6,250,2,3,28|33,Ranger|Crusader,2|2,3|5,304705|314873,41,skillPower_global,6,6.0,+6%,
1,Viking,0,1,13,7,500,1,2,11,Warlord,0,6,301908,49,ultraBossDmg_global,1400,1400.0,+1400%,
1,Viking,0,1,14,7,500,2,3,26|41,Forester|Veteran,2|2,2|7,314946|280126,41,skillPower_global,8,8.0,+8%,
1,Viking,0,1,15,8,1000,3,4,16|23|32,Wizard|Necromancer|Ballista,1|1|2,3|6|5,300064|278537|317683,44,bossExp_global,40,40.0,+40%,
1,Viking,0,1,16,8,1000,3,4,27|32|41,Archer|Ballista|Veteran,2|2|2,2|5|7,284600|317683|280126,41,skillPower_global,15,15.0,+15%,
2,Ninja,0,2,1,1,0,1,2,3,Assassin,0,2,296877,1,damage_personal,25,25.0,+25%,
2,Ninja,0,2,2,1,0,2,3,14|15,Sorcerer|Witch,1|1,2|2,311478|318062,8,critDmg_personal,50,50.0,+50%,
2,Ninja,0,2,3,2,15,1,2,31,Rogue,2,4,316887,5,critChance_global,8,8.0,+8%,
2,Ninja,0,2,4,2,15,2,3,8|24,Berserker|Scout,0|2,5|1,289330|317780,10,skillDuration_personal,6,6.0,+6,
2,Ninja,0,2,5,3,50,1,2,16,Wizard,1,3,300064,13,killGold_global,80,80.0,+80%,
2,Ninja,0,2,6,3,50,2,3,27|31,Archer|Rogue,2|2,2|4,284600|316887,2,attSpeed_global,30,30.0,+30%,
2,Ninja,0,2,7,4,100,1,2,36,Praetorian,0,7,318494,0,damage_global,125,125.0,+125%,
2,Ninja,0,2,8,4,100,2,3,4|19,Peacekeeper|Spelldancer,0|1,3|4,316916|271770,32,expSuperChance_global,4,4.0,+4%,
2,Ninja,0,2,9,5,150,1,2,28,Ranger,2,3,304705,41,skillPower_global,3,3.0,+3%,
2,Ninja,0,2,10,5,150,2,3,9|41,Chieftain|Veteran,0|2,5|7,314374|280126,36,energySuperChance_global,4,4.0,+4%,
2,Ninja,0,2,11,6,250,1,2,12,Apprentice,1,1,277314,28,goldUltraChance_global,2,2.0,+2%,
2,Ninja,0,2,12,6,250,2,3,7|21,Gladiator|Warlock,0|1,4|5,295526|287059,15,killGold_personal,600,600.0,+600%,
2,Ninja,0,2,13,7,500,1,2,29,Arbalest,2,3,305299,36,energySuperChance_global,5,5.0,+5%,
2,Ninja,0,2,14,7,500,2,3,3|31,Assassin|Rogue,0|2,2|4,296877|316887,24,goldSuperChance_global,14,14.0,+14%,
2,Ninja,0,2,15,8,1000,3,4,3|17|35,Assassin|Elementalist|Warden,0|1|2,2|3|6,296877|274390|302043,42,bossGold_personal,2250,2250.0,+2250%,
2,Ninja,0,2,16,8,1000,3,4,0|29|34,Militia|Arbalest|Captain,0|2|2,1|3|6,306419|305299|313636,40,energyIncome_global,15,15.0,+15,
3,Assassin,0,2,1,1,0,1,2,2,Ninja,0,2,312627,6,critChance_personal,5,5.0,+5%,
3,Assassin,0,2,2,1,0,2,3,26|27,Forester|Archer,2|2,2|2,314946|284600,12,skillCd_personal,10,10.0,-10%,
3,Assassin,0,2,3,2,15,1,2,7,Gladiator,0,4,295526,2,attSpeed_global,10,10.0,+10%,
3,Assassin,0,2,4,2,15,2,3,1|29,Viking|Arbalest,0|2,1|3,305535|305299,8,critDmg_personal,150,150.0,+150%,
3,Assassin,0,2,5,3,50,1,2,28,Ranger,2,3,304705,1,damage_personal,200,200.0,+200%,
3,Assassin,0,2,6,3,50,2,3,12|19,Apprentice|Spelldancer,1|1,1|4,277314|271770,15,killGold_personal,250,250.0,+250%,
3,Assassin,0,2,7,4,100,1,2,4,Peacekeeper,0,3,316916,13,killGold_global,125,125.0,+125%,
3,Assassin,0,2,8,4,100,2,3,8|14,Berserker|Sorcerer,0|1,5|2,289330|311478,40,energyIncome_global,2,2.0,+2,
3,Assassin,0,2,9,5,150,1,2,39,Dicemaster,1,7,319449,0,damage_global,175,175.0,+175%,
3,Assassin,0,2,10,5,150,2,3,25|34,Hunter|Captain,2|2,1|6,294026|313636,18,superCritDmg_global,625,625.0,+625%,
3,Assassin,0,2,11,6,250,1,2,20,Skymage,1,5,280408,34,expUltraChance_global,2,2.0,+2%,
3,Assassin,0,2,12,6,250,2,3,11|16,Warlord|Wizard,0|1,6|3,301908|300064,21,ultraCritChance_personal,7,7.0,+7%,
3,Assassin,0,2,13,7,500,1,2,40,Deadeye,2,7,310314,0,damage_global,300,300.0,+300%,
3,Assassin,0,2,14,7,500,2,3,2|31,Ninja|Rogue,0|2,2|4,312627|316887,49,ultraBossDmg_global,1600,1600.0,+1600%,
3,Assassin,0,2,15,8,1000,3,4,2|17|35,Ninja|Elementalist|Warden,0|1|2,2|3|6,312627|274390|302043,22,ultraCritDmg_global,3000,3000.0,+3000%,
3,Assassin,0,2,16,8,1000,3,4,36|16|19,Praetorian|Wizard|Spelldancer,0|1|1,7|3|4,318494|300064|271770,2,attSpeed_global,75,75.0,+75%,
4,Peacekeeper,0,3,1,1,0,1,2,28,Ranger,2,3,304705,13,killGold_global,10,10.0,+10%,
4,Peacekeeper,0,3,2,1,0,2,3,5|16,Samurai|Wizard,0|1,3|3,280121|300064,7,critDmg_global,20,20.0,+20%,
4,Peacekeeper,0,3,3,2,15,1,2,0,Militia,0,1,306419,9,skillPower_personal,5,5.0,+5%,
4,Peacekeeper,0,3,4,2,15,2,3,11|32,Warlord|Ballista,0|2,6|5,301908|317683,0,damage_global,60,60.0,+60%,
4,Peacekeeper,0,3,5,3,50,1,2,9,Chieftain,0,5,314374,11,skillCd_global,8,8.0,-8%,
4,Peacekeeper,0,3,6,3,50,2,3,8|26,Berserker|Forester,0|2,5|2,289330|314946,32,expSuperChance_global,1,1.0,+1%,
4,Peacekeeper,0,3,7,4,100,1,2,3,Assassin,0,2,296877,1,damage_personal,300,300.0,+300%,
4,Peacekeeper,0,3,8,4,100,2,3,2|19,Ninja|Spelldancer,0|1,2|4,312627|271770,33,expSuperAmount_global,7,7.0,+7%,
4,Peacekeeper,0,3,9,5,150,1,2,15,Witch,1,2,318062,15,killGold_personal,400,400.0,+400%,
4,Peacekeeper,0,3,10,5,150,2,3,12|31,Apprentice|Rogue,1|2,1|4,277314|316887,41,skillPower_global,4,4.0,+4%,
4,Peacekeeper,0,3,11,6,250,1,2,24,Scout,2,1,317780,22,ultraCritDmg_global,2000,2000.0,+2000%,
4,Peacekeeper,0,3,12,6,250,2,3,38|35,Sovereign|Warden,1|2,7|6,309440|302043,38,energyUltraChance_global,3,3.0,+3%,
4,Peacekeeper,0,3,13,7,500,1,2,34,Captain,2,6,313636,0,damage_global,300,300.0,+300%,
4,Peacekeeper,0,3,14,7,500,2,3,7|11,Gladiator|Warlord,0|0,4|6,295526|301908,37,energySuperAmount_global,20,20.0,+20%,
4,Peacekeeper,0,3,15,8,1000,3,4,11|12|29,Warlord|Apprentice|Arbalest,0|1|2,6|1|3,301908|277314|305299,1,damage_personal,1000,1000.0,+1000%,
4,Peacekeeper,0,3,16,8,1000,3,4,7|8|35,Gladiator|Berserker|Warden,0|0|2,4|5|6,295526|289330|302043,47,alienTech_global,3,3.0,+3%,
5,Samurai,0,3,1,1,0,1,2,29,Arbalest,2,3,305299,0,damage_global,10,10.0,+10%,
5,Samurai,0,3,2,1,0,2,3,4|16,Peacekeeper|Wizard,0|1,3|3,316916|300064,6,critChance_personal,10,10.0,+10%,
5,Samurai,0,3,3,2,15,1,2,15,Witch,1,2,318062,10,skillDuration_personal,5,5.0,+5,
5,Samurai,0,3,4,2,15,2,3,20|22,Skymage|Templar,1|1,5|6,280408|304679,13,killGold_global,60,60.0,+60%,
5,Samurai,0,3,5,3,50,1,2,40,Deadeye,2,7,310314,7,critDmg_global,80,80.0,+80%,
5,Samurai,0,3,6,3,50,2,3,23|25,Necromancer|Hunter,1|2,6|1,278537|294026,3,attSpeed_personal,100,100.0,+100%,
5,Samurai,0,3,7,4,100,1,2,32,Ballista,2,5,317683,32,expSuperChance_global,2,2.0,+2%,
5,Samurai,0,3,8,4,100,2,3,24|35,Scout|Warden,2|2,1|6,317780|302043,19,superCritDmg_personal,950,950.0,+950%,
5,Samurai,0,3,9,5,150,1,2,8,Berserker,0,5,289330,24,goldSuperChance_global,8,8.0,+8%,
5,Samurai,0,3,10,5,150,2,3,1|17,Viking|Elementalist,0|1,1|3,305535|274390,1,damage_personal,450,450.0,+450%,
5,Samurai,0,3,11,6,250,1,2,36,Praetorian,0,7,318494,40,energyIncome_global,5,5.0,+5,
5,Samurai,0,3,12,6,250,2,3,6|10,Paladin|Champion,0|0,4|6,283139|300301,13,killGold_global,275,275.0,+275%,
5,Samurai,0,3,13,7,500,1,2,7,Gladiator,0,4,295526,36,energySuperChance_global,5,5.0,+5%,
5,Samurai,0,3,14,7,500,2,3,13|34,Druid|Captain,1|2,1|6,285341|313636,41,skillPower_global,8,8.0,+8%,
5,Samurai,0,3,15,8,1000,3,4,8|26|28,Berserker|Forester|Ranger,0|2|2,5|2|3,289330|314946|304705,41,skillPower_global,12,12.0,+12%,
5,Samurai,0,3,16,8,1000,3,4,6|10|18,Paladin|Champion|Battlemage,0|0|1,4|6|4,283139|300301|309008,22,ultraCritDmg_global,3250,3250.0,+3250%,
6,Paladin,0,4,1,1,0,1,2,7,Gladiator,0,4,295526,9,skillPower_personal,2,2.0,+2%,
6,Paladin,0,4,2,1,0,2,3,19|30,Spelldancer|Sniper,1|2,4|4,271770|312907,15,killGold_personal,50,50.0,+50%,
6,Paladin,0,4,3,2,15,1,2,24,Scout,2,1,317780,2,attSpeed_global,10,10.0,+10%,
6,Paladin,0,4,4,2,15,2,3,14|33,Sorcerer|Crusader,1|2,2|5,311478|314873,14,killExp_global,10,10.0,+10%,
6,Paladin,0,4,5,3,50,1,2,15,Witch,1,2,318062,10,skillDuration_personal,8,8.0,+8,
6,Paladin,0,4,6,3,50,2,3,36|41,Praetorian|Veteran,0|2,7|7,318494|280126,8,critDmg_personal,250,250.0,+250%,
6,Paladin,0,4,7,4,100,1,2,22,Templar,1,6,304679,25,goldSuperChance_personal,10,10.0,+10%,
6,Paladin,0,4,8,4,100,2,3,9|30,Chieftain|Sniper,0|2,5|4,314374|312907,37,energySuperAmount_global,4,4.0,+4%,
6,Paladin,0,4,9,5,150,1,2,26,Forester,2,2,314946,33,expSuperAmount_global,10,10.0,+10%,
6,Paladin,0,4,10,5,150,2,3,11|13,Warlord|Druid,0|1,6|1,301908|285341,15,killGold_personal,450,450.0,+450%,
6,Paladin,0,4,11,6,250,1,2,18,Battlemage,1,4,309008,1,damage_personal,500,500.0,+500%,
6,Paladin,0,4,12,6,250,2,3,5|10,Samurai|Champion,0|0,3|6,280121|300301,41,skillPower_global,6,6.0,+6%,
6,Paladin,0,4,13,7,500,1,2,14,Sorcerer,1,2,311478,26,goldSuperAmount_global,850,850.0,+850%,
6,Paladin,0,4,14,7,500,2,3,8|22,Berserker|Templar,0|1,5|6,289330|304679,36,energySuperChance_global,6,6.0,+6%,
6,Paladin,0,4,15,8,1000,3,4,24|25|31,Scout|Hunter|Rogue,2|2|2,1|1|4,317780|294026|316887,30,goldUltraAmount_global,3000,3000.0,+3000%,
6,Paladin,0,4,16,8,1000,3,4,5|10|18,Samurai|Champion|Battlemage,0|0|1,3|6|4,280121|300301|309008,46,shadowRunes_personal,2,2.0,+2%,
7,Gladiator,0,4,1,1,0,1,2,6,Paladin,0,4,283139,8,critDmg_personal,25,25.0,+25%,
7,Gladiator,0,4,2,1,0,2,3,18|31,Battlemage|Rogue,1|2,4|4,309008|316887,1,damage_personal,50,50.0,+50%,
7,Gladiator,0,4,3,2,15,1,2,3,Assassin,0,2,296877,11,skillCd_global,5,5.0,-5%,
7,Gladiator,0,4,4,2,15,2,3,26|28,Forester|Ranger,2|2,2|3,314946|304705,3,attSpeed_personal,60,60.0,+60%,
7,Gladiator,0,4,5,3,50,1,2,0,Militia,0,1,306419,15,killGold_personal,200,200.0,+200%,
7,Gladiator,0,4,6,3,50,2,3,10|17,Champion|Elementalist,0|1,6|3,300301|274390,5,critChance_global,20,20.0,+20%,
7,Gladiator,0,4,7,4,100,1,2,1,Viking,0,1,305535,13,killGold_global,125,125.0,+125%,
7,Gladiator,0,4,8,4,100,2,3,12|27,Apprentice|Archer,1|2,1|2,277314|284600,0,damage_global,150,150.0,+150%,
7,Gladiator,0,4,9,5,150,1,2,22,Templar,1,6,304679,40,energyIncome_global,3,3.0,+3,
7,Gladiator,0,4,10,5,150,2,3,20|40,Skymage|Deadeye,1|2,5|7,280408|310314,26,goldSuperAmount_global,625,625.0,+625%,
7,Gladiator,0,4,11,6,250,1,2,32,Ballista,2,5,317683,35,expUltraAmount_global,45,45.0,+45%,
7,Gladiator,0,4,12,6,250,2,3,2|21,Ninja|Warlock,0|1,2|5,312627|287059,23,ultraCritDmg_personal,4250,4250.0,+4250%,
7,Gladiator,0,4,13,7,500,1,2,5,Samurai,0,3,280121,37,energySuperAmount_global,15,15.0,+15%,
7,Gladiator,0,4,14,7,500,2,3,4|11,Peacekeeper|Warlord,0|0,3|6,316916|301908,40,energyIncome_global,8,8.0,+8,
7,Gladiator,0,4,15,8,1000,3,4,0|14|34,Militia|Sorcerer|Captain,0|1|2,1|2|6,306419|311478|313636,38,energyUltraChance_global,7,7.0,+7%,
7,Gladiator,0,4,16,8,1000,3,4,4|8|35,Peacekeeper|Berserker|Warden,0|0|2,3|5|6,316916|289330|302043,2,attSpeed_global,75,75.0,+75%,
8,Berserker,0,5,1,1,0,1,2,20,Skymage,1,5,280408,0,damage_global,10,10.0,+10%,
8,Berserker,0,5,2,1,0,2,3,9|32,Chieftain|Ballista,0|2,5|5,314374|317683,7,critDmg_global,20,20.0,+20%,
8,Berserker,0,5,3,2,15,1,2,41,Veteran,2,7,280126,32,expSuperChance_global,1,1.0,+1%,
8,Berserker,0,5,4,2,15,2,3,2|24,Ninja|Scout,0|2,2|1,312627|317780,9,skillPower_personal,6,6.0,+6%,
8,Berserker,0,5,5,3,50,1,2,12,Apprentice,1,1,277314,2,attSpeed_global,22,22.0,+22%,
8,Berserker,0,5,6,3,50,2,3,4|26,Peacekeeper|Forester,0|2,3|2,316916|314946,14,killExp_global,35,35.0,+35%,
8,Berserker,0,5,7,4,100,1,2,29,Arbalest,2,3,305299,16,superCritChance_global,4,4.0,+4%,
8,Berserker,0,5,8,4,100,2,3,3|14,Assassin|Sorcerer,0|1,2|2,296877|311478,41,skillPower_global,2,2.0,+2%,
8,Berserker,0,5,9,5,150,1,2,5,Samurai,0,3,280121,1,damage_personal,400,400.0,+400%,
8,Berserker,0,5,10,5,150,2,3,37|16,Titan|Wizard,0|1,7|3,299058|300064,15,killGold_personal,450,450.0,+450%,
8,Berserker,0,5,11,6,250,1,2,38,Sovereign,1,7,309440,29,goldUltraChance_personal,5,5.0,+5%,
8,Berserker,0,5,12,6,250,2,3,13|25,Druid|Hunter,1|2,1|1,285341|294026,39,energyUltraAmount_global,35,35.0,+35%,
8,Berserker,0,5,13,7,500,1,2,18,Battlemage,1,4,309008,0,damage_global,300,300.0,+300%,
8,Berserker,0,5,14,7,500,2,3,6|22,Paladin|Templar,0|1,4|6,283139|304679,40,energyIncome_global,8,8.0,+8,
8,Berserker,0,5,15,8,1000,3,4,5|26|28,Samurai|Forester|Ranger,0|2|2,3|2|3,280121|314946|304705,0,damage_global,400,400.0,+400%,
8,Berserker,0,5,16,8,1000,3,4,4|7|35,Peacekeeper|Gladiator|Warden,0|0|2,3|4|6,316916|295526|302043,20,ultraCritChance_global,8,8.0,+8%,
9,Chieftain,0,5,1,1,0,1,2,21,Warlock,1,5,287059,11,skillCd_global,2,2.0,-2%,
9,Chieftain,0,5,2,1,0,2,3,8|32,Berserker|Ballista,0|2,5|5,289330|317683,3,attSpeed_personal,25,25.0,+25%,
9,Chieftain,0,5,3,2,15,1,2,27,Archer,2,2,284600,5,critChance_global,8,8.0,+8%,
9,Chieftain,0,5,4,2,15,2,3,38|34,Sovereign|Captain,1|2,7|6,309440|313636,7,critDmg_global,60,60.0,+60%,
9,Chieftain,0,5,5,3,50,1,2,4,Peacekeeper,0,3,316916,13,killGold_global,80,80.0,+80%,
9,Chieftain,0,5,6,3,50,2,3,29|30,Arbalest|Sniper,2|2,3|4,305299|312907,1,damage_personal,250,250.0,+250%,
9,Chieftain,0,5,7,4,100,1,2,13,Druid,1,1,285341,37,energySuperAmount_global,2,2.0,+2%,
9,Chieftain,0,5,8,4,100,2,3,6|30,Paladin|Sniper,0|2,4|4,283139|312907,27,goldSuperAmount_personal,950,950.0,+950%,
9,Chieftain,0,5,9,5,150,1,2,18,Battlemage,1,4,309008,13,killGold_global,175,175.0,+175%,
9,Chieftain,0,5,10,5,150,2,3,2|41,Ninja|Veteran,0|2,2|7,312627|280126,32,expSuperChance_global,7,7.0,+7%,
9,Chieftain,0,5,11,6,250,1,2,1,Viking,0,1,305535,41,skillPower_global,5,5.0,+5%,
9,Chieftain,0,5,12,6,250,2,3,15|19,Witch|Spelldancer,1|1,2|4,318062|271770,0,damage_global,275,275.0,+275%,
9,Chieftain,0,5,13,7,500,1,2,26,Forester,2,2,314946,26,goldSuperAmount_global,850,850.0,+850%,
9,Chieftain,0,5,14,7,500,2,3,17|38,Elementalist|Sovereign,1|1,3|7,274390|309440,13,killGold_global,350,350.0,+350%,
9,Chieftain,0,5,15,8,1000,3,4,13|21|27,Druid|Warlock|Archer,1|1|2,1|5|2,285341|287059|284600,0,damage_global,400,400.0,+400%,
9,Chieftain,0,5,16,8,1000,3,4,13|17|28,Druid|Elementalist|Ranger,1|1|2,1|3|3,285341|274390|304705,11,skillCd_global,20,20.0,-20%,
10,Champion,0,6,1,1,0,1,2,11,Warlord,0,6,301908,15,killGold_personal,25,25.0,+25%,
10,Champion,0,6,2,1,0,2,3,22|35,Templar|Warden,1|2,6|6,304679|302043,2,attSpeed_global,6,6.0,+6%,
10,Champion,0,6,3,2,15,1,2,14,Sorcerer,1,2,311478,0,damage_global,40,40.0,+40%,
10,Champion,0,6,4,2,15,2,3,36|31,Praetorian|Rogue,0|2,7|4,318494|316887,12,skillCd_personal,20,20.0,-20%,
10,Champion,0,6,5,3,50,1,2,19,Spelldancer,1,4,271770,6,critChance_personal,35,35.0,+35%,
10,Champion,0,6,6,3,50,2,3,7|17,Gladiator|Elementalist,0|1,4|3,295526|274390,7,critDmg_global,100,100.0,+100%,
10,Champion,0,6,7,4,100,1,2,25,Hunter,2,1,294026,24,goldSuperChance_global,4,4.0,+4%,
10,Champion,0,6,8,4,100,2,3,0|33,Militia|Crusader,0|2,1|5,306419|314873,1,damage_personal,350,350.0,+350%,
10,Champion,0,6,9,5,150,1,2,32,Ballista,2,5,317683,15,killGold_personal,400,400.0,+400%,
10,Champion,0,6,10,5,150,2,3,21|27,Warlock|Archer,1|2,5|2,287059|284600,16,superCritChance_global,10,10.0,+10%,
10,Champion,0,6,11,6,250,1,2,30,Sniper,2,4,312907,40,energyIncome_global,5,5.0,+5,
10,Champion,0,6,12,6,250,2,3,5|6,Samurai|Paladin,0|0,3|4,280121|283139,34,expUltraChance_global,3,3.0,+3%,
10,Champion,0,6,13,7,500,1,2,24,Scout,2,1,317780,33,expSuperAmount_global,20,20.0,+20%,
10,Champion,0,6,14,7,500,2,3,12|40,Apprentice|Deadeye,1|2,1|7,277314|310314,41,skillPower_global,8,8.0,+8%,
10,Champion,0,6,15,8,1000,3,4,20|30|41,Skymage|Sniper|Veteran,1|2|2,5|4|7,280408|312907|280126,44,bossExp_global,40,40.0,+40%,
10,Champion,0,6,16,8,1000,3,4,5|6|18,Samurai|Paladin|Battlemage,0|0|1,3|4|4,280121|283139|309008,2,attSpeed_global,75,75.0,+75%,
11,Warlord,0,6,1,1,0,1,2,10,Champion,0,6,300301,3,attSpeed_personal,10,10.0,+10%,
11,Warlord,0,6,2,1,0,2,3,23|34,Necromancer|Captain,1|2,6|6,278537|313636,10,skillDuration_personal,3,3.0,+3,
11,Warlord,0,6,3,2,15,1,2,33,Crusader,2,5,314873,2,attSpeed_global,10,10.0,+10%,
11,Warlord,0,6,4,2,15,2,3,4|32,Peacekeeper|Ballista,0|2,3|5,316916|317683,8,critDmg_personal,150,150.0,+150%,
11,Warlord,0,6,5,3,50,1,2,30,Sniper,2,4,312907,0,damage_global,80,80.0,+80%,
11,Warlord,0,6,6,3,50,2,3,15|16,Witch|Wizard,1|1,2|3,318062|300064,6,critChance_personal,50,50.0,+50%,
11,Warlord,0,6,7,4,100,1,2,24,Scout,2,1,317780,1,damage_personal,300,300.0,+300%,
11,Warlord,0,6,8,4,100,2,3,20|41,Skymage|Veteran,1|2,5|7,280408|280126,41,skillPower_global,2,2.0,+2%,
11,Warlord,0,6,9,5,150,1,2,37,Titan,0,7,299058,16,superCritChance_global,8,8.0,+8%,
11,Warlord,0,6,10,5,150,2,3,6|13,Paladin|Druid,0|1,4|1,283139|285341,13,killGold_global,200,200.0,+200%,
11,Warlord,0,6,11,6,250,1,2,39,Dicemaster,1,7,319449,21,ultraCritChance_personal,5,5.0,+5%,
11,Warlord,0,6,12,6,250,2,3,3|16,Assassin|Wizard,0|1,2|3,296877|300064,31,goldUltraAmount_personal,4250,4250.0,+4250%,
11,Warlord,0,6,13,7,500,1,2,1,Viking,0,1,305535,0,damage_global,300,300.0,+300%,
11,Warlord,0,6,14,7,500,2,3,4|7,Peacekeeper|Gladiator,0|0,3|4,316916|295526,49,ultraBossDmg_global,1600,1600.0,+1600%,
11,Warlord,0,6,15,8,1000,3,4,4|12|29,Peacekeeper|Apprentice|Arbalest,0|1|2,3|1|3,316916|277314|305299,40,energyIncome_global,10,10.0,+10,
11,Warlord,0,6,16,8,1000,3,4,37|21|21,Titan|Warlock|Warlock,0|1|1,7|5|5,299058|287059|287059,39,energyUltraAmount_global,75,75.0,+75%,
12,Apprentice,1,1,1,1,0,1,2,0,Militia,0,1,306419,2,attSpeed_global,3,3.0,+3%,
12,Apprentice,1,1,2,1,0,2,3,13|25,Druid|Hunter,1|2,1|1,285341|294026,11,skillCd_global,4,4.0,-4%,
12,Apprentice,1,1,3,2,15,1,2,20,Skymage,1,5,280408,7,critDmg_global,40,40.0,+40%,
12,Apprentice,1,1,4,2,15,2,3,17|30,Elementalist|Sniper,1|2,3|4,274390|312907,0,damage_global,60,60.0,+60%,
12,Apprentice,1,1,5,3,50,1,2,8,Berserker,0,5,289330,15,killGold_personal,200,200.0,+200%,
12,Apprentice,1,1,6,3,50,2,3,3|19,Assassin|Spelldancer,0|1,2|4,296877|271770,5,critChance_global,20,20.0,+20%,
12,Apprentice,1,1,7,4,100,1,2,37,Titan,0,7,299058,32,expSuperChance_global,2,2.0,+2%,
12,Apprentice,1,1,8,4,100,2,3,7|27,Gladiator|Archer,0|2,4|2,295526|284600,37,energySuperAmount_global,4,4.0,+4%,
12,Apprentice,1,1,9,5,150,1,2,23,Necromancer,1,6,278537,27,goldSuperAmount_personal,1100,1100.0,+1100%,
12,Apprentice,1,1,10,5,150,2,3,4|31,Peacekeeper|Rogue,0|2,3|4,316916|316887,0,damage_global,200,200.0,+200%,
12,Apprentice,1,1,11,6,250,1,2,2,Ninja,0,2,312627,41,skillPower_global,5,5.0,+5%,
12,Apprentice,1,1,12,6,250,2,3,36|30,Praetorian|Sniper,0|2,7|4,318494|312907,13,killGold_global,275,275.0,+275%,
12,Apprentice,1,1,13,7,500,1,2,39,Dicemaster,1,7,319449,9,skillPower_personal,15,15.0,+15%,
12,Apprentice,1,1,14,7,500,2,3,10|40,Champion|Deadeye,0|2,6|7,300301|310314,0,damage_global,350,350.0,+350%,
12,Apprentice,1,1,15,8,1000,3,4,4|11|29,Peacekeeper|Warlord|Arbalest,0|0|2,3|6|3,316916|301908|305299,18,superCritDmg_global,1000,1000.0,+1000%,
12,Apprentice,1,1,16,8,1000,3,4,15|20|39,Witch|Skymage|Dicemaster,1|1|1,2|5|7,318062|280408|319449,41,skillPower_global,15,15.0,+15%,
13,Druid,1,1,1,1,0,1,2,1,Viking,0,1,305535,10,skillDuration_personal,2,2.0,+2,
13,Druid,1,1,2,1,0,2,3,12|25,Apprentice|Hunter,1|2,1|1,277314|294026,9,skillPower_personal,3,3.0,+3%,
13,Druid,1,1,3,2,15,1,2,29,Arbalest,2,3,305299,0,damage_global,40,40.0,+40%,
13,Druid,1,1,4,2,15,2,3,0|18,Militia|Battlemage,0|1,1|4,306419|309008,5,critChance_global,12,12.0,+12%,
13,Druid,1,1,5,3,50,1,2,20,Skymage,1,5,280408,8,critDmg_personal,200,200.0,+200%,
13,Druid,1,1,6,3,50,2,3,22|24,Templar|Scout,1|2,6|1,304679|317780,15,killGold_personal,250,250.0,+250%,
13,Druid,1,1,7,4,100,1,2,9,Chieftain,0,5,314374,1,damage_personal,300,300.0,+300%,
13,Druid,1,1,8,4,100,2,3,39|31,Dicemaster|Rogue,1|2,7|4,319449|316887,16,superCritChance_global,6,6.0,+6%,
13,Druid,1,1,9,5,150,1,2,34,Captain,2,6,313636,15,killGold_personal,400,400.0,+400%,
13,Druid,1,1,10,5,150,2,3,6|11,Paladin|Warlord,0|0,4|6,283139|301908,40,energyIncome_global,4,4.0,+4,
13,Druid,1,1,11,6,250,1,2,15,Witch,1,2,318062,22,ultraCritDmg_global,2000,2000.0,+2000%,
13,Druid,1,1,12,6,250,2,3,8|25,Berserker|Hunter,0|2,5|1,289330|294026,28,goldUltraChance_global,3,3.0,+3%,
13,Druid,1,1,13,7,500,1,2,19,Spelldancer,1,4,271770,0,damage_global,300,300.0,+300%,
13,Druid,1,1,14,7,500,2,3,5|34,Samurai|Captain,0|2,3|6,280121|313636,40,energyIncome_global,8,8.0,+8,
13,Druid,1,1,15,8,1000,3,4,9|21|27,Chieftain|Warlock|Archer,0|1|2,5|5|2,314374|287059|284600,35,expUltraAmount_global,105,105.0,+105%,
13,Druid,1,1,16,8,1000,3,4,9|17|28,Chieftain|Elementalist|Ranger,0|1|2,5|3|3,314374|274390|304705,38,energyUltraChance_global,8,8.0,+8%,
14,Sorcerer,1,2,1,1,0,1,2,27,Archer,2,2,284600,15,killGold_personal,25,25.0,+25%,
14,Sorcerer,1,2,2,1,0,2,3,2|15,Ninja|Witch,0|1,2|2,312627|318062,5,critChance_global,4,4.0,+4%,
14,Sorcerer,1,2,3,2,15,1,2,10,Champion,0,6,300301,0,damage_global,40,40.0,+40%,
14,Sorcerer,1,2,4,2,15,2,3,6|33,Paladin|Crusader,0|2,4|5,283139|314873,12,skillCd_personal,20,20.0,-20%,
14,Sorcerer,1,2,5,3,50,1,2,23,Necromancer,1,6,278537,3,attSpeed_personal,80,80.0,+80%,
14,Sorcerer,1,2,6,3,50,2,3,1|39,Viking|Dicemaster,0|1,1|7,305535|319449,8,critDmg_personal,250,250.0,+250%,
14,Sorcerer,1,2,7,4,100,1,2,17,Elementalist,1,3,274390,13,killGold_global,125,125.0,+125%,
14,Sorcerer,1,2,8,4,100,2,3,3|8,Assassin|Berserker,0|0,2|5,296877|289330,36,energySuperChance_global,2,2.0,+2%,
14,Sorcerer,1,2,9,5,150,1,2,24,Scout,2,1,317780,41,skillPower_global,3,3.0,+3%,
14,Sorcerer,1,2,10,5,150,2,3,36|33,Praetorian|Crusader,0|2,7|5,318494|314873,25,goldSuperChance_personal,25,25.0,+25%,
14,Sorcerer,1,2,11,6,250,1,2,22,Templar,1,6,304679,0,damage_global,250,250.0,+250%,
14,Sorcerer,1,2,12,6,250,2,3,20|32,Skymage|Ballista,1|2,5|5,280408|317683,34,expUltraChance_global,3,3.0,+3%,
14,Sorcerer,1,2,13,7,500,1,2,6,Paladin,0,4,283139,24,goldSuperChance_global,12,12.0,+12%,
14,Sorcerer,1,2,14,7,500,2,3,16|20,Wizard|Skymage,1|1,3|5,300064|280408,0,damage_global,350,350.0,+350%,
14,Sorcerer,1,2,15,8,1000,3,4,0|7|34,Militia|Gladiator|Captain,0|0|2,1|4|6,306419|295526|313636,22,ultraCritDmg_global,3000,3000.0,+3000%,
14,Sorcerer,1,2,16,8,1000,3,4,23|26|40,Necromancer|Forester|Deadeye,1|2|2,6|2|7,278537|314946|310314,41,skillPower_global,15,15.0,+15%,
15,Witch,1,2,1,1,0,1,2,26,Forester,2,2,314946,12,skillCd_personal,5,5.0,-5%,
15,Witch,1,2,2,1,0,2,3,2|14,Ninja|Sorcerer,0|1,2|2,312627|311478,7,critDmg_global,20,20.0,+20%,
15,Witch,1,2,3,2,15,1,2,5,Samurai,0,3,280121,2,attSpeed_global,10,10.0,+10%,
15,Witch,1,2,4,2,15,2,3,23|25,Necromancer|Hunter,1|2,6|1,278537|294026,14,killExp_global,10,10.0,+10%,
15,Witch,1,2,5,3,50,1,2,6,Paladin,0,4,283139,13,killGold_global,80,80.0,+80%,
15,Witch,1,2,6,3,50,2,3,11|16,Warlord|Wizard,0|1,6|3,301908|300064,0,damage_global,100,100.0,+100%,
15,Witch,1,2,7,4,100,1,2,0,Militia,0,1,306419,17,superCritChance_personal,10,10.0,+10%,
15,Witch,1,2,8,4,100,2,3,28|32,Ranger|Ballista,2|2,3|5,304705|317683,41,skillPower_global,2,2.0,+2%,
15,Witch,1,2,9,5,150,1,2,4,Peacekeeper,0,3,316916,1,damage_personal,400,400.0,+400%,
15,Witch,1,2,10,5,150,2,3,18|38,Battlemage|Sovereign,1|1,4|7,309008|309440,15,killGold_personal,450,450.0,+450%,
15,Witch,1,2,11,6,250,1,2,13,Druid,1,1,285341,39,energyUltraAmount_global,25,25.0,+25%,
15,Witch,1,2,12,6,250,2,3,9|19,Chieftain|Spelldancer,0|1,5|4,314374|271770,30,goldUltraAmount_global,2250,2250.0,+2250%,
15,Witch,1,2,13,7,500,1,2,37,Titan,0,7,299058,0,damage_global,300,300.0,+300%,
15,Witch,1,2,14,7,500,2,3,23|35,Necromancer|Warden,1|2,6|6,278537|302043,10,skillDuration_personal,15,15.0,+15,
15,Witch,1,2,15,8,1000,3,4,18|19|22,Battlemage|Spelldancer|Templar,1|1|1,4|4|6,309008|271770|304679,9,skillPower_personal,30,30.0,+30%,
15,Witch,1,2,16,8,1000,3,4,12|20|39,Apprentice|Skymage|Dicemaster,1|1|1,1|5|7,277314|280408|319449,22,ultraCritDmg_global,3250,3250.0,+3250%,
16,Wizard,1,3,1,1,0,1,2,17,Elementalist,1,3,274390,0,damage_global,10,10.0,+10%,
16,Wizard,1,3,2,1,0,2,3,4|5,Peacekeeper|Samurai,0|0,3|3,316916|280121,13,killGold_global,20,20.0,+20%,
16,Wizard,1,3,3,2,15,1,2,18,Battlemage,1,4,309008,5,critChance_global,8,8.0,+8%,
16,Wizard,1,3,4,2,15,2,3,37|39,Titan|Dicemaster,0|1,7|7,299058|319449,2,attSpeed_global,15,15.0,+15%,
16,Wizard,1,3,5,3,50,1,2,2,Ninja,0,2,312627,14,killExp_global,20,20.0,+20%,
16,Wizard,1,3,6,3,50,2,3,11|15,Warlord|Witch,0|1,6|2,301908|318062,7,critDmg_global,100,100.0,+100%,
16,Wizard,1,3,7,4,100,1,2,40,Deadeye,2,7,310314,13,killGold_global,125,125.0,+125%,
16,Wizard,1,3,8,4,100,2,3,36|18,Praetorian|Battlemage,0|1,7|4,318494|309008,2,attSpeed_global,40,40.0,+40%,
16,Wizard,1,3,9,5,150,1,2,21,Warlock,1,5,287059,40,energyIncome_global,3,3.0,+3,
16,Wizard,1,3,10,5,150,2,3,8|37,Berserker|Titan,0|0,5|7,289330|299058,1,damage_personal,450,450.0,+450%,
16,Wizard,1,3,11,6,250,1,2,28,Ranger,2,3,304705,39,energyUltraAmount_global,25,25.0,+25%,
16,Wizard,1,3,12,6,250,2,3,3|11,Assassin|Warlord,0|0,2|6,296877|301908,21,ultraCritChance_personal,7,7.0,+7%,
16,Wizard,1,3,13,7,500,1,2,33,Crusader,2,5,314873,2,attSpeed_global,40,40.0,+40%,
16,Wizard,1,3,14,7,500,2,3,14|20,Sorcerer|Skymage,1|1,2|5,311478|280408,0,damage_global,350,350.0,+350%,
16,Wizard,1,3,15,8,1000,3,4,1|23|32,Viking|Necromancer|Ballista,0|1|2,1|6|5,305535|278537|317683,35,expUltraAmount_global,105,105.0,+105%,
16,Wizard,1,3,16,8,1000,3,4,3|36|19,Assassin|Praetorian|Spelldancer,0|0|1,2|7|4,296877|318494|271770,41,skillPower_global,15,15.0,+15%,
17,Elementalist,1,3,1,1,0,1,2,16,Wizard,1,3,300064,5,critChance_global,2,2.0,+2%,
17,Elementalist,1,3,2,1,0,2,3,28|29,Ranger|Arbalest,2|2,3|3,304705|305299,1,damage_personal,50,50.0,+50%,
17,Elementalist,1,3,3,2,15,1,2,25,Hunter,2,1,294026,14,killExp_global,6,6.0,+6%,
17,Elementalist,1,3,4,2,15,2,3,12|30,Apprentice|Sniper,1|2,1|4,277314|312907,10,skillDuration_personal,6,6.0,+6,
17,Elementalist,1,3,5,3,50,1,2,26,Forester,2,2,314946,2,attSpeed_global,22,22.0,+22%,
17,Elementalist,1,3,6,3,50,2,3,7|10,Gladiator|Champion,0|0,4|6,295526|300301,7,critDmg_global,100,100.0,+100%,
17,Elementalist,1,3,7,4,100,1,2,14,Sorcerer,1,2,311478,37,energySuperAmount_global,2,2.0,+2%,
17,Elementalist,1,3,8,4,100,2,3,21|40,Warlock|Deadeye,1|2,5|7,287059|310314,15,killGold_personal,350,350.0,+350%,
17,Elementalist,1,3,9,5,150,1,2,35,Warden,2,6,302043,33,expSuperAmount_global,10,10.0,+10%,
17,Elementalist,1,3,10,5,150,2,3,1|5,Viking|Samurai,0|0,1|3,305535|280121,0,damage_global,200,200.0,+200%,
17,Elementalist,1,3,11,6,250,1,2,23,Necromancer,1,6,278537,31,goldUltraAmount_personal,3750,3750.0,+3750%,
17,Elementalist,1,3,12,6,250,2,3,39|24,Dicemaster|Scout,1|2,7|1,319449|317780,41,skillPower_global,6,6.0,+6%,
17,Elementalist,1,3,13,7,500,1,2,31,Rogue,2,4,316887,26,goldSuperAmount_global,850,850.0,+850%,
17,Elementalist,1,3,14,7,500,2,3,9|38,Chieftain|Sovereign,0|1,5|7,314374|309440,9,skillPower_personal,20,20.0,+20%,
17,Elementalist,1,3,15,8,1000,3,4,2|3|35,Ninja|Assassin|Warden,0|0|2,2|2|6,312627|296877|302043,30,goldUltraAmount_global,3000,3000.0,+3000%,
17,Elementalist,1,3,16,8,1000,3,4,9|13|28,Chieftain|Druid|Ranger,0|1|2,5|1|3,314374|285341|304705,38,energyUltraChance_global,8,8.0,+8%,
18,Battlemage,1,4,1,1,0,1,2,19,Spelldancer,1,4,271770,14,killExp_global,1,1.0,+1%,
18,Battlemage,1,4,2,1,0,2,3,7|31,Gladiator|Rogue,0|2,4|4,295526|316887,3,attSpeed_personal,25,25.0,+25%,
18,Battlemage,1,4,3,2,15,1,2,16,Wizard,1,3,300064,9,skillPower_personal,5,5.0,+5%,
18,Battlemage,1,4,4,2,15,2,3,0|13,Militia|Druid,0|1,1|1,306419|285341,7,critDmg_global,60,60.0,+60%,
18,Battlemage,1,4,5,3,50,1,2,41,Veteran,2,7,280126,0,damage_global,80,80.0,+80%,
18,Battlemage,1,4,6,3,50,2,3,32|35,Ballista|Warden,2|2,5|6,317683|302043,12,skillCd_personal,30,30.0,-30%,
18,Battlemage,1,4,7,4,100,1,2,28,Ranger,2,3,304705,26,goldSuperAmount_global,450,450.0,+450%,
18,Battlemage,1,4,8,4,100,2,3,36|16,Praetorian|Wizard,0|1,7|3,318494|300064,0,damage_global,150,150.0,+150%,
18,Battlemage,1,4,9,5,150,1,2,9,Chieftain,0,5,314374,25,goldSuperChance_personal,20,20.0,+20%,
18,Battlemage,1,4,10,5,150,2,3,15|38,Witch|Sovereign,1|1,2|7,318062|309440,18,superCritDmg_global,625,625.0,+625%,
18,Battlemage,1,4,11,6,250,1,2,6,Paladin,0,4,283139,13,killGold_global,250,250.0,+250%,
18,Battlemage,1,4,12,6,250,2,3,26|40,Forester|Deadeye,2|2,2|7,314946|310314,40,energyIncome_global,6,6.0,+6,
18,Battlemage,1,4,13,7,500,1,2,8,Berserker,0,5,289330,2,attSpeed_global,40,40.0,+40%,
18,Battlemage,1,4,14,7,500,2,3,30|33,Sniper|Crusader,2|2,4|5,312907|314873,0,damage_global,350,350.0,+350%,
18,Battlemage,1,4,15,8,1000,3,4,15|19|22,Witch|Spelldancer|Templar,1|1|1,2|4|6,318062|271770|304679,22,ultraCritDmg_global,3000,3000.0,+3000%,
18,Battlemage,1,4,16,8,1000,3,4,5|6|10,Samurai|Paladin|Champion,0|0|0,3|4|6,280121|283139|300301,41,skillPower_global,15,15.0,+15%,
19,Spelldancer,1,4,1,1,0,1,2,18,Battlemage,1,4,309008,13,killGold_global,10,10.0,+10%,
19,Spelldancer,1,4,2,1,0,2,3,6|30,Paladin|Sniper,0|2,4|4,283139|312907,3,attSpeed_personal,25,25.0,+25%,
19,Spelldancer,1,4,3,2,15,1,2,1,Viking,0,1,305535,7,critDmg_global,40,40.0,+40%,
19,Spelldancer,1,4,4,2,15,2,3,27|35,Archer|Warden,2|2,2|6,284600|302043,11,skillCd_global,7,7.0,-7%,
19,Spelldancer,1,4,5,3,50,1,2,10,Champion,0,6,300301,0,damage_global,80,80.0,+80%,
19,Spelldancer,1,4,6,3,50,2,3,3|12,Assassin|Apprentice,0|1,2|1,296877|277314,9,skillPower_personal,12,12.0,+12%,
19,Spelldancer,1,4,7,4,100,1,2,21,Warlock,1,5,287059,18,superCritDmg_global,450,450.0,+450%,
19,Spelldancer,1,4,8,4,100,2,3,2|4,Ninja|Peacekeeper,0|0,2|3,312627|316916,32,expSuperChance_global,4,4.0,+4%,
19,Spelldancer,1,4,9,5,150,1,2,30,Sniper,2,4,312907,41,skillPower_global,3,3.0,+3%,
19,Spelldancer,1,4,10,5,150,2,3,24|32,Scout|Ballista,2|2,1|5,317780|317683,36,energySuperChance_global,4,4.0,+4%,
19,Spelldancer,1,4,11,6,250,1,2,41,Veteran,2,7,280126,41,skillPower_global,5,5.0,+5%,
19,Spelldancer,1,4,12,6,250,2,3,9|15,Chieftain|Witch,0|1,5|2,314374|318062,0,damage_global,275,275.0,+275%,
19,Spelldancer,1,4,13,7,500,1,2,13,Druid,1,1,285341,18,superCritDmg_global,850,850.0,+850%,
19,Spelldancer,1,4,14,7,500,2,3,0|29,Militia|Arbalest,0|2,1|3,306419|305299,36,energySuperChance_global,6,6.0,+6%,
19,Spelldancer,1,4,15,8,1000,3,4,15|18|22,Witch|Battlemage|Templar,1|1|1,2|4|6,318062|309008|304679,10,skillDuration_personal,20,20.0,+20,
19,Spelldancer,1,4,16,8,1000,3,4,3|36|16,Assassin|Praetorian|Wizard,0|0|1,2|7|3,296877|318494|300064,22,ultraCritDmg_global,3250,3250.0,+3250%,
20,Skymage,1,5,1,1,0,1,2,8,Berserker,0,5,289330,7,critDmg_global,10,10.0,+10%,
20,Skymage,1,5,2,1,0,2,3,21|33,Warlock|Crusader,1|2,5|5,287059|314873,12,skillCd_personal,10,10.0,-10%,
20,Skymage,1,5,3,2,15,1,2,12,Apprentice,1,1,277314,13,killGold_global,40,40.0,+40%,
20,Skymage,1,5,4,2,15,2,3,5|22,Samurai|Templar,0|1,3|6,280121|304679,14,killExp_global,10,10.0,+10%,
20,Skymage,1,5,5,3,50,1,2,13,Druid,1,1,285341,6,critChance_personal,35,35.0,+35%,
20,Skymage,1,5,6,3,50,2,3,28|33,Ranger|Crusader,2|2,3|5,304705|314873,1,damage_personal,250,250.0,+250%,
20,Skymage,1,5,7,4,100,1,2,39,Dicemaster,1,7,319449,24,goldSuperChance_global,4,4.0,+4%,
20,Skymage,1,5,8,4,100,2,3,11|41,Warlord|Veteran,0|2,6|7,301908|280126,41,skillPower_global,2,2.0,+2%,
20,Skymage,1,5,9,5,150,1,2,25,Hunter,2,1,294026,0,damage_global,175,175.0,+175%,
20,Skymage,1,5,10,5,150,2,3,7|40,Gladiator|Deadeye,0|2,4|7,295526|310314,37,energySuperAmount_global,8,8.0,+8%,
20,Skymage,1,5,11,6,250,1,2,3,Assassin,0,2,296877,20,ultraCritChance_global,2,2.0,+2%,
20,Skymage,1,5,12,6,250,2,3,14|32,Sorcerer|Ballista,1|2,2|5,311478|317683,13,killGold_global,275,275.0,+275%,
20,Skymage,1,5,13,7,500,1,2,35,Warden,2,6,302043,16,superCritChance_global,12,12.0,+12%,
20,Skymage,1,5,14,7,500,2,3,14|16,Sorcerer|Wizard,1|1,2|3,311478|300064,0,damage_global,350,350.0,+350%,
20,Skymage,1,5,15,8,1000,3,4,10|30|41,Champion|Sniper|Veteran,0|2|2,6|4|7,300301|312907|280126,35,expUltraAmount_global,105,105.0,+105%,
20,Skymage,1,5,16,8,1000,3,4,12|15|39,Apprentice|Witch|Dicemaster,1|1|1,1|2|7,277314|318062|319449,2,attSpeed_global,75,75.0,+75%,
21,Warlock,1,5,1,1,0,1,2,9,Chieftain,0,5,314374,6,critChance_personal,5,5.0,+5%,
21,Warlock,1,5,2,1,0,2,3,33|20,Crusader|Skymage,2|1,5|5,314873|280408,13,killGold_global,20,20.0,+20%,
21,Warlock,1,5,3,2,15,1,2,36,Praetorian,0,7,318494,11,skillCd_global,5,5.0,-5%,
21,Warlock,1,5,4,2,15,2,3,40|41,Deadeye|Veteran,2|2,7|7,310314|280126,0,damage_global,60,60.0,+60%,
21,Warlock,1,5,5,3,50,1,2,38,Sovereign,1,7,309440,10,skillDuration_personal,8,8.0,+8,
21,Warlock,1,5,6,3,50,2,3,0|34,Militia|Captain,0|2,1|6,306419|313636,14,killExp_global,35,35.0,+35%,
21,Warlock,1,5,7,4,100,1,2,19,Spelldancer,1,4,271770,41,skillPower_global,1,1.0,+1%,
21,Warlock,1,5,8,4,100,2,3,17|40,Elementalist|Deadeye,1|2,3|7,274390|310314,26,goldSuperAmount_global,500,500.0,+500%,
21,Warlock,1,5,9,5,150,1,2,16,Wizard,1,3,300064,18,superCritDmg_global,550,550.0,+550%,
21,Warlock,1,5,10,5,150,2,3,10|27,Champion|Archer,0|2,6|2,300301|284600,1,damage_personal,450,450.0,+450%,
21,Warlock,1,5,11,6,250,1,2,26,Forester,2,2,314946,12,skillCd_personal,30,30.0,-30%,
21,Warlock,1,5,12,6,250,2,3,2|7,Ninja|Gladiator,0|0,2|4,312627|295526,13,killGold_global,275,275.0,+275%,
21,Warlock,1,5,13,7,500,1,2,38,Sovereign,1,7,309440,26,goldSuperAmount_global,850,850.0,+850%,
21,Warlock,1,5,14,7,500,2,3,37|27,Titan|Archer,0|2,7|2,299058|284600,33,expSuperAmount_global,25,25.0,+25%,
21,Warlock,1,5,15,8,1000,3,4,9|13|27,Chieftain|Druid|Archer,0|1|2,5|1|2,314374|285341|284600,9,skillPower_personal,30,30.0,+30%,
21,Warlock,1,5,16,8,1000,3,4,11|37|21,Warlord|Titan|Warlock,0|0|1,6|7|5,301908|299058|287059,40,energyIncome_global,15,15.0,+15,
22,Templar,1,6,1,1,0,1,2,34,Captain,2,6,313636,9,skillPower_personal,2,2.0,+2%,
22,Templar,1,6,2,1,0,2,3,10|35,Champion|Warden,0|2,6|6,300301|302043,8,critDmg_personal,50,50.0,+50%,
22,Templar,1,6,3,2,15,1,2,40,Deadeye,2,7,310314,0,damage_global,40,40.0,+40%,
22,Templar,1,6,4,2,15,2,3,5|20,Samurai|Skymage,0|1,3|5,280121|280408,13,killGold_global,60,60.0,+60%,
22,Templar,1,6,5,3,50,1,2,29,Arbalest,2,3,305299,11,skillCd_global,8,8.0,-8%,
22,Templar,1,6,6,3,50,2,3,13|24,Druid|Scout,1|2,1|1,285341|317780,3,attSpeed_personal,100,100.0,+100%,
22,Templar,1,6,7,4,100,1,2,6,Paladin,0,4,283139,1,damage_personal,300,300.0,+300%,
22,Templar,1,6,8,4,100,2,3,38|26,Sovereign|Forester,1|2,7|2,309440|314946,17,superCritChance_personal,15,15.0,+15%,
22,Templar,1,6,9,5,150,1,2,7,Gladiator,0,4,295526,40,energyIncome_global,3,3.0,+3,
22,Templar,1,6,10,5,150,2,3,39|30,Dicemaster|Sniper,1|2,7|4,319449|312907,33,expSuperAmount_global,12,12.0,+12%,
22,Templar,1,6,11,6,250,1,2,14,Sorcerer,1,2,311478,13,killGold_global,250,250.0,+250%,
22,Templar,1,6,12,6,250,2,3,23|31,Necromancer|Rogue,1|2,6|4,278537|316887,28,goldUltraChance_global,3,3.0,+3%,
22,Templar,1,6,13,7,500,1,2,41,Veteran,2,7,280126,33,expSuperAmount_global,20,20.0,+20%,
22,Templar,1,6,14,7,500,2,3,6|8,Paladin|Berserker,0|0,4|5,283139|289330,37,energySuperAmount_global,20,20.0,+20%,
22,Templar,1,6,15,8,1000,3,4,15|18|19,Witch|Battlemage|Spelldancer,1|1|1,2|4|4,318062|309008|271770,9,skillPower_personal,30,30.0,+30%,
22,Templar,1,6,16,8,1000,3,4,22|24|30,Templar|Scout|Sniper,1|2|2,6|1|4,304679|317780|312907,40,energyIncome_global,15,15.0,+15,
23,Necromancer,1,6,1,1,0,1,2,35,Warden,2,6,302043,1,damage_personal,25,25.0,+25%,
23,Necromancer,1,6,2,1,0,2,3,11|34,Warlord|Captain,0|2,6|6,301908|313636,10,skillDuration_personal,3,3.0,+3,
23,Necromancer,1,6,3,2,15,1,2,30,Sniper,2,4,312907,2,attSpeed_global,10,10.0,+10%,
23,Necromancer,1,6,4,2,15,2,3,15|25,Witch|Hunter,1|2,2|1,318062|294026,5,critChance_global,12,12.0,+12%,
23,Necromancer,1,6,5,3,50,1,2,14,Sorcerer,1,2,311478,15,killGold_personal,200,200.0,+200%,
23,Necromancer,1,6,6,3,50,2,3,5|25,Samurai|Hunter,0|2,3|1,280121|294026,7,critDmg_global,100,100.0,+100%,
23,Necromancer,1,6,7,4,100,1,2,41,Veteran,2,7,280126,36,energySuperChance_global,1,1.0,+1%,
23,Necromancer,1,6,8,4,100,2,3,1|37,Viking|Titan,0|0,1|7,305535|299058,0,damage_global,150,150.0,+150%,
23,Necromancer,1,6,9,5,150,1,2,12,Apprentice,1,1,277314,15,killGold_personal,400,400.0,+400%,
23,Necromancer,1,6,10,5,150,2,3,0|29,Militia|Arbalest,0|2,1|3,306419|305299,27,goldSuperAmount_personal,1250,1250.0,+1250%,
23,Necromancer,1,6,11,6,250,1,2,17,Elementalist,1,3,274390,23,ultraCritDmg_personal,3750,3750.0,+3750%,
23,Necromancer,1,6,12,6,250,2,3,22|31,Templar|Rogue,1|2,6|4,304679|316887,40,energyIncome_global,6,6.0,+6,
23,Necromancer,1,6,13,7,500,1,2,36,Praetorian,0,7,318494,49,ultraBossDmg_global,1400,1400.0,+1400%,
23,Necromancer,1,6,14,7,500,2,3,15|35,Witch|Warden,1|2,2|6,318062|302043,9,skillPower_personal,20,20.0,+20%,
23,Necromancer,1,6,15,8,1000,3,4,1|16|32,Viking|Wizard|Ballista,0|1|2,1|3|5,305535|300064|317683,52,bossDmg_global,800,800.0,+800%,
23,Necromancer,1,6,16,8,1000,3,4,14|26|40,Sorcerer|Forester|Deadeye,1|2|2,2|2|7,311478|314946|310314,22,ultraCritDmg_global,3250,3250.0,+3250%,
24,Scout,2,1,1,1,0,1,2,25,Hunter,2,1,294026,1,damage_personal,25,25.0,+25%,
24,Scout,2,1,2,1,0,2,3,0|1,Militia|Viking,0|0,1|1,306419|305535,5,critChance_global,4,4.0,+4%,
24,Scout,2,1,3,2,15,1,2,6,Paladin,0,4,283139,15,killGold_personal,100,100.0,+100%,
24,Scout,2,1,4,2,15,2,3,2|8,Ninja|Berserker,0|0,2|5,312627|289330,3,attSpeed_personal,60,60.0,+60%,
24,Scout,2,1,5,3,50,1,2,32,Ballista,2,5,317683,7,critDmg_global,80,80.0,+80%,
24,Scout,2,1,6,3,50,2,3,13|22,Druid|Templar,1|1,1|6,285341|304679,12,skillCd_personal,30,30.0,-30%,
24,Scout,2,1,7,4,100,1,2,11,Warlord,0,6,301908,26,goldSuperAmount_global,450,450.0,+450%,
24,Scout,2,1,8,4,100,2,3,5|35,Samurai|Warden,0|2,3|6,280121|302043,0,damage_global,150,150.0,+150%,
24,Scout,2,1,9,5,150,1,2,14,Sorcerer,1,2,311478,40,energyIncome_global,3,3.0,+3,
24,Scout,2,1,10,5,150,2,3,19|32,Spelldancer|Ballista,1|2,4|5,271770|317683,17,superCritChance_personal,25,25.0,+25%,
24,Scout,2,1,11,6,250,1,2,4,Peacekeeper,0,3,316916,13,killGold_global,250,250.0,+250%,
24,Scout,2,1,12,6,250,2,3,17|39,Elementalist|Dicemaster,1|1,3|7,274390|319449,35,expUltraAmount_global,60,60.0,+60%,
24,Scout,2,1,13,7,500,1,2,10,Champion,0,6,300301,26,goldSuperAmount_global,850,850.0,+850%,
24,Scout,2,1,14,7,500,2,3,36|25,Praetorian|Hunter,0|2,7|1,318494|294026,24,goldSuperChance_global,14,14.0,+14%,
24,Scout,2,1,15,8,1000,3,4,6|25|31,Paladin|Hunter|Rogue,0|2|2,4|1|4,283139|294026|316887,28,goldUltraChance_global,7,7.0,+7%,
24,Scout,2,1,16,8,1000,3,4,22|22|30,Templar|Templar|Sniper,1|1|2,6|6|4,304679|304679|312907,50,battlepassExp_global,1,1.0,+1%,
25,Hunter,2,1,1,1,0,1,2,24,Scout,2,1,317780,13,killGold_global,10,10.0,+10%,
25,Hunter,2,1,2,1,0,2,3,12|13,Apprentice|Druid,1|1,1|1,277314|285341,12,skillCd_personal,10,10.0,-10%,
25,Hunter,2,1,3,2,15,1,2,17,Elementalist,1,3,274390,1,damage_personal,100,100.0,+100%,
25,Hunter,2,1,4,2,15,2,3,15|23,Witch|Necromancer,1|1,2|6,318062|278537,13,killGold_global,60,60.0,+60%,
25,Hunter,2,1,5,3,50,1,2,1,Viking,0,1,305535,9,skillPower_personal,8,8.0,+8%,
25,Hunter,2,1,6,3,50,2,3,5|23,Samurai|Necromancer,0|1,3|6,280121|278537,6,critChance_personal,50,50.0,+50%,
25,Hunter,2,1,7,4,100,1,2,10,Champion,0,6,300301,0,damage_global,125,125.0,+125%,
25,Hunter,2,1,8,4,100,2,3,29|34,Arbalest|Captain,2|2,3|6,305299|313636,25,goldSuperChance_personal,15,15.0,+15%,
25,Hunter,2,1,9,5,150,1,2,20,Skymage,1,5,280408,16,superCritChance_global,8,8.0,+8%,
25,Hunter,2,1,10,5,150,2,3,3|34,Assassin|Captain,0|2,2|6,296877|313636,15,killGold_personal,450,450.0,+450%,
25,Hunter,2,1,11,6,250,1,2,33,Crusader,2,5,314873,41,skillPower_global,5,5.0,+5%,
25,Hunter,2,1,12,6,250,2,3,8|13,Berserker|Druid,0|1,5|1,289330|285341,30,goldUltraAmount_global,2250,2250.0,+2250%,
25,Hunter,2,1,13,7,500,1,2,30,Sniper,2,4,312907,41,skillPower_global,7,7.0,+7%,
25,Hunter,2,1,14,7,500,2,3,36|24,Praetorian|Scout,0|2,7|1,318494|317780,27,goldSuperAmount_personal,2000,2000.0,+2000%,
25,Hunter,2,1,15,8,1000,3,4,6|24|31,Paladin|Scout|Rogue,0|2|2,4|1|4,283139|317780|316887,9,skillPower_personal,30,30.0,+30%,
25,Hunter,2,1,16,8,1000,3,4,38|31|33,Sovereign|Rogue|Crusader,1|2|2,7|4|5,309440|316887|314873,30,goldUltraAmount_global,3250,3250.0,+3250%,
26,Forester,2,2,1,1,0,1,2,15,Witch,1,2,318062,12,skillCd_personal,5,5.0,-5%,
26,Forester,2,2,2,1,0,2,3,3|27,Assassin|Archer,0|2,2|2,296877|284600,3,attSpeed_personal,25,25.0,+25%,
26,Forester,2,2,3,2,15,1,2,34,Captain,2,6,313636,7,critDmg_global,40,40.0,+40%,
26,Forester,2,2,4,2,15,2,3,7|28,Gladiator|Ranger,0|2,4|3,295526|304705,10,skillDuration_personal,6,6.0,+6,
26,Forester,2,2,5,3,50,1,2,17,Elementalist,1,3,274390,15,killGold_personal,200,200.0,+200%,
26,Forester,2,2,6,3,50,2,3,4|8,Peacekeeper|Berserker,0|0,3|5,316916|289330,33,expSuperAmount_global,3,3.0,+3%,
26,Forester,2,2,7,4,100,1,2,31,Rogue,2,4,316887,18,superCritDmg_global,450,450.0,+450%,
26,Forester,2,2,8,4,100,2,3,22|38,Templar|Sovereign,1|1,6|7,304679|309440,41,skillPower_global,2,2.0,+2%,
26,Forester,2,2,9,5,150,1,2,6,Paladin,0,4,283139,33,expSuperAmount_global,10,10.0,+10%,
26,Forester,2,2,10,5,150,2,3,28|35,Ranger|Warden,2|2,3|6,304705|302043,1,damage_personal,450,450.0,+450%,
26,Forester,2,2,11,6,250,1,2,21,Warlock,1,5,287059,31,goldUltraAmount_personal,3750,3750.0,+3750%,
26,Forester,2,2,12,6,250,2,3,18|40,Battlemage|Deadeye,1|2,4|7,309008|310314,13,killGold_global,275,275.0,+275%,
26,Forester,2,2,13,7,500,1,2,9,Chieftain,0,5,314374,18,superCritDmg_global,850,850.0,+850%,
26,Forester,2,2,14,7,500,2,3,1|41,Viking|Veteran,0|2,1|7,305535|280126,0,damage_global,350,350.0,+350%,
26,Forester,2,2,15,8,1000,3,4,5|8|28,Samurai|Berserker|Ranger,0|0|2,3|5|3,280121|289330|304705,30,goldUltraAmount_global,3000,3000.0,+3000%,
26,Forester,2,2,16,8,1000,3,4,14|23|40,Sorcerer|Necromancer|Deadeye,1|1|2,2|6|7,311478|278537|310314,20,ultraCritChance_global,8,8.0,+8%,
27,Archer,2,2,1,1,0,1,2,14,Sorcerer,1,2,311478,13,killGold_global,10,10.0,+10%,
27,Archer,2,2,2,1,0,2,3,3|26,Assassin|Forester,0|2,2|2,296877|314946,14,killExp_global,3,3.0,+3%,
27,Archer,2,2,3,2,15,1,2,9,Chieftain,0,5,314374,5,critChance_global,8,8.0,+8%,
27,Archer,2,2,4,2,15,2,3,19|35,Spelldancer|Warden,1|2,4|6,271770|302043,0,damage_global,60,60.0,+60%,
27,Archer,2,2,5,3,50,1,2,35,Warden,2,6,302043,2,attSpeed_global,22,22.0,+22%,
27,Archer,2,2,6,3,50,2,3,2|31,Ninja|Rogue,0|2,2|4,312627|316887,8,critDmg_personal,250,250.0,+250%,
27,Archer,2,2,7,4,100,1,2,34,Captain,2,6,313636,36,energySuperChance_global,1,1.0,+1%,
27,Archer,2,2,8,4,100,2,3,7|12,Gladiator|Apprentice,0|1,4|1,295526|277314,15,killGold_personal,350,350.0,+350%,
27,Archer,2,2,9,5,150,1,2,33,Crusader,2,5,314873,41,skillPower_global,3,3.0,+3%,
27,Archer,2,2,10,5,150,2,3,10|21,Champion|Warlock,0|1,6|5,300301|287059,26,goldSuperAmount_global,625,625.0,+625%,
27,Archer,2,2,11,6,250,1,2,40,Deadeye,2,7,310314,1,damage_personal,500,500.0,+500%,
27,Archer,2,2,12,6,250,2,3,0|37,Militia|Titan,0|0,1|7,306419|299058,22,ultraCritDmg_global,2250,2250.0,+2250%,
27,Archer,2,2,13,7,500,1,2,28,Ranger,2,3,304705,33,expSuperAmount_global,20,20.0,+20%,
27,Archer,2,2,14,7,500,2,3,37|21,Titan|Warlock,0|1,7|5,299058|287059,32,expSuperChance_global,10,10.0,+10%,
27,Archer,2,2,15,8,1000,3,4,9|13|21,Chieftain|Druid|Warlock,0|1|1,5|1|5,314374|285341|287059,34,expUltraChance_global,7,7.0,+7%,
27,Archer,2,2,16,8,1000,3,4,1|32|41,Viking|Ballista|Veteran,0|2|2,1|5|7,305535|317683|280126,9,skillPower_personal,40,40.0,+40%,
28,Ranger,2,3,1,1,0,1,2,4,Peacekeeper,0,3,316916,9,skillPower_personal,2,2.0,+2%,
28,Ranger,2,3,2,1,0,2,3,17|29,Elementalist|Arbalest,1|2,3|3,274390|305299,10,skillDuration_personal,3,3.0,+3,
28,Ranger,2,3,3,2,15,1,2,39,Dicemaster,1,7,319449,2,attSpeed_global,10,10.0,+10%,
28,Ranger,2,3,4,2,15,2,3,7|26,Gladiator|Forester,0|2,4|2,295526|314946,14,killExp_global,10,10.0,+10%,
28,Ranger,2,3,5,3,50,1,2,3,Assassin,0,2,296877,1,damage_personal,200,200.0,+200%,
28,Ranger,2,3,6,3,50,2,3,20|33,Skymage|Crusader,1|2,5|5,280408|314873,15,killGold_personal,250,250.0,+250%,
28,Ranger,2,3,7,4,100,1,2,18,Battlemage,1,4,309008,40,energyIncome_global,1,1.0,+1,
28,Ranger,2,3,8,4,100,2,3,15|32,Witch|Ballista,1|2,2|5,318062|317683,17,superCritChance_personal,15,15.0,+15%,
28,Ranger,2,3,9,5,150,1,2,2,Ninja,0,2,312627,24,goldSuperChance_global,8,8.0,+8%,
28,Ranger,2,3,10,5,150,2,3,26|35,Forester|Warden,2|2,2|6,314946|302043,18,superCritDmg_global,625,625.0,+625%,
28,Ranger,2,3,11,6,250,1,2,16,Wizard,1,3,300064,13,killGold_global,250,250.0,+250%,
28,Ranger,2,3,12,6,250,2,3,1|33,Viking|Crusader,0|2,1|5,305535|314873,0,damage_global,275,275.0,+275%,
28,Ranger,2,3,13,7,500,1,2,27,Archer,2,2,284600,41,skillPower_global,7,7.0,+7%,
28,Ranger,2,3,14,7,500,2,3,39|32,Dicemaster|Ballista,1|2,7|5,319449|317683,32,expSuperChance_global,10,10.0,+10%,
28,Ranger,2,3,15,8,1000,3,4,5|8|26,Samurai|Berserker|Forester,0|0|2,3|5|2,280121|289330|314946,43,bossGold_global,800,800.0,+800%,
28,Ranger,2,3,16,8,1000,3,4,9|13|17,Chieftain|Druid|Elementalist,0|1|1,5|1|3,314374|285341|274390,2,attSpeed_global,75,75.0,+75%,
29,Arbalest,2,3,1,1,0,1,2,5,Samurai,0,3,280121,11,skillCd_global,2,2.0,-2%,
29,Arbalest,2,3,2,1,0,2,3,17|28,Elementalist|Ranger,1|2,3|3,274390|304705,6,critChance_personal,10,10.0,+10%,
29,Arbalest,2,3,3,2,15,1,2,13,Druid,1,1,285341,0,damage_global,40,40.0,+40%,
29,Arbalest,2,3,4,2,15,2,3,1|3,Viking|Assassin,0|0,1|2,305535|296877,40,energyIncome_global,1,1.0,+1,
29,Arbalest,2,3,5,3,50,1,2,22,Templar,1,6,304679,14,killExp_global,20,20.0,+20%,
29,Arbalest,2,3,6,3,50,2,3,9|30,Chieftain|Sniper,0|2,5|4,314374|312907,3,attSpeed_personal,100,100.0,+100%,
29,Arbalest,2,3,7,4,100,1,2,8,Berserker,0,5,289330,27,goldSuperAmount_personal,850,850.0,+850%,
29,Arbalest,2,3,8,4,100,2,3,25|34,Hunter|Captain,2|2,1|6,294026|313636,15,killGold_personal,350,350.0,+350%,
29,Arbalest,2,3,9,5,150,1,2,38,Sovereign,1,7,309440,1,damage_personal,400,400.0,+400%,
29,Arbalest,2,3,10,5,150,2,3,0|23,Militia|Necromancer,0|1,1|6,306419|278537,37,energySuperAmount_global,8,8.0,+8%,
29,Arbalest,2,3,11,6,250,1,2,37,Titan,0,7,299058,34,expUltraChance_global,2,2.0,+2%,
29,Arbalest,2,3,12,6,250,2,3,34|41,Captain|Veteran,2|2,6|7,313636|280126,41,skillPower_global,6,6.0,+6%,
29,Arbalest,2,3,13,7,500,1,2,2,Ninja,0,2,312627,37,energySuperAmount_global,15,15.0,+15%,
29,Arbalest,2,3,14,7,500,2,3,0|19,Militia|Spelldancer,0|1,1|4,306419|271770,45,powerMageEnergy_global,12,12.0,+12%,
29,Arbalest,2,3,15,8,1000,3,4,4|11|12,Peacekeeper|Warlord|Apprentice,0|0|1,3|6|1,316916|301908|277314,39,energyUltraAmount_global,65,65.0,+65%,
29,Arbalest,2,3,16,8,1000,3,4,0|2|34,Militia|Ninja|Captain,0|0|2,1|2|6,306419|312627|313636,9,skillPower_personal,40,40.0,+40%,
30,Sniper,2,4,1,1,0,1,2,31,Rogue,2,4,316887,1,damage_personal,25,25.0,+25%,
30,Sniper,2,4,2,1,0,2,3,6|19,Paladin|Spelldancer,0|1,4|4,283139|271770,7,critDmg_global,20,20.0,+20%,
30,Sniper,2,4,3,2,15,1,2,23,Necromancer,1,6,278537,6,critChance_personal,17,17.0,+17%,
30,Sniper,2,4,4,2,15,2,3,12|17,Apprentice|Elementalist,1|1,1|3,277314|274390,2,attSpeed_global,15,15.0,+15%,
30,Sniper,2,4,5,3,50,1,2,11,Warlord,0,6,301908,12,skillCd_personal,25,25.0,-25%,
30,Sniper,2,4,6,3,50,2,3,9|29,Chieftain|Arbalest,0|2,5|3,314374|305299,13,killGold_global,100,100.0,+100%,
30,Sniper,2,4,7,4,100,1,2,35,Warden,2,6,302043,13,killGold_global,125,125.0,+125%,
30,Sniper,2,4,8,4,100,2,3,6|9,Paladin|Chieftain,0|0,4|5,283139|314374,19,superCritDmg_personal,950,950.0,+950%,
30,Sniper,2,4,9,5,150,1,2,19,Spelldancer,1,4,271770,1,damage_personal,400,400.0,+400%,
30,Sniper,2,4,10,5,150,2,3,22|39,Templar|Dicemaster,1|1,6|7,304679|319449,0,damage_global,200,200.0,+200%,
30,Sniper,2,4,11,6,250,1,2,10,Champion,0,6,300301,20,ultraCritChance_global,2,2.0,+2%,
30,Sniper,2,4,12,6,250,2,3,36|12,Praetorian|Apprentice,0|1,7|1,318494|277314,23,ultraCritDmg_personal,4250,4250.0,+4250%,
30,Sniper,2,4,13,7,500,1,2,25,Hunter,2,1,294026,26,goldSuperAmount_global,850,850.0,+850%,
30,Sniper,2,4,14,7,500,2,3,18|33,Battlemage|Crusader,1|2,4|5,309008|314873,49,ultraBossDmg_global,1600,1600.0,+1600%,
30,Sniper,2,4,15,8,1000,3,4,10|20|41,Champion|Skymage|Veteran,0|1|2,6|5|7,300301|280408|280126,3,attSpeed_personal,175,175.0,+175%,
30,Sniper,2,4,16,8,1000,3,4,22|22|24,Templar|Templar|Scout,1|1|2,6|6|1,304679|304679|317780,22,ultraCritDmg_global,3250,3250.0,+3250%,
31,Rogue,2,4,1,1,0,1,2,30,Sniper,2,4,312907,2,attSpeed_global,3,3.0,+3%,
31,Rogue,2,4,2,1,0,2,3,7|18,Gladiator|Battlemage,0|1,4|4,295526|309008,0,damage_global,20,20.0,+20%,
31,Rogue,2,4,3,2,15,1,2,2,Ninja,0,2,312627,12,skillCd_personal,15,15.0,-15%,
31,Rogue,2,4,4,2,15,2,3,10|36,Champion|Praetorian,0|0,6|7,300301|318494,13,killGold_global,60,60.0,+60%,
31,Rogue,2,4,5,3,50,1,2,34,Captain,2,6,313636,5,critChance_global,16,16.0,+16%,
31,Rogue,2,4,6,3,50,2,3,2|27,Ninja|Archer,0|2,2|2,312627|284600,14,killExp_global,35,35.0,+35%,
31,Rogue,2,4,7,4,100,1,2,26,Forester,2,2,314946,41,skillPower_global,1,1.0,+1%,
31,Rogue,2,4,8,4,100,2,3,13|39,Druid|Dicemaster,1|1,1|7,285341|319449,33,expSuperAmount_global,7,7.0,+7%,
31,Rogue,2,4,9,5,150,1,2,41,Veteran,2,7,280126,36,energySuperChance_global,3,3.0,+3%,
31,Rogue,2,4,10,5,150,2,3,4|12,Peacekeeper|Apprentice,0|1,3|1,316916|277314,25,goldSuperChance_personal,25,25.0,+25%,
31,Rogue,2,4,11,6,250,1,2,34,Captain,2,6,313636,15,killGold_personal,500,500.0,+500%,
31,Rogue,2,4,12,6,250,2,3,22|23,Templar|Necromancer,1|1,6|6,304679|278537,1,damage_personal,600,600.0,+600%,
31,Rogue,2,4,13,7,500,1,2,17,Elementalist,1,3,274390,26,goldSuperAmount_global,850,850.0,+850%,
31,Rogue,2,4,14,7,500,2,3,2|3,Ninja|Assassin,0|0,2|2,312627|296877,9,skillPower_personal,20,20.0,+20%,
31,Rogue,2,4,15,8,1000,3,4,6|24|25,Paladin|Scout|Hunter,0|2|2,4|1|1,283139|317780|294026,43,bossGold_global,800,800.0,+800%,
31,Rogue,2,4,16,8,1000,3,4,38|25|33,Sovereign|Hunter|Crusader,1|2|2,7|1|5,309440|294026|314873,30,goldUltraAmount_global,3250,3250.0,+3250%,
32,Ballista,2,5,1,1,0,1,2,33,Crusader,2,5,314873,15,killGold_personal,25,25.0,+25%,
32,Ballista,2,5,2,1,0,2,3,8|9,Berserker|Chieftain,0|0,5|5,289330|314374,11,skillCd_global,4,4.0,-4%,
32,Ballista,2,5,3,2,15,1,2,38,Sovereign,1,7,309440,8,critDmg_personal,100,100.0,+100%,
32,Ballista,2,5,4,2,15,2,3,4|11,Peacekeeper|Warlord,0|0,3|6,316916|301908,1,damage_personal,150,150.0,+150%,
32,Ballista,2,5,5,3,50,1,2,24,Scout,2,1,317780,9,skillPower_personal,8,8.0,+8%,
32,Ballista,2,5,6,3,50,2,3,18|35,Battlemage|Warden,1|2,4|6,309008|302043,3,attSpeed_personal,100,100.0,+100%,
32,Ballista,2,5,7,4,100,1,2,5,Samurai,0,3,280121,32,expSuperChance_global,2,2.0,+2%,
32,Ballista,2,5,8,4,100,2,3,15|28,Witch|Ranger,1|2,2|3,318062|304705,0,damage_global,150,150.0,+150%,
32,Ballista,2,5,9,5,150,1,2,10,Champion,0,6,300301,13,killGold_global,175,175.0,+175%,
32,Ballista,2,5,10,5,150,2,3,19|24,Spelldancer|Scout,1|2,4|1,271770|317780,41,skillPower_global,4,4.0,+4%,
32,Ballista,2,5,11,6,250,1,2,7,Gladiator,0,4,295526,39,energyUltraAmount_global,25,25.0,+25%,
32,Ballista,2,5,12,6,250,2,3,14|20,Sorcerer|Skymage,1|1,2|5,311478|280408,28,goldUltraChance_global,3,3.0,+3%,
32,Ballista,2,5,13,7,500,1,2,0,Militia,0,1,306419,32,expSuperChance_global,8,8.0,+8%,
32,Ballista,2,5,14,7,500,2,3,39|28,Dicemaster|Ranger,1|2,7|3,319449|304705,33,expSuperAmount_global,25,25.0,+25%,
32,Ballista,2,5,15,8,1000,3,4,1|16|23,Viking|Wizard|Necromancer,0|1|1,1|3|6,305535|300064|278537,9,skillPower_personal,30,30.0,+30%,
32,Ballista,2,5,16,8,1000,3,4,1|27|41,Viking|Archer|Veteran,0|2|2,1|2|7,305535|284600|280126,34,expUltraChance_global,10,10.0,+10%,
33,Crusader,2,5,1,1,0,1,2,32,Ballista,2,5,317683,11,skillCd_global,2,2.0,-2%,
33,Crusader,2,5,2,1,0,2,3,20|21,Skymage|Warlock,1|1,5|5,280408|287059,2,attSpeed_global,6,6.0,+6%,
33,Crusader,2,5,3,2,15,1,2,11,Warlord,0,6,301908,13,killGold_global,40,40.0,+40%,
33,Crusader,2,5,4,2,15,2,3,6|14,Paladin|Sorcerer,0|1,4|2,283139|311478,1,damage_personal,150,150.0,+150%,
33,Crusader,2,5,5,3,50,1,2,37,Titan,0,7,299058,10,skillDuration_personal,8,8.0,+8,
33,Crusader,2,5,6,3,50,2,3,20|28,Skymage|Ranger,1|2,5|3,280408|304705,6,critChance_personal,50,50.0,+50%,
33,Crusader,2,5,7,4,100,1,2,38,Sovereign,1,7,309440,9,skillPower_personal,12,12.0,+12%,
33,Crusader,2,5,8,4,100,2,3,0|10,Militia|Champion,0|0,1|6,306419|300301,37,energySuperAmount_global,4,4.0,+4%,
33,Crusader,2,5,9,5,150,1,2,27,Archer,2,2,284600,27,goldSuperAmount_personal,1100,1100.0,+1100%,
33,Crusader,2,5,10,5,150,2,3,36|14,Praetorian|Sorcerer,0|1,7|2,318494|311478,15,killGold_personal,450,450.0,+450%,
33,Crusader,2,5,11,6,250,1,2,25,Hunter,2,1,294026,10,skillDuration_personal,10,10.0,+10,
33,Crusader,2,5,12,6,250,2,3,1|28,Viking|Ranger,0|2,1|3,305535|304705,41,skillPower_global,6,6.0,+6%,
33,Crusader,2,5,13,7,500,1,2,16,Wizard,1,3,300064,9,skillPower_personal,15,15.0,+15%,
33,Crusader,2,5,14,7,500,2,3,18|30,Battlemage|Sniper,1|2,4|4,309008|312907,27,goldSuperAmount_personal,2000,2000.0,+2000%,
33,Crusader,2,5,15,8,1000,3,4,38|33|33,Sovereign|Crusader|Crusader,1|2|2,7|5|5,309440|314873|314873,28,goldUltraChance_global,7,7.0,+7%,
33,Crusader,2,5,16,8,1000,3,4,38|25|31,Sovereign|Hunter|Rogue,1|2|2,7|1|4,309440|294026|316887,3,attSpeed_personal,200,200.0,+200%,
34,Captain,2,6,1,1,0,1,2,22,Templar,1,6,304679,7,critDmg_global,10,10.0,+10%,
34,Captain,2,6,2,1,0,2,3,11|23,Warlord|Necromancer,0|1,6|6,301908|278537,9,skillPower_personal,3,3.0,+3%,
34,Captain,2,6,3,2,15,1,2,26,Forester,2,2,314946,10,skillDuration_personal,5,5.0,+5,
34,Captain,2,6,4,2,15,2,3,9|38,Chieftain|Sovereign,0|1,5|7,314374|309440,15,killGold_personal,150,150.0,+150%,
34,Captain,2,6,5,3,50,1,2,31,Rogue,2,4,316887,3,attSpeed_personal,80,80.0,+80%,
34,Captain,2,6,6,3,50,2,3,0|21,Militia|Warlock,0|1,1|5,306419|287059,0,damage_global,100,100.0,+100%,
34,Captain,2,6,7,4,100,1,2,27,Archer,2,2,284600,25,goldSuperChance_personal,10,10.0,+10%,
34,Captain,2,6,8,4,100,2,3,25|29,Hunter|Arbalest,2|2,1|3,294026|305299,13,killGold_global,150,150.0,+150%,
34,Captain,2,6,9,5,150,1,2,13,Druid,1,1,285341,33,expSuperAmount_global,10,10.0,+10%,
34,Captain,2,6,10,5,150,2,3,3|25,Assassin|Hunter,0|2,2|1,296877|294026,16,superCritChance_global,10,10.0,+10%,
34,Captain,2,6,11,6,250,1,2,31,Rogue,2,4,316887,40,energyIncome_global,5,5.0,+5,
34,Captain,2,6,12,6,250,2,3,29|41,Arbalest|Veteran,2|2,3|7,305299|280126,1,damage_personal,600,600.0,+600%,
34,Captain,2,6,13,7,500,1,2,4,Peacekeeper,0,3,316916,9,skillPower_personal,15,15.0,+15%,
34,Captain,2,6,14,7,500,2,3,5|13,Samurai|Druid,0|1,3|1,280121|285341,36,energySuperChance_global,6,6.0,+6%,
34,Captain,2,6,15,8,1000,3,4,0|7|14,Militia|Gladiator|Sorcerer,0|0|1,1|4|2,306419|295526|311478,9,skillPower_personal,30,30.0,+30%,
34,Captain,2,6,16,8,1000,3,4,0|2|29,Militia|Ninja|Arbalest,0|0|2,1|2|3,306419|312627|305299,2,attSpeed_global,75,75.0,+75%,
35,Warden,2,6,1,1,0,1,2,23,Necromancer,1,6,278537,5,critChance_global,2,2.0,+2%,
35,Warden,2,6,2,1,0,2,3,10|22,Champion|Templar,0|1,6|6,300301|304679,14,killExp_global,3,3.0,+3%,
35,Warden,2,6,3,2,15,1,2,37,Titan,0,7,299058,0,damage_global,40,40.0,+40%,
35,Warden,2,6,4,2,15,2,3,19|27,Spelldancer|Archer,1|2,4|2,271770|284600,9,skillPower_personal,6,6.0,+6%,
35,Warden,2,6,5,3,50,1,2,27,Archer,2,2,284600,15,killGold_personal,200,200.0,+200%,
35,Warden,2,6,6,3,50,2,3,18|32,Battlemage|Ballista,1|2,4|5,309008|317683,11,skillCd_global,10,10.0,-10%,
35,Warden,2,6,7,4,100,1,2,30,Sniper,2,4,312907,19,superCritDmg_personal,850,850.0,+850%,
35,Warden,2,6,8,4,100,2,3,5|24,Samurai|Scout,0|2,3|1,280121|317780,41,skillPower_global,2,2.0,+2%,
35,Warden,2,6,9,5,150,1,2,17,Elementalist,1,3,274390,15,killGold_personal,400,400.0,+400%,
35,Warden,2,6,10,5,150,2,3,26|28,Forester|Ranger,2|2,2|3,314946|304705,1,damage_personal,450,450.0,+450%,
35,Warden,2,6,11,6,250,1,2,0,Militia,0,1,306419,29,goldUltraChance_personal,5,5.0,+5%,
35,Warden,2,6,12,6,250,2,3,4|38,Peacekeeper|Sovereign,0|1,3|7,316916|309440,38,energyUltraChance_global,3,3.0,+3%,
35,Warden,2,6,13,7,500,1,2,20,Skymage,1,5,280408,18,superCritDmg_global,850,850.0,+850%,
35,Warden,2,6,14,7,500,2,3,15|23,Witch|Necromancer,1|1,2|6,318062|278537,3,attSpeed_personal,150,150.0,+150%,
35,Warden,2,6,15,8,1000,3,4,2|3|17,Ninja|Assassin|Elementalist,0|0|1,2|2|3,312627|296877|274390,41,skillPower_global,12,12.0,+12%,
35,Warden,2,6,16,8,1000,3,4,4|7|8,Peacekeeper|Gladiator|Berserker,0|0|0,3|4|5,316916|295526|289330,22,ultraCritDmg_global,3250,3250.0,+3250%,
36,Praetorian,0,7,1,1,0,1,2,38,Sovereign,1,7,309440,5,critChance_global,2,2.0,+2%,
36,Praetorian,0,7,2,1,0,2,3,37|40,Titan|Deadeye,0|2,7|7,299058|310314,13,killGold_global,20,20.0,+20%,
36,Praetorian,0,7,3,2,15,1,2,21,Warlock,1,5,287059,1,damage_personal,100,100.0,+100%,
36,Praetorian,0,7,4,2,15,2,3,10|31,Champion|Rogue,0|2,6|4,300301|316887,2,attSpeed_global,15,15.0,+15%,
36,Praetorian,0,7,5,3,50,1,2,39,Dicemaster,1,7,319449,9,skillPower_personal,8,8.0,+8%,
36,Praetorian,0,7,6,3,50,2,3,6|41,Paladin|Veteran,0|2,4|7,283139|280126,12,skillCd_personal,30,30.0,-30%,
36,Praetorian,0,7,7,4,100,1,2,2,Ninja,0,2,312627,40,energyIncome_global,1,1.0,+1,
36,Praetorian,0,7,8,4,100,2,3,16|18,Wizard|Battlemage,1|1,3|4,300064|309008,17,superCritChance_personal,15,15.0,+15%,
36,Praetorian,0,7,9,5,150,1,2,0,Militia,0,1,306419,18,superCritDmg_global,550,550.0,+550%,
36,Praetorian,0,7,10,5,150,2,3,14|33,Sorcerer|Crusader,1|2,2|5,311478|314873,0,damage_global,200,200.0,+200%,
36,Praetorian,0,7,11,6,250,1,2,5,Samurai,0,3,280121,30,goldUltraAmount_global,2000,2000.0,+2000%,
36,Praetorian,0,7,12,6,250,2,3,12|30,Apprentice|Sniper,1|2,1|4,277314|312907,22,ultraCritDmg_global,2250,2250.0,+2250%,
36,Praetorian,0,7,13,7,500,1,2,23,Necromancer,1,6,278537,3,attSpeed_personal,125,125.0,+125%,
36,Praetorian,0,7,14,7,500,2,3,24|25,Scout|Hunter,2|2,1|1,317780|294026,41,skillPower_global,8,8.0,+8%,
36,Praetorian,0,7,15,8,1000,3,4,37|39|40,Titan|Dicemaster|Deadeye,0|1|2,7|7|7,299058|319449|310314,22,ultraCritDmg_global,3000,3000.0,+3000%,
36,Praetorian,0,7,16,8,1000,3,4,3|16|19,Assassin|Wizard|Spelldancer,0|1|1,2|3|4,296877|300064|271770,21,ultraCritChance_personal,20,20.0,+20%,
37,Titan,0,7,1,1,0,1,2,41,Veteran,2,7,280126,10,skillDuration_personal,2,2.0,+2,
37,Titan,0,7,2,1,0,2,3,36|40,Praetorian|Deadeye,0|2,7|7,318494|310314,11,skillCd_global,4,4.0,-4%,
37,Titan,0,7,3,2,15,1,2,35,Warden,2,6,302043,2,attSpeed_global,10,10.0,+10%,
37,Titan,0,7,4,2,15,2,3,16|39,Wizard|Dicemaster,1|1,3|7,300064|319449,15,killGold_personal,150,150.0,+150%,
37,Titan,0,7,5,3,50,1,2,33,Crusader,2,5,314873,8,critDmg_personal,200,200.0,+200%,
37,Titan,0,7,6,3,50,2,3,38|40,Sovereign|Deadeye,1|2,7|7,309440|310314,0,damage_global,100,100.0,+100%,
37,Titan,0,7,7,4,100,1,2,12,Apprentice,1,1,277314,19,superCritDmg_personal,850,850.0,+850%,
37,Titan,0,7,8,4,100,2,3,1|23,Viking|Necromancer,0|1,1|6,305535|278537,13,killGold_global,150,150.0,+150%,
37,Titan,0,7,9,5,150,1,2,11,Warlord,0,6,301908,9,skillPower_personal,12,12.0,+12%,
37,Titan,0,7,10,5,150,2,3,8|16,Berserker|Wizard,0|1,5|3,289330|300064,40,energyIncome_global,4,4.0,+4,
37,Titan,0,7,11,6,250,1,2,29,Arbalest,2,3,305299,1,damage_personal,500,500.0,+500%,
37,Titan,0,7,12,6,250,2,3,0|27,Militia|Archer,0|2,1|2,306419|284600,15,killGold_personal,600,600.0,+600%,
37,Titan,0,7,13,7,500,1,2,15,Witch,1,2,318062,0,damage_global,300,300.0,+300%,
37,Titan,0,7,14,7,500,2,3,21|27,Warlock|Archer,1|2,5|2,287059|284600,41,skillPower_global,8,8.0,+8%,
37,Titan,0,7,15,8,1000,3,4,36|39|40,Praetorian|Dicemaster|Deadeye,0|1|2,7|7|7,318494|319449|310314,9,skillPower_personal,30,30.0,+30%,
37,Titan,0,7,16,8,1000,3,4,11|21|21,Warlord|Warlock|Warlock,0|1|1,6|5|5,301908|287059|287059,22,ultraCritDmg_global,3250,3250.0,+3250%,
38,Sovereign,1,7,1,1,0,1,2,36,Praetorian,0,7,318494,12,skillCd_personal,5,5.0,-5%,
38,Sovereign,1,7,2,1,0,2,3,39|41,Dicemaster|Veteran,1|2,7|7,319449|280126,0,damage_global,20,20.0,+20%,
38,Sovereign,1,7,3,2,15,1,2,32,Ballista,2,5,317683,7,critDmg_global,40,40.0,+40%,
38,Sovereign,1,7,4,2,15,2,3,9|34,Chieftain|Captain,0|2,5|6,314374|313636,15,killGold_personal,150,150.0,+150%,
38,Sovereign,1,7,5,3,50,1,2,21,Warlock,1,5,287059,9,skillPower_personal,8,8.0,+8%,
38,Sovereign,1,7,6,3,50,2,3,37|40,Titan|Deadeye,0|2,7|7,299058|310314,41,skillPower_global,1,1.0,+1%,
38,Sovereign,1,7,7,4,100,1,2,33,Crusader,2,5,314873,13,killGold_global,125,125.0,+125%,
38,Sovereign,1,7,8,4,100,2,3,22|26,Templar|Forester,1|2,6|2,304679|314946,24,goldSuperChance_global,6,6.0,+6%,
38,Sovereign,1,7,9,5,150,1,2,29,Arbalest,2,3,305299,16,superCritChance_global,8,8.0,+8%,
38,Sovereign,1,7,10,5,150,2,3,15|18,Witch|Battlemage,1|1,2|4,318062|309008,40,energyIncome_global,4,4.0,+4,
38,Sovereign,1,7,11,6,250,1,2,8,Berserker,0,5,289330,35,expUltraAmount_global,45,45.0,+45%,
38,Sovereign,1,7,12,6,250,2,3,4|35,Peacekeeper|Warden,0|2,3|6,316916|302043,1,damage_personal,600,600.0,+600%,
38,Sovereign,1,7,13,7,500,1,2,21,Warlock,1,5,287059,41,skillPower_global,7,7.0,+7%,
38,Sovereign,1,7,14,7,500,2,3,9|17,Chieftain|Elementalist,0|1,5|3,314374|274390,26,goldSuperAmount_global,925,925.0,+925%,
38,Sovereign,1,7,15,8,1000,3,4,33|33|33,Crusader|Crusader|Crusader,2|2|2,5|5|5,314873|314873|314873,30,goldUltraAmount_global,3000,3000.0,+3000%,
38,Sovereign,1,7,16,8,1000,3,4,25|31|33,Hunter|Rogue|Crusader,2|2|2,1|4|5,294026|316887|314873,9,skillPower_personal,40,40.0,+40%,
39,Dicemaster,1,7,1,1,0,1,2,40,Deadeye,2,7,310314,3,attSpeed_personal,10,10.0,+10%,
39,Dicemaster,1,7,2,1,0,2,3,38|41,Sovereign|Veteran,1|2,7|7,309440|280126,11,skillCd_global,4,4.0,-4%,
39,Dicemaster,1,7,3,2,15,1,2,28,Ranger,2,3,304705,10,skillDuration_personal,5,5.0,+5,
39,Dicemaster,1,7,4,2,15,2,3,37|16,Titan|Wizard,0|1,7|3,299058|300064,1,damage_personal,150,150.0,+150%,
39,Dicemaster,1,7,5,3,50,1,2,36,Praetorian,0,7,318494,5,critChance_global,16,16.0,+16%,
39,Dicemaster,1,7,6,3,50,2,3,1|14,Viking|Sorcerer,0|1,1|2,305535|311478,13,killGold_global,100,100.0,+100%,
39,Dicemaster,1,7,7,4,100,1,2,20,Skymage,1,5,280408,40,energyIncome_global,1,1.0,+1,
39,Dicemaster,1,7,8,4,100,2,3,13|31,Druid|Rogue,1|2,1|4,285341|316887,18,superCritDmg_global,500,500.0,+500%,
39,Dicemaster,1,7,9,5,150,1,2,3,Assassin,0,2,296877,0,damage_global,175,175.0,+175%,
39,Dicemaster,1,7,10,5,150,2,3,22|30,Templar|Sniper,1|2,6|4,304679|312907,15,killGold_personal,450,450.0,+450%,
39,Dicemaster,1,7,11,6,250,1,2,11,Warlord,0,6,301908,29,goldUltraChance_personal,5,5.0,+5%,
39,Dicemaster,1,7,12,6,250,2,3,17|24,Elementalist|Scout,1|2,3|1,274390|317780,20,ultraCritChance_global,3,3.0,+3%,
39,Dicemaster,1,7,13,7,500,1,2,12,Apprentice,1,1,277314,1,damage_personal,700,700.0,+700%,
39,Dicemaster,1,7,14,7,500,2,3,28|32,Ranger|Ballista,2|2,3|5,304705|317683,33,expSuperAmount_global,25,25.0,+25%,
39,Dicemaster,1,7,15,8,1000,3,4,36|37|40,Praetorian|Titan|Deadeye,0|0|2,7|7|7,318494|299058|310314,2,attSpeed_global,60,60.0,+60%,
39,Dicemaster,1,7,16,8,1000,3,4,12|15|20,Apprentice|Witch|Skymage,1|1|1,1|2|5,277314|318062|280408,23,ultraCritDmg_personal,6500,6500.0,+6500%,
40,Deadeye,2,7,1,1,0,1,2,39,Dicemaster,1,7,319449,12,skillCd_personal,5,5.0,-5%,
40,Deadeye,2,7,2,1,0,2,3,36|37,Praetorian|Titan,0|0,7|7,318494|299058,1,damage_personal,50,50.0,+50%,
40,Deadeye,2,7,3,2,15,1,2,22,Templar,1,6,304679,9,skillPower_personal,5,5.0,+5%,
40,Deadeye,2,7,4,2,15,2,3,21|41,Warlock|Veteran,1|2,5|7,287059|280126,6,critChance_personal,25,25.0,+25%,
40,Deadeye,2,7,5,3,50,1,2,5,Samurai,0,3,280121,13,killGold_global,80,80.0,+80%,
40,Deadeye,2,7,6,3,50,2,3,37|38,Titan|Sovereign,0|1,7|7,299058|309440,2,attSpeed_global,30,30.0,+30%,
40,Deadeye,2,7,7,4,100,1,2,16,Wizard,1,3,300064,0,damage_global,125,125.0,+125%,
40,Deadeye,2,7,8,4,100,2,3,17|21,Elementalist|Warlock,1|1,3|5,274390|287059,26,goldSuperAmount_global,500,500.0,+500%,
40,Deadeye,2,7,9,5,150,1,2,1,Viking,0,1,305535,0,damage_global,175,175.0,+175%,
40,Deadeye,2,7,10,5,150,2,3,7|20,Gladiator|Skymage,0|1,4|5,295526|280408,16,superCritChance_global,10,10.0,+10%,
40,Deadeye,2,7,11,6,250,1,2,27,Archer,2,2,284600,21,ultraCritChance_personal,5,5.0,+5%,
40,Deadeye,2,7,12,6,250,2,3,18|26,Battlemage|Forester,1|2,4|2,309008|314946,13,killGold_global,275,275.0,+275%,
40,Deadeye,2,7,13,7,500,1,2,3,Assassin,0,2,296877,9,skillPower_personal,15,15.0,+15%,
40,Deadeye,2,7,14,7,500,2,3,10|12,Champion|Apprentice,0|1,6|1,300301|277314,19,superCritDmg_personal,2000,2000.0,+2000%,
40,Deadeye,2,7,15,8,1000,3,4,36|37|39,Praetorian|Titan|Dicemaster,0|0|1,7|7|7,318494|299058|319449,20,ultraCritChance_global,7,7.0,+7%,
40,Deadeye,2,7,16,8,1000,3,4,14|23|26,Sorcerer|Necromancer|Forester,1|1|2,2|6|2,311478|278537|314946,3,attSpeed_personal,200,200.0,+200%,
41,Veteran,2,7,1,1,0,1,2,37,Titan,0,7,299058,10,skillDuration_personal,2,2.0,+2,
41,Veteran,2,7,2,1,0,2,3,38|39,Sovereign|Dicemaster,1|1,7|7,309440|319449,15,killGold_personal,50,50.0,+50%,
41,Veteran,2,7,3,2,15,1,2,8,Berserker,0,5,289330,9,skillPower_personal,5,5.0,+5%,
41,Veteran,2,7,4,2,15,2,3,21|40,Warlock|Deadeye,1|2,5|7,287059|310314,8,critDmg_personal,150,150.0,+150%,
41,Veteran,2,7,5,3,50,1,2,18,Battlemage,1,4,309008,0,damage_global,80,80.0,+80%,
41,Veteran,2,7,6,3,50,2,3,6|36,Paladin|Praetorian,0|0,4|7,283139|318494,11,skillCd_global,10,10.0,-10%,
41,Veteran,2,7,7,4,100,1,2,23,Necromancer,1,6,278537,1,damage_personal,300,300.0,+300%,
41,Veteran,2,7,8,4,100,2,3,11|20,Warlord|Skymage,0|1,6|5,301908|280408,33,expSuperAmount_global,7,7.0,+7%,
41,Veteran,2,7,9,5,150,1,2,31,Rogue,2,4,316887,19,superCritDmg_personal,1100,1100.0,+1100%,
41,Veteran,2,7,10,5,150,2,3,2|9,Ninja|Chieftain,0|0,2|5,312627|314374,32,expSuperChance_global,7,7.0,+7%,
41,Veteran,2,7,11,6,250,1,2,19,Spelldancer,1,4,271770,15,killGold_personal,500,500.0,+500%,
41,Veteran,2,7,12,6,250,2,3,29|34,Arbalest|Captain,2|2,3|6,305299|313636,40,energyIncome_global,6,6.0,+6,
41,Veteran,2,7,13,7,500,1,2,22,Templar,1,6,304679,44,bossExp_global,20,20.0,+20%,
41,Veteran,2,7,14,7,500,2,3,1|26,Viking|Forester,0|2,1|2,305535|314946,33,expSuperAmount_global,25,25.0,+25%,
41,Veteran,2,7,15,8,1000,3,4,10|20|30,Champion|Skymage|Sniper,0|1|2,6|5|4,300301|280408|312907,41,skillPower_global,12,12.0,+12%,
41,Veteran,2,7,16,8,1000,3,4,1|27|32,Viking|Archer|Ballista,0|2|2,1|2|5,305535|284600|317683,35,expUltraAmount_global,125,125.0,+125%,
