hero_id,hero_name,hero_class,hero_rarity,synergy_num,tier,rank_required,required_slot,required_hero_id,required_hero_name,required_hero_class,required_hero_rarity,required_hero_path_id
0,Militia,0,1,1,1,0,synergyHero1,12,Apprentice,1,1,277314
0,Militia,0,1,2,1,0,synergyHero2_1,1,Viking,0,1,305535
0,Militia,0,1,2,1,0,synergyHero2_2,24,Scout,2,1,317780
0,Militia,0,1,3,2,15,synergyHero3,4,Peacekeeper,0,3,316916
0,Militia,0,1,4,2,15,synergyHero4_1,13,Druid,1,1,285341
0,Militia,0,1,4,2,15,synergyHero4_2,18,Battlemage,1,4,309008
0,Militia,0,1,5,3,50,synergyHero5,7,Gladiator,0,4,295526
0,Militia,0,1,6,3,50,synergyHero6_1,21,Warlock,1,5,287059
0,Militia,0,1,6,3,50,synergyHero6_2,34,Captain,2,6,313636
0,Militia,0,1,7,4,100,synergyHero7,15,Witch,1,2,318062
0,Militia,0,1,8,4,100,synergyHero8_1,10,Champion,0,6,300301
0,Militia,0,1,8,4,100,synergyHero8_2,33,Crusader,2,5,314873
0,Militia,0,1,9,5,150,synergyHero9,36,Praetorian,0,7,318494
0,Militia,0,1,10,5,150,synergyHero10_1,23,Necromancer,1,6,278537
0,Militia,0,1,10,5,150,synergyHero10_2,29,Arbalest,2,3,305299
0,Militia,0,1,11,6,250,synergyHero11,35,Warden,2,6,302043
0,Militia,0,1,12,6,250,synergyHero12_1,37,Titan,0,7,299058
0,Militia,0,1,12,6,250,synergyHero12_2,27,Archer,2,2,284600
0,Militia,0,1,13,7,500,synergyHero13,32,Ballista,2,5,317683
0,Militia,0,1,14,7,500,synergyHero14_1,19,Spelldancer,1,4,271770
0,Militia,0,1,14,7,500,synergyHero14_2,29,Arbalest,2,3,305299
0,Militia,0,1,15,8,1000,synergyHero15_1,7,Gladiator,0,4,295526
0,Militia,0,1,15,8,1000,synergyHero15_2,14,Sorcerer,1,2,311478
0,Militia,0,1,15,8,1000,synergyHero15_3,34,Captain,2,6,313636
0,Militia,0,1,16,8,1000,synergyHero16_1,2,Ninja,0,2,312627
0,Militia,0,1,16,8,1000,synergyHero16_2,29,Arbalest,2,3,305299
0,Militia,0,1,16,8,1000,synergyHero16_3,34,Captain,2,6,313636
1,Viking,0,1,1,1,0,synergyHero1,13,Druid,1,1,285341
1,Viking,0,1,2,1,0,synergyHero2_1,0,Militia,0,1,306419
1,Viking,0,1,2,1,0,synergyHero2_2,24,Scout,2,1,317780
1,Viking,0,1,3,2,15,synergyHero3,19,Spelldancer,1,4,271770
1,Viking,0,1,4,2,15,synergyHero4_1,3,Assassin,0,2,296877
1,Viking,0,1,4,2,15,synergyHero4_2,29,Arbalest,2,3,305299
1,Viking,0,1,5,3,50,synergyHero5,25,Hunter,2,1,294026
1,Viking,0,1,6,3,50,synergyHero6_1,14,Sorcerer,1,2,311478
1,Viking,0,1,6,3,50,synergyHero6_2,39,Dicemaster,1,7,319449
1,Viking,0,1,7,4,100,synergyHero7,7,Gladiator,0,4,295526
1,Viking,0,1,8,4,100,synergyHero8_1,37,Titan,0,7,299058
1,Viking,0,1,8,4,100,synergyHero8_2,23,Necromancer,1,6,278537
1,Viking,0,1,9,5,150,synergyHero9,40,Deadeye,2,7,310314
1,Viking,0,1,10,5,150,synergyHero10_1,5,Samurai,0,3,280121
1,Viking,0,1,10,5,150,synergyHero10_2,17,Elementalist,1,3,274390
1,Viking,0,1,11,6,250,synergyHero11,9,Chieftain,0,5,314374
1,Viking,0,1,12,6,250,synergyHero12_1,28,Ranger,2,3,304705
1,Viking,0,1,12,6,250,synergyHero12_2,33,Crusader,2,5,314873
1,Viking,0,1,13,7,500,synergyHero13,11,Warlord,0,6,301908
1,Viking,0,1,14,7,500,synergyHero14_1,26,Forester,2,2,314946
1,Viking,0,1,14,7,500,synergyHero14_2,41,Veteran,2,7,280126
1,Viking,0,1,15,8,1000,synergyHero15_1,16,Wizard,1,3,300064
1,Viking,0,1,15,8,1000,synergyHero15_2,23,Necromancer,1,6,278537
1,Viking,0,1,15,8,1000,synergyHero15_3,32,Ballista,2,5,317683
1,Viking,0,1,16,8,1000,synergyHero16_1,27,Archer,2,2,284600
1,Viking,0,1,16,8,1000,synergyHero16_2,32,Ballista,2,5,317683
1,Viking,0,1,16,8,1000,synergyHero16_3,41,Veteran,2,7,280126
2,Ninja,0,2,1,1,0,synergyHero1,3,Assassin,0,2,296877
2,Ninja,0,2,2,1,0,synergyHero2_1,14,Sorcerer,1,2,311478
2,Ninja,0,2,2,1,0,synergyHero2_2,15,Witch,1,2,318062
2,Ninja,0,2,3,2,15,synergyHero3,31,Rogue,2,4,316887
2,Ninja,0,2,4,2,15,synergyHero4_1,8,Berserker,0,5,289330
2,Ninja,0,2,4,2,15,synergyHero4_2,24,Scout,2,1,317780
2,Ninja,0,2,5,3,50,synergyHero5,16,Wizard,1,3,300064
2,Ninja,0,2,6,3,50,synergyHero6_1,27,Archer,2,2,284600
2,Ninja,0,2,6,3,50,synergyHero6_2,31,Rogue,2,4,316887
2,Ninja,0,2,7,4,100,synergyHero7,36,Praetorian,0,7,318494
2,Ninja,0,2,8,4,100,synergyHero8_1,4,Peacekeeper,0,3,316916
2,Ninja,0,2,8,4,100,synergyHero8_2,19,Spelldancer,1,4,271770
2,Ninja,0,2,9,5,150,synergyHero9,28,Ranger,2,3,304705
2,Ninja,0,2,10,5,150,synergyHero10_1,9,Chieftain,0,5,314374
2,Ninja,0,2,10,5,150,synergyHero10_2,41,Veteran,2,7,280126
2,Ninja,0,2,11,6,250,synergyHero11,12,Apprentice,1,1,277314
2,Ninja,0,2,12,6,250,synergyHero12_1,7,Gladiator,0,4,295526
2,Ninja,0,2,12,6,250,synergyHero12_2,21,Warlock,1,5,287059
2,Ninja,0,2,13,7,500,synergyHero13,29,Arbalest,2,3,305299
2,Ninja,0,2,14,7,500,synergyHero14_1,3,Assassin,0,2,296877
2,Ninja,0,2,14,7,500,synergyHero14_2,31,Rogue,2,4,316887
2,Ninja,0,2,15,8,1000,synergyHero15_1,3,Assassin,0,2,296877
2,Ninja,0,2,15,8,1000,synergyHero15_2,17,Elementalist,1,3,274390
2,Ninja,0,2,15,8,1000,synergyHero15_3,35,Warden,2,6,302043
2,Ninja,0,2,16,8,1000,synergyHero16_1,0,Militia,0,1,306419
2,Ninja,0,2,16,8,1000,synergyHero16_2,29,Arbalest,2,3,305299
2,Ninja,0,2,16,8,1000,synergyHero16_3,34,Captain,2,6,313636
3,Assassin,0,2,1,1,0,synergyHero1,2,Ninja,0,2,312627
3,Assassin,0,2,2,1,0,synergyHero2_1,26,Forester,2,2,314946
3,Assassin,0,2,2,1,0,synergyHero2_2,27,Archer,2,2,284600
3,Assassin,0,2,3,2,15,synergyHero3,7,Gladiator,0,4,295526
3,Assassin,0,2,4,2,15,synergyHero4_1,1,Viking,0,1,305535
3,Assassin,0,2,4,2,15,synergyHero4_2,29,Arbalest,2,3,305299
3,Assassin,0,2,5,3,50,synergyHero5,28,Ranger,2,3,304705
3,Assassin,0,2,6,3,50,synergyHero6_1,12,Apprentice,1,1,277314
3,Assassin,0,2,6,3,50,synergyHero6_2,19,Spelldancer,1,4,271770
3,Assassin,0,2,7,4,100,synergyHero7,4,Peacekeeper,0,3,316916
3,Assassin,0,2,8,4,100,synergyHero8_1,8,Berserker,0,5,289330
3,Assassin,0,2,8,4,100,synergyHero8_2,14,Sorcerer,1,2,311478
3,Assassin,0,2,9,5,150,synergyHero9,39,Dicemaster,1,7,319449
3,Assassin,0,2,10,5,150,synergyHero10_1,25,Hunter,2,1,294026
3,Assassin,0,2,10,5,150,synergyHero10_2,34,Captain,2,6,313636
3,Assassin,0,2,11,6,250,synergyHero11,20,Skymage,1,5,280408
3,Assassin,0,2,12,6,250,synergyHero12_1,11,Warlord,0,6,301908
3,Assassin,0,2,12,6,250,synergyHero12_2,16,Wizard,1,3,300064
3,Assassin,0,2,13,7,500,synergyHero13,40,Deadeye,2,7,310314
3,Assassin,0,2,14,7,500,synergyHero14_1,2,Ninja,0,2,312627
3,Assassin,0,2,14,7,500,synergyHero14_2,31,Rogue,2,4,316887
3,Assassin,0,2,15,8,1000,synergyHero15_1,2,Ninja,0,2,312627
3,Assassin,0,2,15,8,1000,synergyHero15_2,17,Elementalist,1,3,274390
3,Assassin,0,2,15,8,1000,synergyHero15_3,35,Warden,2,6,302043
3,Assassin,0,2,16,8,1000,synergyHero16_1,36,Praetorian,0,7,318494
3,Assassin,0,2,16,8,1000,synergyHero16_2,16,Wizard,1,3,300064
3,Assassin,0,2,16,8,1000,synergyHero16_3,19,Spelldancer,1,4,271770
4,Peacekeeper,0,3,1,1,0,synergyHero1,28,Ranger,2,3,304705
4,Peacekeeper,0,3,2,1,0,synergyHero2_1,5,Samurai,0,3,280121
4,Peacekeeper,0,3,2,1,0,synergyHero2_2,16,Wizard,1,3,300064
4,Peacekeeper,0,3,3,2,15,synergyHero3,0,Militia,0,1,306419
4,Peacekeeper,0,3,4,2,15,synergyHero4_1,11,Warlord,0,6,301908
4,Peacekeeper,0,3,4,2,15,synergyHero4_2,32,Ballista,2,5,317683
4,Peacekeeper,0,3,5,3,50,synergyHero5,9,Chieftain,0,5,314374
4,Peacekeeper,0,3,6,3,50,synergyHero6_1,8,Berserker,0,5,289330
4,Peacekeeper,0,3,6,3,50,synergyHero6_2,26,Forester,2,2,314946
4,Peacekeeper,0,3,7,4,100,synergyHero7,3,Assassin,0,2,296877
4,Peacekeeper,0,3,8,4,100,synergyHero8_1,2,Ninja,0,2,312627
4,Peacekeeper,0,3,8,4,100,synergyHero8_2,19,Spelldancer,1,4,271770
4,Peacekeeper,0,3,9,5,150,synergyHero9,15,Witch,1,2,318062
4,Peacekeeper,0,3,10,5,150,synergyHero10_1,12,Apprentice,1,1,277314
4,Peacekeeper,0,3,10,5,150,synergyHero10_2,31,Rogue,2,4,316887
4,Peacekeeper,0,3,11,6,250,synergyHero11,24,Scout,2,1,317780
4,Peacekeeper,0,3,12,6,250,synergyHero12_1,38,Sovereign,1,7,309440
4,Peacekeeper,0,3,12,6,250,synergyHero12_2,35,Warden,2,6,302043
4,Peacekeeper,0,3,13,7,500,synergyHero13,34,Captain,2,6,313636
4,Peacekeeper,0,3,14,7,500,synergyHero14_1,7,Gladiator,0,4,295526
4,Peacekeeper,0,3,14,7,500,synergyHero14_2,11,Warlord,0,6,301908
4,Peacekeeper,0,3,15,8,1000,synergyHero15_1,11,Warlord,0,6,301908
4,Peacekeeper,0,3,15,8,1000,synergyHero15_2,12,Apprentice,1,1,277314
4,Peacekeeper,0,3,15,8,1000,synergyHero15_3,29,Arbalest,2,3,305299
4,Peacekeeper,0,3,16,8,1000,synergyHero16_1,7,Gladiator,0,4,295526
4,Peacekeeper,0,3,16,8,1000,synergyHero16_2,8,Berserker,0,5,289330
4,Peacekeeper,0,3,16,8,1000,synergyHero16_3,35,Warden,2,6,302043
5,Samurai,0,3,1,1,0,synergyHero1,29,Arbalest,2,3,305299
5,Samurai,0,3,2,1,0,synergyHero2_1,4,Peacekeeper,0,3,316916
5,Samurai,0,3,2,1,0,synergyHero2_2,16,Wizard,1,3,300064
5,Samurai,0,3,3,2,15,synergyHero3,15,Witch,1,2,318062
5,Samurai,0,3,4,2,15,synergyHero4_1,20,Skymage,1,5,280408
5,Samurai,0,3,4,2,15,synergyHero4_2,22,Templar,1,6,304679
5,Samurai,0,3,5,3,50,synergyHero5,40,Deadeye,2,7,310314
5,Samurai,0,3,6,3,50,synergyHero6_1,23,Necromancer,1,6,278537
5,Samurai,0,3,6,3,50,synergyHero6_2,25,Hunter,2,1,294026
5,Samurai,0,3,7,4,100,synergyHero7,32,Ballista,2,5,317683
5,Samurai,0,3,8,4,100,synergyHero8_1,24,Scout,2,1,317780
5,Samurai,0,3,8,4,100,synergyHero8_2,35,Warden,2,6,302043
5,Samurai,0,3,9,5,150,synergyHero9,8,Berserker,0,5,289330
5,Samurai,0,3,10,5,150,synergyHero10_1,1,Viking,0,1,305535
5,Samurai,0,3,10,5,150,synergyHero10_2,17,Elementalist,1,3,274390
5,Samurai,0,3,11,6,250,synergyHero11,36,Praetorian,0,7,318494
5,Samurai,0,3,12,6,250,synergyHero12_1,6,Paladin,0,4,283139
5,Samurai,0,3,12,6,250,synergyHero12_2,10,Champion,0,6,300301
5,Samurai,0,3,13,7,500,synergyHero13,7,Gladiator,0,4,295526
5,Samurai,0,3,14,7,500,synergyHero14_1,13,Druid,1,1,285341
5,Samurai,0,3,14,7,500,synergyHero14_2,34,Captain,2,6,313636
5,Samurai,0,3,15,8,1000,synergyHero15_1,8,Berserker,0,5,289330
5,Samurai,0,3,15,8,1000,synergyHero15_2,26,Forester,2,2,314946
5,Samurai,0,3,15,8,1000,synergyHero15_3,28,Ranger,2,3,304705
5,Samurai,0,3,16,8,1000,synergyHero16_1,6,Paladin,0,4,283139
5,Samurai,0,3,16,8,1000,synergyHero16_2,10,Champion,0,6,300301
5,Samurai,0,3,16,8,1000,synergyHero16_3,18,Battlemage,1,4,309008
6,Paladin,0,4,1,1,0,synergyHero1,7,Gladiator,0,4,295526
6,Paladin,0,4,2,1,0,synergyHero2_1,19,Spelldancer,1,4,271770
6,Paladin,0,4,2,1,0,synergyHero2_2,30,Sniper,2,4,312907
6,Paladin,0,4,3,2,15,synergyHero3,24,Scout,2,1,317780
6,Paladin,0,4,4,2,15,synergyHero4_1,14,Sorcerer,1,2,311478
6,Paladin,0,4,4,2,15,synergyHero4_2,33,Crusader,2,5,314873
6,Paladin,0,4,5,3,50,synergyHero5,15,Witch,1,2,318062
6,Paladin,0,4,6,3,50,synergyHero6_1,36,Praetorian,0,7,318494
6,Paladin,0,4,6,3,50,synergyHero6_2,41,Veteran,2,7,280126
6,Paladin,0,4,7,4,100,synergyHero7,22,Templar,1,6,304679
6,Paladin,0,4,8,4,100,synergyHero8_1,9,Chieftain,0,5,314374
6,Paladin,0,4,8,4,100,synergyHero8_2,30,Sniper,2,4,312907
6,Paladin,0,4,9,5,150,synergyHero9,26,Forester,2,2,314946
6,Paladin,0,4,10,5,150,synergyHero10_1,11,Warlord,0,6,301908
6,Paladin,0,4,10,5,150,synergyHero10_2,13,Druid,1,1,285341
6,Paladin,0,4,11,6,250,synergyHero11,18,Battlemage,1,4,309008
6,Paladin,0,4,12,6,250,synergyHero12_1,5,Samurai,0,3,280121
6,Paladin,0,4,12,6,250,synergyHero12_2,10,Champion,0,6,300301
6,Paladin,0,4,13,7,500,synergyHero13,14,Sorcerer,1,2,311478
6,Paladin,0,4,14,7,500,synergyHero14_1,8,Berserker,0,5,289330
6,Paladin,0,4,14,7,500,synergyHero14_2,22,Templar,1,6,304679
6,Paladin,0,4,15,8,1000,synergyHero15_1,24,Scout,2,1,317780
6,Paladin,0,4,15,8,1000,synergyHero15_2,25,Hunter,2,1,294026
6,Paladin,0,4,15,8,1000,synergyHero15_3,31,Rogue,2,4,316887
6,Paladin,0,4,16,8,1000,synergyHero16_1,5,Samurai,0,3,280121
6,Paladin,0,4,16,8,1000,synergyHero16_2,10,Champion,0,6,300301
6,Paladin,0,4,16,8,1000,synergyHero16_3,18,Battlemage,1,4,309008
7,Gladiator,0,4,1,1,0,synergyHero1,6,Paladin,0,4,283139
7,Gladiator,0,4,2,1,0,synergyHero2_1,18,Battlemage,1,4,309008
7,Gladiator,0,4,2,1,0,synergyHero2_2,31,Rogue,2,4,316887
7,Gladiator,0,4,3,2,15,synergyHero3,3,Assassin,0,2,296877
7,Gladiator,0,4,4,2,15,synergyHero4_1,26,Forester,2,2,314946
7,Gladiator,0,4,4,2,15,synergyHero4_2,28,Ranger,2,3,304705
7,Gladiator,0,4,5,3,50,synergyHero5,0,Militia,0,1,306419
7,Gladiator,0,4,6,3,50,synergyHero6_1,10,Champion,0,6,300301
7,Gladiator,0,4,6,3,50,synergyHero6_2,17,Elementalist,1,3,274390
7,Gladiator,0,4,7,4,100,synergyHero7,1,Viking,0,1,305535
7,Gladiator,0,4,8,4,100,synergyHero8_1,12,Apprentice,1,1,277314
7,Gladiator,0,4,8,4,100,synergyHero8_2,27,Archer,2,2,284600
7,Gladiator,0,4,9,5,150,synergyHero9,22,Templar,1,6,304679
7,Gladiator,0,4,10,5,150,synergyHero10_1,20,Skymage,1,5,280408
7,Gladiator,0,4,10,5,150,synergyHero10_2,40,Deadeye,2,7,310314
7,Gladiator,0,4,11,6,250,synergyHero11,32,Ballista,2,5,317683
7,Gladiator,0,4,12,6,250,synergyHero12_1,2,Ninja,0,2,312627
7,Gladiator,0,4,12,6,250,synergyHero12_2,21,Warlock,1,5,287059
7,Gladiator,0,4,13,7,500,synergyHero13,5,Samurai,0,3,280121
7,Gladiator,0,4,14,7,500,synergyHero14_1,4,Peacekeeper,0,3,316916
7,Gladiator,0,4,14,7,500,synergyHero14_2,11,Warlord,0,6,301908
7,Gladiator,0,4,15,8,1000,synergyHero15_1,0,Militia,0,1,306419
7,Gladiator,0,4,15,8,1000,synergyHero15_2,14,Sorcerer,1,2,311478
7,Gladiator,0,4,15,8,1000,synergyHero15_3,34,Captain,2,6,313636
7,Gladiator,0,4,16,8,1000,synergyHero16_1,4,Peacekeeper,0,3,316916
7,Gladiator,0,4,16,8,1000,synergyHero16_2,8,Berserker,0,5,289330
7,Gladiator,0,4,16,8,1000,synergyHero16_3,35,Warden,2,6,302043
8,Berserker,0,5,1,1,0,synergyHero1,20,Skymage,1,5,280408
8,Berserker,0,5,2,1,0,synergyHero2_1,9,Chieftain,0,5,314374
8,Berserker,0,5,2,1,0,synergyHero2_2,32,Ballista,2,5,317683
8,Berserker,0,5,3,2,15,synergyHero3,41,Veteran,2,7,280126
8,Berserker,0,5,4,2,15,synergyHero4_1,2,Ninja,0,2,312627
8,Berserker,0,5,4,2,15,synergyHero4_2,24,Scout,2,1,317780
8,Berserker,0,5,5,3,50,synergyHero5,12,Apprentice,1,1,277314
8,Berserker,0,5,6,3,50,synergyHero6_1,4,Peacekeeper,0,3,316916
8,Berserker,0,5,6,3,50,synergyHero6_2,26,Forester,2,2,314946
8,Berserker,0,5,7,4,100,synergyHero7,29,Arbalest,2,3,305299
8,Berserker,0,5,8,4,100,synergyHero8_1,3,Assassin,0,2,296877
8,Berserker,0,5,8,4,100,synergyHero8_2,14,Sorcerer,1,2,311478
8,Berserker,0,5,9,5,150,synergyHero9,5,Samurai,0,3,280121
8,Berserker,0,5,10,5,150,synergyHero10_1,37,Titan,0,7,299058
8,Berserker,0,5,10,5,150,synergyHero10_2,16,Wizard,1,3,300064
8,Berserker,0,5,11,6,250,synergyHero11,38,Sovereign,1,7,309440
8,Berserker,0,5,12,6,250,synergyHero12_1,13,Druid,1,1,285341
8,Berserker,0,5,12,6,250,synergyHero12_2,25,Hunter,2,1,294026
8,Berserker,0,5,13,7,500,synergyHero13,18,Battlemage,1,4,309008
8,Berserker,0,5,14,7,500,synergyHero14_1,6,Paladin,0,4,283139
8,Berserker,0,5,14,7,500,synergyHero14_2,22,Templar,1,6,304679
8,Berserker,0,5,15,8,1000,synergyHero15_1,5,Samurai,0,3,280121
8,Berserker,0,5,15,8,1000,synergyHero15_2,26,Forester,2,2,314946
8,Berserker,0,5,15,8,1000,synergyHero15_3,28,Ranger,2,3,304705
8,Berserker,0,5,16,8,1000,synergyHero16_1,4,Peacekeeper,0,3,316916
8,Berserker,0,5,16,8,1000,synergyHero16_2,7,Gladiator,0,4,295526
8,Berserker,0,5,16,8,1000,synergyHero16_3,35,Warden,2,6,302043
9,Chieftain,0,5,1,1,0,synergyHero1,21,Warlock,1,5,287059
9,Chieftain,0,5,2,1,0,synergyHero2_1,8,Berserker,0,5,289330
9,Chieftain,0,5,2,1,0,synergyHero2_2,32,Ballista,2,5,317683
9,Chieftain,0,5,3,2,15,synergyHero3,27,Archer,2,2,284600
9,Chieftain,0,5,4,2,15,synergyHero4_1,38,Sovereign,1,7,309440
9,Chieftain,0,5,4,2,15,synergyHero4_2,34,Captain,2,6,313636
9,Chieftain,0,5,5,3,50,synergyHero5,4,Peacekeeper,0,3,316916
9,Chieftain,0,5,6,3,50,synergyHero6_1,29,Arbalest,2,3,305299
9,Chieftain,0,5,6,3,50,synergyHero6_2,30,Sniper,2,4,312907
9,Chieftain,0,5,7,4,100,synergyHero7,13,Druid,1,1,285341
9,Chieftain,0,5,8,4,100,synergyHero8_1,6,Paladin,0,4,283139
9,Chieftain,0,5,8,4,100,synergyHero8_2,30,Sniper,2,4,312907
9,Chieftain,0,5,9,5,150,synergyHero9,18,Battlemage,1,4,309008
9,Chieftain,0,5,10,5,150,synergyHero10_1,2,Ninja,0,2,312627
9,Chieftain,0,5,10,5,150,synergyHero10_2,41,Veteran,2,7,280126
9,Chieftain,0,5,11,6,250,synergyHero11,1,Viking,0,1,305535
9,Chieftain,0,5,12,6,250,synergyHero12_1,15,Witch,1,2,318062
9,Chieftain,0,5,12,6,250,synergyHero12_2,19,Spelldancer,1,4,271770
9,Chieftain,0,5,13,7,500,synergyHero13,26,Forester,2,2,314946
9,Chieftain,0,5,14,7,500,synergyHero14_1,17,Elementalist,1,3,274390
9,Chieftain,0,5,14,7,500,synergyHero14_2,38,Sovereign,1,7,309440
9,Chieftain,0,5,15,8,1000,synergyHero15_1,13,Druid,1,1,285341
9,Chieftain,0,5,15,8,1000,synergyHero15_2,21,Warlock,1,5,287059
9,Chieftain,0,5,15,8,1000,synergyHero15_3,27,Archer,2,2,284600
9,Chieftain,0,5,16,8,1000,synergyHero16_1,13,Druid,1,1,285341
9,Chieftain,0,5,16,8,1000,synergyHero16_2,17,Elementalist,1,3,274390
9,Chieftain,0,5,16,8,1000,synergyHero16_3,28,Ranger,2,3,304705
10,Champion,0,6,1,1,0,synergyHero1,11,Warlord,0,6,301908
10,Champion,0,6,2,1,0,synergyHero2_1,22,Templar,1,6,304679
10,Champion,0,6,2,1,0,synergyHero2_2,35,Warden,2,6,302043
10,Champion,0,6,3,2,15,synergyHero3,14,Sorcerer,1,2,311478
10,Champion,0,6,4,2,15,synergyHero4_1,36,Praetorian,0,7,318494
10,Champion,0,6,4,2,15,synergyHero4_2,31,Rogue,2,4,316887
10,Champion,0,6,5,3,50,synergyHero5,19,Spelldancer,1,4,271770
10,Champion,0,6,6,3,50,synergyHero6_1,7,Gladiator,0,4,295526
10,Champion,0,6,6,3,50,synergyHero6_2,17,Elementalist,1,3,274390
10,Champion,0,6,7,4,100,synergyHero7,25,Hunter,2,1,294026
10,Champion,0,6,8,4,100,synergyHero8_1,0,Militia,0,1,306419
10,Champion,0,6,8,4,100,synergyHero8_2,33,Crusader,2,5,314873
10,Champion,0,6,9,5,150,synergyHero9,32,Ballista,2,5,317683
10,Champion,0,6,10,5,150,synergyHero10_1,21,Warlock,1,5,287059
10,Champion,0,6,10,5,150,synergyHero10_2,27,Archer,2,2,284600
10,Champion,0,6,11,6,250,synergyHero11,30,Sniper,2,4,312907
10,Champion,0,6,12,6,250,synergyHero12_1,5,Samurai,0,3,280121
10,Champion,0,6,12,6,250,synergyHero12_2,6,Paladin,0,4,283139
10,Champion,0,6,13,7,500,synergyHero13,24,Scout,2,1,317780
10,Champion,0,6,14,7,500,synergyHero14_1,12,Apprentice,1,1,277314
10,Champion,0,6,14,7,500,synergyHero14_2,40,Deadeye,2,7,310314
10,Champion,0,6,15,8,1000,synergyHero15_1,20,Skymage,1,5,280408
10,Champion,0,6,15,8,1000,synergyHero15_2,30,Sniper,2,4,312907
10,Champion,0,6,15,8,1000,synergyHero15_3,41,Veteran,2,7,280126
10,Champion,0,6,16,8,1000,synergyHero16_1,5,Samurai,0,3,280121
10,Champion,0,6,16,8,1000,synergyHero16_2,6,Paladin,0,4,283139
10,Champion,0,6,16,8,1000,synergyHero16_3,18,Battlemage,1,4,309008
11,Warlord,0,6,1,1,0,synergyHero1,10,Champion,0,6,300301
11,Warlord,0,6,2,1,0,synergyHero2_1,23,Necromancer,1,6,278537
11,Warlord,0,6,2,1,0,synergyHero2_2,34,Captain,2,6,313636
11,Warlord,0,6,3,2,15,synergyHero3,33,Crusader,2,5,314873
11,Warlord,0,6,4,2,15,synergyHero4_1,4,Peacekeeper,0,3,316916
11,Warlord,0,6,4,2,15,synergyHero4_2,32,Ballista,2,5,317683
11,Warlord,0,6,5,3,50,synergyHero5,30,Sniper,2,4,312907
11,Warlord,0,6,6,3,50,synergyHero6_1,15,Witch,1,2,318062
11,Warlord,0,6,6,3,50,synergyHero6_2,16,Wizard,1,3,300064
11,Warlord,0,6,7,4,100,synergyHero7,24,Scout,2,1,317780
11,Warlord,0,6,8,4,100,synergyHero8_1,20,Skymage,1,5,280408
11,Warlord,0,6,8,4,100,synergyHero8_2,41,Veteran,2,7,280126
11,Warlord,0,6,9,5,150,synergyHero9,37,Titan,0,7,299058
11,Warlord,0,6,10,5,150,synergyHero10_1,6,Paladin,0,4,283139
11,Warlord,0,6,10,5,150,synergyHero10_2,13,Druid,1,1,285341
11,Warlord,0,6,11,6,250,synergyHero11,39,Dicemaster,1,7,319449
11,Warlord,0,6,12,6,250,synergyHero12_1,3,Assassin,0,2,296877
11,Warlord,0,6,12,6,250,synergyHero12_2,16,Wizard,1,3,300064
11,Warlord,0,6,13,7,500,synergyHero13,1,Viking,0,1,305535
11,Warlord,0,6,14,7,500,synergyHero14_1,4,Peacekeeper,0,3,316916
11,Warlord,0,6,14,7,500,synergyHero14_2,7,Gladiator,0,4,295526
11,Warlord,0,6,15,8,1000,synergyHero15_1,4,Peacekeeper,0,3,316916
11,Warlord,0,6,15,8,1000,synergyHero15_2,12,Apprentice,1,1,277314
11,Warlord,0,6,15,8,1000,synergyHero15_3,29,Arbalest,2,3,305299
11,Warlord,0,6,16,8,1000,synergyHero16_1,37,Titan,0,7,299058
11,Warlord,0,6,16,8,1000,synergyHero16_2,21,Warlock,1,5,287059
11,Warlord,0,6,16,8,1000,synergyHero16_3,21,Warlock,1,5,287059
12,Apprentice,1,1,1,1,0,synergyHero1,0,Militia,0,1,306419
12,Apprentice,1,1,2,1,0,synergyHero2_1,13,Druid,1,1,285341
12,Apprentice,1,1,2,1,0,synergyHero2_2,25,Hunter,2,1,294026
12,Apprentice,1,1,3,2,15,synergyHero3,20,Skymage,1,5,280408
12,Apprentice,1,1,4,2,15,synergyHero4_1,17,Elementalist,1,3,274390
12,Apprentice,1,1,4,2,15,synergyHero4_2,30,Sniper,2,4,312907
12,Apprentice,1,1,5,3,50,synergyHero5,8,Berserker,0,5,289330
12,Apprentice,1,1,6,3,50,synergyHero6_1,3,Assassin,0,2,296877
12,Apprentice,1,1,6,3,50,synergyHero6_2,19,Spelldancer,1,4,271770
12,Apprentice,1,1,7,4,100,synergyHero7,37,Titan,0,7,299058
12,Apprentice,1,1,8,4,100,synergyHero8_1,7,Gladiator,0,4,295526
12,Apprentice,1,1,8,4,100,synergyHero8_2,27,Archer,2,2,284600
12,Apprentice,1,1,9,5,150,synergyHero9,23,Necromancer,1,6,278537
12,Apprentice,1,1,10,5,150,synergyHero10_1,4,Peacekeeper,0,3,316916
12,Apprentice,1,1,10,5,150,synergyHero10_2,31,Rogue,2,4,316887
12,Apprentice,1,1,11,6,250,synergyHero11,2,Ninja,0,2,312627
12,Apprentice,1,1,12,6,250,synergyHero12_1,36,Praetorian,0,7,318494
12,Apprentice,1,1,12,6,250,synergyHero12_2,30,Sniper,2,4,312907
12,Apprentice,1,1,13,7,500,synergyHero13,39,Dicemaster,1,7,319449
12,Apprentice,1,1,14,7,500,synergyHero14_1,10,Champion,0,6,300301
12,Apprentice,1,1,14,7,500,synergyHero14_2,40,Deadeye,2,7,310314
12,Apprentice,1,1,15,8,1000,synergyHero15_1,4,Peacekeeper,0,3,316916
12,Apprentice,1,1,15,8,1000,synergyHero15_2,11,Warlord,0,6,301908
12,Apprentice,1,1,15,8,1000,synergyHero15_3,29,Arbalest,2,3,305299
12,Apprentice,1,1,16,8,1000,synergyHero16_1,15,Witch,1,2,318062
12,Apprentice,1,1,16,8,1000,synergyHero16_2,20,Skymage,1,5,280408
12,Apprentice,1,1,16,8,1000,synergyHero16_3,39,Dicemaster,1,7,319449
13,Druid,1,1,1,1,0,synergyHero1,1,Viking,0,1,305535
13,Druid,1,1,2,1,0,synergyHero2_1,12,Apprentice,1,1,277314
13,Druid,1,1,2,1,0,synergyHero2_2,25,Hunter,2,1,294026
13,Druid,1,1,3,2,15,synergyHero3,29,Arbalest,2,3,305299
13,Druid,1,1,4,2,15,synergyHero4_1,0,Militia,0,1,306419
13,Druid,1,1,4,2,15,synergyHero4_2,18,Battlemage,1,4,309008
13,Druid,1,1,5,3,50,synergyHero5,20,Skymage,1,5,280408
13,Druid,1,1,6,3,50,synergyHero6_1,22,Templar,1,6,304679
13,Druid,1,1,6,3,50,synergyHero6_2,24,Scout,2,1,317780
13,Druid,1,1,7,4,100,synergyHero7,9,Chieftain,0,5,314374
13,Druid,1,1,8,4,100,synergyHero8_1,39,Dicemaster,1,7,319449
13,Druid,1,1,8,4,100,synergyHero8_2,31,Rogue,2,4,316887
13,Druid,1,1,9,5,150,synergyHero9,34,Captain,2,6,313636
13,Druid,1,1,10,5,150,synergyHero10_1,6,Paladin,0,4,283139
13,Druid,1,1,10,5,150,synergyHero10_2,11,Warlord,0,6,301908
13,Druid,1,1,11,6,250,synergyHero11,15,Witch,1,2,318062
13,Druid,1,1,12,6,250,synergyHero12_1,8,Berserker,0,5,289330
13,Druid,1,1,12,6,250,synergyHero12_2,25,Hunter,2,1,294026
13,Druid,1,1,13,7,500,synergyHero13,19,Spelldancer,1,4,271770
13,Druid,1,1,14,7,500,synergyHero14_1,5,Samurai,0,3,280121
13,Druid,1,1,14,7,500,synergyHero14_2,34,Captain,2,6,313636
13,Druid,1,1,15,8,1000,synergyHero15_1,9,Chieftain,0,5,314374
13,Druid,1,1,15,8,1000,synergyHero15_2,21,Warlock,1,5,287059
13,Druid,1,1,15,8,1000,synergyHero15_3,27,Archer,2,2,284600
13,Druid,1,1,16,8,1000,synergyHero16_1,9,Chieftain,0,5,314374
13,Druid,1,1,16,8,1000,synergyHero16_2,17,Elementalist,1,3,274390
13,Druid,1,1,16,8,1000,synergyHero16_3,28,Ranger,2,3,304705
14,Sorcerer,1,2,1,1,0,synergyHero1,27,Archer,2,2,284600
14,Sorcerer,1,2,2,1,0,synergyHero2_1,2,Ninja,0,2,312627
14,Sorcerer,1,2,2,1,0,synergyHero2_2,15,Witch,1,2,318062
14,Sorcerer,1,2,3,2,15,synergyHero3,10,Champion,0,6,300301
14,Sorcerer,1,2,4,2,15,synergyHero4_1,6,Paladin,0,4,283139
14,Sorcerer,1,2,4,2,15,synergyHero4_2,33,Crusader,2,5,314873
14,Sorcerer,1,2,5,3,50,synergyHero5,23,Necromancer,1,6,278537
14,Sorcerer,1,2,6,3,50,synergyHero6_1,1,Viking,0,1,305535
14,Sorcerer,1,2,6,3,50,synergyHero6_2,39,Dicemaster,1,7,319449
14,Sorcerer,1,2,7,4,100,synergyHero7,17,Elementalist,1,3,274390
14,Sorcerer,1,2,8,4,100,synergyHero8_1,3,Assassin,0,2,296877
14,Sorcerer,1,2,8,4,100,synergyHero8_2,8,Berserker,0,5,289330
14,Sorcerer,1,2,9,5,150,synergyHero9,24,Scout,2,1,317780
14,Sorcerer,1,2,10,5,150,synergyHero10_1,36,Praetorian,0,7,318494
14,Sorcerer,1,2,10,5,150,synergyHero10_2,33,Crusader,2,5,314873
14,Sorcerer,1,2,11,6,250,synergyHero11,22,Templar,1,6,304679
14,Sorcerer,1,2,12,6,250,synergyHero12_1,20,Skymage,1,5,280408
14,Sorcerer,1,2,12,6,250,synergyHero12_2,32,Ballista,2,5,317683
14,Sorcerer,1,2,13,7,500,synergyHero13,6,Paladin,0,4,283139
14,Sorcerer,1,2,14,7,500,synergyHero14_1,16,Wizard,1,3,300064
14,Sorcerer,1,2,14,7,500,synergyHero14_2,20,Skymage,1,5,280408
14,Sorcerer,1,2,15,8,1000,synergyHero15_1,0,Militia,0,1,306419
14,Sorcerer,1,2,15,8,1000,synergyHero15_2,7,Gladiator,0,4,295526
14,Sorcerer,1,2,15,8,1000,synergyHero15_3,34,Captain,2,6,313636
14,Sorcerer,1,2,16,8,1000,synergyHero16_1,23,Necromancer,1,6,278537
14,Sorcerer,1,2,16,8,1000,synergyHero16_2,26,Forester,2,2,314946
14,Sorcerer,1,2,16,8,1000,synergyHero16_3,40,Deadeye,2,7,310314
15,Witch,1,2,1,1,0,synergyHero1,26,Forester,2,2,314946
15,Witch,1,2,2,1,0,synergyHero2_1,2,Ninja,0,2,312627
15,Witch,1,2,2,1,0,synergyHero2_2,14,Sorcerer,1,2,311478
15,Witch,1,2,3,2,15,synergyHero3,5,Samurai,0,3,280121
15,Witch,1,2,4,2,15,synergyHero4_1,23,Necromancer,1,6,278537
15,Witch,1,2,4,2,15,synergyHero4_2,25,Hunter,2,1,294026
15,Witch,1,2,5,3,50,synergyHero5,6,Paladin,0,4,283139
15,Witch,1,2,6,3,50,synergyHero6_1,11,Warlord,0,6,301908
15,Witch,1,2,6,3,50,synergyHero6_2,16,Wizard,1,3,300064
15,Witch,1,2,7,4,100,synergyHero7,0,Militia,0,1,306419
15,Witch,1,2,8,4,100,synergyHero8_1,28,Ranger,2,3,304705
15,Witch,1,2,8,4,100,synergyHero8_2,32,Ballista,2,5,317683
15,Witch,1,2,9,5,150,synergyHero9,4,Peacekeeper,0,3,316916
15,Witch,1,2,10,5,150,synergyHero10_1,18,Battlemage,1,4,309008
15,Witch,1,2,10,5,150,synergyHero10_2,38,Sovereign,1,7,309440
15,Witch,1,2,11,6,250,synergyHero11,13,Druid,1,1,285341
15,Witch,1,2,12,6,250,synergyHero12_1,9,Chieftain,0,5,314374
15,Witch,1,2,12,6,250,synergyHero12_2,19,Spelldancer,1,4,271770
15,Witch,1,2,13,7,500,synergyHero13,37,Titan,0,7,299058
15,Witch,1,2,14,7,500,synergyHero14_1,23,Necromancer,1,6,278537
15,Witch,1,2,14,7,500,synergyHero14_2,35,Warden,2,6,302043
15,Witch,1,2,15,8,1000,synergyHero15_1,18,Battlemage,1,4,309008
15,Witch,1,2,15,8,1000,synergyHero15_2,19,Spelldancer,1,4,271770
15,Witch,1,2,15,8,1000,synergyHero15_3,22,Templar,1,6,304679
15,Witch,1,2,16,8,1000,synergyHero16_1,12,Apprentice,1,1,277314
15,Witch,1,2,16,8,1000,synergyHero16_2,20,Skymage,1,5,280408
15,Witch,1,2,16,8,1000,synergyHero16_3,39,Dicemaster,1,7,319449
16,Wizard,1,3,1,1,0,synergyHero1,17,Elementalist,1,3,274390
16,Wizard,1,3,2,1,0,synergyHero2_1,4,Peacekeeper,0,3,316916
16,Wizard,1,3,2,1,0,synergyHero2_2,5,Samurai,0,3,280121
16,Wizard,1,3,3,2,15,synergyHero3,18,Battlemage,1,4,309008
16,Wizard,1,3,4,2,15,synergyHero4_1,37,Titan,0,7,299058
16,Wizard,1,3,4,2,15,synergyHero4_2,39,Dicemaster,1,7,319449
16,Wizard,1,3,5,3,50,synergyHero5,2,Ninja,0,2,312627
16,Wizard,1,3,6,3,50,synergyHero6_1,11,Warlord,0,6,301908
16,Wizard,1,3,6,3,50,synergyHero6_2,15,Witch,1,2,318062
16,Wizard,1,3,7,4,100,synergyHero7,40,Deadeye,2,7,310314
16,Wizard,1,3,8,4,100,synergyHero8_1,36,Praetorian,0,7,318494
16,Wizard,1,3,8,4,100,synergyHero8_2,18,Battlemage,1,4,309008
16,Wizard,1,3,9,5,150,synergyHero9,21,Warlock,1,5,287059
16,Wizard,1,3,10,5,150,synergyHero10_1,8,Berserker,0,5,289330
16,Wizard,1,3,10,5,150,synergyHero10_2,37,Titan,0,7,299058
16,Wizard,1,3,11,6,250,synergyHero11,28,Ranger,2,3,304705
16,Wizard,1,3,12,6,250,synergyHero12_1,3,Assassin,0,2,296877
16,Wizard,1,3,12,6,250,synergyHero12_2,11,Warlord,0,6,301908
16,Wizard,1,3,13,7,500,synergyHero13,33,Crusader,2,5,314873
16,Wizard,1,3,14,7,500,synergyHero14_1,14,Sorcerer,1,2,311478
16,Wizard,1,3,14,7,500,synergyHero14_2,20,Skymage,1,5,280408
16,Wizard,1,3,15,8,1000,synergyHero15_1,1,Viking,0,1,305535
16,Wizard,1,3,15,8,1000,synergyHero15_2,23,Necromancer,1,6,278537
16,Wizard,1,3,15,8,1000,synergyHero15_3,32,Ballista,2,5,317683
16,Wizard,1,3,16,8,1000,synergyHero16_1,3,Assassin,0,2,296877
16,Wizard,1,3,16,8,1000,synergyHero16_2,36,Praetorian,0,7,318494
16,Wizard,1,3,16,8,1000,synergyHero16_3,19,Spelldancer,1,4,271770
17,Elementalist,1,3,1,1,0,synergyHero1,16,Wizard,1,3,300064
17,Elementalist,1,3,2,1,0,synergyHero2_1,28,Ranger,2,3,304705
17,Elementalist,1,3,2,1,0,synergyHero2_2,29,Arbalest,2,3,305299
17,Elementalist,1,3,3,2,15,synergyHero3,25,Hunter,2,1,294026
17,Elementalist,1,3,4,2,15,synergyHero4_1,12,Apprentice,1,1,277314
17,Elementalist,1,3,4,2,15,synergyHero4_2,30,Sniper,2,4,312907
17,Elementalist,1,3,5,3,50,synergyHero5,26,Forester,2,2,314946
17,Elementalist,1,3,6,3,50,synergyHero6_1,7,Gladiator,0,4,295526
17,Elementalist,1,3,6,3,50,synergyHero6_2,10,Champion,0,6,300301
17,Elementalist,1,3,7,4,100,synergyHero7,14,Sorcerer,1,2,311478
17,Elementalist,1,3,8,4,100,synergyHero8_1,21,Warlock,1,5,287059
17,Elementalist,1,3,8,4,100,synergyHero8_2,40,Deadeye,2,7,310314
17,Elementalist,1,3,9,5,150,synergyHero9,35,Warden,2,6,302043
17,Elementalist,1,3,10,5,150,synergyHero10_1,1,Viking,0,1,305535
17,Elementalist,1,3,10,5,150,synergyHero10_2,5,Samurai,0,3,280121
17,Elementalist,1,3,11,6,250,synergyHero11,23,Necromancer,1,6,278537
17,Elementalist,1,3,12,6,250,synergyHero12_1,39,Dicemaster,1,7,319449
17,Elementalist,1,3,12,6,250,synergyHero12_2,24,Scout,2,1,317780
17,Elementalist,1,3,13,7,500,synergyHero13,31,Rogue,2,4,316887
17,Elementalist,1,3,14,7,500,synergyHero14_1,9,Chieftain,0,5,314374
17,Elementalist,1,3,14,7,500,synergyHero14_2,38,Sovereign,1,7,309440
17,Elementalist,1,3,15,8,1000,synergyHero15_1,2,Ninja,0,2,312627
17,Elementalist,1,3,15,8,1000,synergyHero15_2,3,Assassin,0,2,296877
17,Elementalist,1,3,15,8,1000,synergyHero15_3,35,Warden,2,6,302043
17,Elementalist,1,3,16,8,1000,synergyHero16_1,9,Chieftain,0,5,314374
17,Elementalist,1,3,16,8,1000,synergyHero16_2,13,Druid,1,1,285341
17,Elementalist,1,3,16,8,1000,synergyHero16_3,28,Ranger,2,3,304705
18,Battlemage,1,4,1,1,0,synergyHero1,19,Spelldancer,1,4,271770
18,Battlemage,1,4,2,1,0,synergyHero2_1,7,Gladiator,0,4,295526
18,Battlemage,1,4,2,1,0,synergyHero2_2,31,Rogue,2,4,316887
18,Battlemage,1,4,3,2,15,synergyHero3,16,Wizard,1,3,300064
18,Battlemage,1,4,4,2,15,synergyHero4_1,0,Militia,0,1,306419
18,Battlemage,1,4,4,2,15,synergyHero4_2,13,Druid,1,1,285341
18,Battlemage,1,4,5,3,50,synergyHero5,41,Veteran,2,7,280126
18,Battlemage,1,4,6,3,50,synergyHero6_1,32,Ballista,2,5,317683
18,Battlemage,1,4,6,3,50,synergyHero6_2,35,Warden,2,6,302043
18,Battlemage,1,4,7,4,100,synergyHero7,28,Ranger,2,3,304705
18,Battlemage,1,4,8,4,100,synergyHero8_1,36,Praetorian,0,7,318494
18,Battlemage,1,4,8,4,100,synergyHero8_2,16,Wizard,1,3,300064
18,Battlemage,1,4,9,5,150,synergyHero9,9,Chieftain,0,5,314374
18,Battlemage,1,4,10,5,150,synergyHero10_1,15,Witch,1,2,318062
18,Battlemage,1,4,10,5,150,synergyHero10_2,38,Sovereign,1,7,309440
18,Battlemage,1,4,11,6,250,synergyHero11,6,Paladin,0,4,283139
18,Battlemage,1,4,12,6,250,synergyHero12_1,26,Forester,2,2,314946
18,Battlemage,1,4,12,6,250,synergyHero12_2,40,Deadeye,2,7,310314
18,Battlemage,1,4,13,7,500,synergyHero13,8,Berserker,0,5,289330
18,Battlemage,1,4,14,7,500,synergyHero14_1,30,Sniper,2,4,312907
18,Battlemage,1,4,14,7,500,synergyHero14_2,33,Crusader,2,5,314873
18,Battlemage,1,4,15,8,1000,synergyHero15_1,15,Witch,1,2,318062
18,Battlemage,1,4,15,8,1000,synergyHero15_2,19,Spelldancer,1,4,271770
18,Battlemage,1,4,15,8,1000,synergyHero15_3,22,Templar,1,6,304679
18,Battlemage,1,4,16,8,1000,synergyHero16_1,5,Samurai,0,3,280121
18,Battlemage,1,4,16,8,1000,synergyHero16_2,6,Paladin,0,4,283139
18,Battlemage,1,4,16,8,1000,synergyHero16_3,10,Champion,0,6,300301
19,Spelldancer,1,4,1,1,0,synergyHero1,18,Battlemage,1,4,309008
19,Spelldancer,1,4,2,1,0,synergyHero2_1,6,Paladin,0,4,283139
19,Spelldancer,1,4,2,1,0,synergyHero2_2,30,Sniper,2,4,312907
19,Spelldancer,1,4,3,2,15,synergyHero3,1,Viking,0,1,305535
19,Spelldancer,1,4,4,2,15,synergyHero4_1,27,Archer,2,2,284600
19,Spelldancer,1,4,4,2,15,synergyHero4_2,35,Warden,2,6,302043
19,Spelldancer,1,4,5,3,50,synergyHero5,10,Champion,0,6,300301
19,Spelldancer,1,4,6,3,50,synergyHero6_1,3,Assassin,0,2,296877
19,Spelldancer,1,4,6,3,50,synergyHero6_2,12,Apprentice,1,1,277314
19,Spelldancer,1,4,7,4,100,synergyHero7,21,Warlock,1,5,287059
19,Spelldancer,1,4,8,4,100,synergyHero8_1,2,Ninja,0,2,312627
19,Spelldancer,1,4,8,4,100,synergyHero8_2,4,Peacekeeper,0,3,316916
19,Spelldancer,1,4,9,5,150,synergyHero9,30,Sniper,2,4,312907
19,Spelldancer,1,4,10,5,150,synergyHero10_1,24,Scout,2,1,317780
19,Spelldancer,1,4,10,5,150,synergyHero10_2,32,Ballista,2,5,317683
19,Spelldancer,1,4,11,6,250,synergyHero11,41,Veteran,2,7,280126
19,Spelldancer,1,4,12,6,250,synergyHero12_1,9,Chieftain,0,5,314374
19,Spelldancer,1,4,12,6,250,synergyHero12_2,15,Witch,1,2,318062
19,Spelldancer,1,4,13,7,500,synergyHero13,13,Druid,1,1,285341
19,Spelldancer,1,4,14,7,500,synergyHero14_1,0,Militia,0,1,306419
19,Spelldancer,1,4,14,7,500,synergyHero14_2,29,Arbalest,2,3,305299
19,Spelldancer,1,4,15,8,1000,synergyHero15_1,15,Witch,1,2,318062
19,Spelldancer,1,4,15,8,1000,synergyHero15_2,18,Battlemage,1,4,309008
19,Spelldancer,1,4,15,8,1000,synergyHero15_3,22,Templar,1,6,304679
19,Spelldancer,1,4,16,8,1000,synergyHero16_1,3,Assassin,0,2,296877
19,Spelldancer,1,4,16,8,1000,synergyHero16_2,36,Praetorian,0,7,318494
19,Spelldancer,1,4,16,8,1000,synergyHero16_3,16,Wizard,1,3,300064
20,Skymage,1,5,1,1,0,synergyHero1,8,Berserker,0,5,289330
20,Skymage,1,5,2,1,0,synergyHero2_1,21,Warlock,1,5,287059
20,Skymage,1,5,2,1,0,synergyHero2_2,33,Crusader,2,5,314873
20,Skymage,1,5,3,2,15,synergyHero3,12,Apprentice,1,1,277314
20,Skymage,1,5,4,2,15,synergyHero4_1,5,Samurai,0,3,280121
20,Skymage,1,5,4,2,15,synergyHero4_2,22,Templar,1,6,304679
20,Skymage,1,5,5,3,50,synergyHero5,13,Druid,1,1,285341
20,Skymage,1,5,6,3,50,synergyHero6_1,28,Ranger,2,3,304705
20,Skymage,1,5,6,3,50,synergyHero6_2,33,Crusader,2,5,314873
20,Skymage,1,5,7,4,100,synergyHero7,39,Dicemaster,1,7,319449
20,Skymage,1,5,8,4,100,synergyHero8_1,11,Warlord,0,6,301908
20,Skymage,1,5,8,4,100,synergyHero8_2,41,Veteran,2,7,280126
20,Skymage,1,5,9,5,150,synergyHero9,25,Hunter,2,1,294026
20,Skymage,1,5,10,5,150,synergyHero10_1,7,Gladiator,0,4,295526
20,Skymage,1,5,10,5,150,synergyHero10_2,40,Deadeye,2,7,310314
20,Skymage,1,5,11,6,250,synergyHero11,3,Assassin,0,2,296877
20,Skymage,1,5,12,6,250,synergyHero12_1,14,Sorcerer,1,2,311478
20,Skymage,1,5,12,6,250,synergyHero12_2,32,Ballista,2,5,317683
20,Skymage,1,5,13,7,500,synergyHero13,35,Warden,2,6,302043
20,Skymage,1,5,14,7,500,synergyHero14_1,14,Sorcerer,1,2,311478
20,Skymage,1,5,14,7,500,synergyHero14_2,16,Wizard,1,3,300064
20,Skymage,1,5,15,8,1000,synergyHero15_1,10,Champion,0,6,300301
20,Skymage,1,5,15,8,1000,synergyHero15_2,30,Sniper,2,4,312907
20,Skymage,1,5,15,8,1000,synergyHero15_3,41,Veteran,2,7,280126
20,Skymage,1,5,16,8,1000,synergyHero16_1,12,Apprentice,1,1,277314
20,Skymage,1,5,16,8,1000,synergyHero16_2,15,Witch,1,2,318062
20,Skymage,1,5,16,8,1000,synergyHero16_3,39,Dicemaster,1,7,319449
21,Warlock,1,5,1,1,0,synergyHero1,9,Chieftain,0,5,314374
21,Warlock,1,5,2,1,0,synergyHero2_1,33,Crusader,2,5,314873
21,Warlock,1,5,2,1,0,synergyHero2_2,20,Skymage,1,5,280408
21,Warlock,1,5,3,2,15,synergyHero3,36,Praetorian,0,7,318494
21,Warlock,1,5,4,2,15,synergyHero4_1,40,Deadeye,2,7,310314
21,Warlock,1,5,4,2,15,synergyHero4_2,41,Veteran,2,7,280126
21,Warlock,1,5,5,3,50,synergyHero5,38,Sovereign,1,7,309440
21,Warlock,1,5,6,3,50,synergyHero6_1,0,Militia,0,1,306419
21,Warlock,1,5,6,3,50,synergyHero6_2,34,Captain,2,6,313636
21,Warlock,1,5,7,4,100,synergyHero7,19,Spelldancer,1,4,271770
21,Warlock,1,5,8,4,100,synergyHero8_1,17,Elementalist,1,3,274390
21,Warlock,1,5,8,4,100,synergyHero8_2,40,Deadeye,2,7,310314
21,Warlock,1,5,9,5,150,synergyHero9,16,Wizard,1,3,300064
21,Warlock,1,5,10,5,150,synergyHero10_1,10,Champion,0,6,300301
21,Warlock,1,5,10,5,150,synergyHero10_2,27,Archer,2,2,284600
21,Warlock,1,5,11,6,250,synergyHero11,26,Forester,2,2,314946
21,Warlock,1,5,12,6,250,synergyHero12_1,2,Ninja,0,2,312627
21,Warlock,1,5,12,6,250,synergyHero12_2,7,Gladiator,0,4,295526
21,Warlock,1,5,13,7,500,synergyHero13,38,Sovereign,1,7,309440
21,Warlock,1,5,14,7,500,synergyHero14_1,37,Titan,0,7,299058
21,Warlock,1,5,14,7,500,synergyHero14_2,27,Archer,2,2,284600
21,Warlock,1,5,15,8,1000,synergyHero15_1,9,Chieftain,0,5,314374
21,Warlock,1,5,15,8,1000,synergyHero15_2,13,Druid,1,1,285341
21,Warlock,1,5,15,8,1000,synergyHero15_3,27,Archer,2,2,284600
21,Warlock,1,5,16,8,1000,synergyHero16_1,11,Warlord,0,6,301908
21,Warlock,1,5,16,8,1000,synergyHero16_2,37,Titan,0,7,299058
21,Warlock,1,5,16,8,1000,synergyHero16_3,21,Warlock,1,5,287059
22,Templar,1,6,1,1,0,synergyHero1,34,Captain,2,6,313636
22,Templar,1,6,2,1,0,synergyHero2_1,10,Champion,0,6,300301
22,Templar,1,6,2,1,0,synergyHero2_2,35,Warden,2,6,302043
22,Templar,1,6,3,2,15,synergyHero3,40,Deadeye,2,7,310314
22,Templar,1,6,4,2,15,synergyHero4_1,5,Samurai,0,3,280121
22,Templar,1,6,4,2,15,synergyHero4_2,20,Skymage,1,5,280408
22,Templar,1,6,5,3,50,synergyHero5,29,Arbalest,2,3,305299
22,Templar,1,6,6,3,50,synergyHero6_1,13,Druid,1,1,285341
22,Templar,1,6,6,3,50,synergyHero6_2,24,Scout,2,1,317780
22,Templar,1,6,7,4,100,synergyHero7,6,Paladin,0,4,283139
22,Templar,1,6,8,4,100,synergyHero8_1,38,Sovereign,1,7,309440
22,Templar,1,6,8,4,100,synergyHero8_2,26,Forester,2,2,314946
22,Templar,1,6,9,5,150,synergyHero9,7,Gladiator,0,4,295526
22,Templar,1,6,10,5,150,synergyHero10_1,39,Dicemaster,1,7,319449
22,Templar,1,6,10,5,150,synergyHero10_2,30,Sniper,2,4,312907
22,Templar,1,6,11,6,250,synergyHero11,14,Sorcerer,1,2,311478
22,Templar,1,6,12,6,250,synergyHero12_1,23,Necromancer,1,6,278537
22,Templar,1,6,12,6,250,synergyHero12_2,31,Rogue,2,4,316887
22,Templar,1,6,13,7,500,synergyHero13,41,Veteran,2,7,280126
22,Templar,1,6,14,7,500,synergyHero14_1,6,Paladin,0,4,283139
22,Templar,1,6,14,7,500,synergyHero14_2,8,Berserker,0,5,289330
22,Templar,1,6,15,8,1000,synergyHero15_1,15,Witch,1,2,318062
22,Templar,1,6,15,8,1000,synergyHero15_2,18,Battlemage,1,4,309008
22,Templar,1,6,15,8,1000,synergyHero15_3,19,Spelldancer,1,4,271770
22,Templar,1,6,16,8,1000,synergyHero16_1,22,Templar,1,6,304679
22,Templar,1,6,16,8,1000,synergyHero16_2,24,Scout,2,1,317780
22,Templar,1,6,16,8,1000,synergyHero16_3,30,Sniper,2,4,312907
23,Necromancer,1,6,1,1,0,synergyHero1,35,Warden,2,6,302043
23,Necromancer,1,6,2,1,0,synergyHero2_1,11,Warlord,0,6,301908
23,Necromancer,1,6,2,1,0,synergyHero2_2,34,Captain,2,6,313636
23,Necromancer,1,6,3,2,15,synergyHero3,30,Sniper,2,4,312907
23,Necromancer,1,6,4,2,15,synergyHero4_1,15,Witch,1,2,318062
23,Necromancer,1,6,4,2,15,synergyHero4_2,25,Hunter,2,1,294026
23,Necromancer,1,6,5,3,50,synergyHero5,14,Sorcerer,1,2,311478
23,Necromancer,1,6,6,3,50,synergyHero6_1,5,Samurai,0,3,280121
23,Necromancer,1,6,6,3,50,synergyHero6_2,25,Hunter,2,1,294026
23,Necromancer,1,6,7,4,100,synergyHero7,41,Veteran,2,7,280126
23,Necromancer,1,6,8,4,100,synergyHero8_1,1,Viking,0,1,305535
23,Necromancer,1,6,8,4,100,synergyHero8_2,37,Titan,0,7,299058
23,Necromancer,1,6,9,5,150,synergyHero9,12,Apprentice,1,1,277314
23,Necromancer,1,6,10,5,150,synergyHero10_1,0,Militia,0,1,306419
23,Necromancer,1,6,10,5,150,synergyHero10_2,29,Arbalest,2,3,305299
23,Necromancer,1,6,11,6,250,synergyHero11,17,Elementalist,1,3,274390
23,Necromancer,1,6,12,6,250,synergyHero12_1,22,Templar,1,6,304679
23,Necromancer,1,6,12,6,250,synergyHero12_2,31,Rogue,2,4,316887
23,Necromancer,1,6,13,7,500,synergyHero13,36,Praetorian,0,7,318494
23,Necromancer,1,6,14,7,500,synergyHero14_1,15,Witch,1,2,318062
23,Necromancer,1,6,14,7,500,synergyHero14_2,35,Warden,2,6,302043
23,Necromancer,1,6,15,8,1000,synergyHero15_1,1,Viking,0,1,305535
23,Necromancer,1,6,15,8,1000,synergyHero15_2,16,Wizard,1,3,300064
23,Necromancer,1,6,15,8,1000,synergyHero15_3,32,Ballista,2,5,317683
23,Necromancer,1,6,16,8,1000,synergyHero16_1,14,Sorcerer,1,2,311478
23,Necromancer,1,6,16,8,1000,synergyHero16_2,26,Forester,2,2,314946
23,Necromancer,1,6,16,8,1000,synergyHero16_3,40,Deadeye,2,7,310314
24,Scout,2,1,1,1,0,synergyHero1,25,Hunter,2,1,294026
24,Scout,2,1,2,1,0,synergyHero2_1,0,Militia,0,1,306419
24,Scout,2,1,2,1,0,synergyHero2_2,1,Viking,0,1,305535
24,Scout,2,1,3,2,15,synergyHero3,6,Paladin,0,4,283139
24,Scout,2,1,4,2,15,synergyHero4_1,2,Ninja,0,2,312627
24,Scout,2,1,4,2,15,synergyHero4_2,8,Berserker,0,5,289330
24,Scout,2,1,5,3,50,synergyHero5,32,Ballista,2,5,317683
24,Scout,2,1,6,3,50,synergyHero6_1,13,Druid,1,1,285341
24,Scout,2,1,6,3,50,synergyHero6_2,22,Templar,1,6,304679
24,Scout,2,1,7,4,100,synergyHero7,11,Warlord,0,6,301908
24,Scout,2,1,8,4,100,synergyHero8_1,5,Samurai,0,3,280121
24,Scout,2,1,8,4,100,synergyHero8_2,35,Warden,2,6,302043
24,Scout,2,1,9,5,150,synergyHero9,14,Sorcerer,1,2,311478
24,Scout,2,1,10,5,150,synergyHero10_1,19,Spelldancer,1,4,271770
24,Scout,2,1,10,5,150,synergyHero10_2,32,Ballista,2,5,317683
24,Scout,2,1,11,6,250,synergyHero11,4,Peacekeeper,0,3,316916
24,Scout,2,1,12,6,250,synergyHero12_1,17,Elementalist,1,3,274390
24,Scout,2,1,12,6,250,synergyHero12_2,39,Dicemaster,1,7,319449
24,Scout,2,1,13,7,500,synergyHero13,10,Champion,0,6,300301
24,Scout,2,1,14,7,500,synergyHero14_1,36,Praetorian,0,7,318494
24,Scout,2,1,14,7,500,synergyHero14_2,25,Hunter,2,1,294026
24,Scout,2,1,15,8,1000,synergyHero15_1,6,Paladin,0,4,283139
24,Scout,2,1,15,8,1000,synergyHero15_2,25,Hunter,2,1,294026
24,Scout,2,1,15,8,1000,synergyHero15_3,31,Rogue,2,4,316887
24,Scout,2,1,16,8,1000,synergyHero16_1,22,Templar,1,6,304679
24,Scout,2,1,16,8,1000,synergyHero16_2,22,Templar,1,6,304679
24,Scout,2,1,16,8,1000,synergyHero16_3,30,Sniper,2,4,312907
25,Hunter,2,1,1,1,0,synergyHero1,24,Scout,2,1,317780
25,Hunter,2,1,2,1,0,synergyHero2_1,12,Apprentice,1,1,277314
25,Hunter,2,1,2,1,0,synergyHero2_2,13,Druid,1,1,285341
25,Hunter,2,1,3,2,15,synergyHero3,17,Elementalist,1,3,274390
25,Hunter,2,1,4,2,15,synergyHero4_1,15,Witch,1,2,318062
25,Hunter,2,1,4,2,15,synergyHero4_2,23,Necromancer,1,6,278537
25,Hunter,2,1,5,3,50,synergyHero5,1,Viking,0,1,305535
25,Hunter,2,1,6,3,50,synergyHero6_1,5,Samurai,0,3,280121
25,Hunter,2,1,6,3,50,synergyHero6_2,23,Necromancer,1,6,278537
25,Hunter,2,1,7,4,100,synergyHero7,10,Champion,0,6,300301
25,Hunter,2,1,8,4,100,synergyHero8_1,29,Arbalest,2,3,305299
25,Hunter,2,1,8,4,100,synergyHero8_2,34,Captain,2,6,313636
25,Hunter,2,1,9,5,150,synergyHero9,20,Skymage,1,5,280408
25,Hunter,2,1,10,5,150,synergyHero10_1,3,Assassin,0,2,296877
25,Hunter,2,1,10,5,150,synergyHero10_2,34,Captain,2,6,313636
25,Hunter,2,1,11,6,250,synergyHero11,33,Crusader,2,5,314873
25,Hunter,2,1,12,6,250,synergyHero12_1,8,Berserker,0,5,289330
25,Hunter,2,1,12,6,250,synergyHero12_2,13,Druid,1,1,285341
25,Hunter,2,1,13,7,500,synergyHero13,30,Sniper,2,4,312907
25,Hunter,2,1,14,7,500,synergyHero14_1,36,Praetorian,0,7,318494
25,Hunter,2,1,14,7,500,synergyHero14_2,24,Scout,2,1,317780
25,Hunter,2,1,15,8,1000,synergyHero15_1,6,Paladin,0,4,283139
25,Hunter,2,1,15,8,1000,synergyHero15_2,24,Scout,2,1,317780
25,Hunter,2,1,15,8,1000,synergyHero15_3,31,Rogue,2,4,316887
25,Hunter,2,1,16,8,1000,synergyHero16_1,38,Sovereign,1,7,309440
25,Hunter,2,1,16,8,1000,synergyHero16_2,31,Rogue,2,4,316887
25,Hunter,2,1,16,8,1000,synergyHero16_3,33,Crusader,2,5,314873
26,Forester,2,2,1,1,0,synergyHero1,15,Witch,1,2,318062
26,Forester,2,2,2,1,0,synergyHero2_1,3,Assassin,0,2,296877
26,Forester,2,2,2,1,0,synergyHero2_2,27,Archer,2,2,284600
26,Forester,2,2,3,2,15,synergyHero3,34,Captain,2,6,313636
26,Forester,2,2,4,2,15,synergyHero4_1,7,Gladiator,0,4,295526
26,Forester,2,2,4,2,15,synergyHero4_2,28,Ranger,2,3,304705
26,Forester,2,2,5,3,50,synergyHero5,17,Elementalist,1,3,274390
26,Forester,2,2,6,3,50,synergyHero6_1,4,Peacekeeper,0,3,316916
26,Forester,2,2,6,3,50,synergyHero6_2,8,Berserker,0,5,289330
26,Forester,2,2,7,4,100,synergyHero7,31,Rogue,2,4,316887
26,Forester,2,2,8,4,100,synergyHero8_1,22,Templar,1,6,304679
26,Forester,2,2,8,4,100,synergyHero8_2,38,Sovereign,1,7,309440
26,Forester,2,2,9,5,150,synergyHero9,6,Paladin,0,4,283139
26,Forester,2,2,10,5,150,synergyHero10_1,28,Ranger,2,3,304705
26,Forester,2,2,10,5,150,synergyHero10_2,35,Warden,2,6,302043
26,Forester,2,2,11,6,250,synergyHero11,21,Warlock,1,5,287059
26,Forester,2,2,12,6,250,synergyHero12_1,18,Battlemage,1,4,309008
26,Forester,2,2,12,6,250,synergyHero12_2,40,Deadeye,2,7,310314
26,Forester,2,2,13,7,500,synergyHero13,9,Chieftain,0,5,314374
26,Forester,2,2,14,7,500,synergyHero14_1,1,Viking,0,1,305535
26,Forester,2,2,14,7,500,synergyHero14_2,41,Veteran,2,7,280126
26,Forester,2,2,15,8,1000,synergyHero15_1,5,Samurai,0,3,280121
26,Forester,2,2,15,8,1000,synergyHero15_2,8,Berserker,0,5,289330
26,Forester,2,2,15,8,1000,synergyHero15_3,28,Ranger,2,3,304705
26,Forester,2,2,16,8,1000,synergyHero16_1,14,Sorcerer,1,2,311478
26,Forester,2,2,16,8,1000,synergyHero16_2,23,Necromancer,1,6,278537
26,Forester,2,2,16,8,1000,synergyHero16_3,40,Deadeye,2,7,310314
27,Archer,2,2,1,1,0,synergyHero1,14,Sorcerer,1,2,311478
27,Archer,2,2,2,1,0,synergyHero2_1,3,Assassin,0,2,296877
27,Archer,2,2,2,1,0,synergyHero2_2,26,Forester,2,2,314946
27,Archer,2,2,3,2,15,synergyHero3,9,Chieftain,0,5,314374
27,Archer,2,2,4,2,15,synergyHero4_1,19,Spelldancer,1,4,271770
27,Archer,2,2,4,2,15,synergyHero4_2,35,Warden,2,6,302043
27,Archer,2,2,5,3,50,synergyHero5,35,Warden,2,6,302043
27,Archer,2,2,6,3,50,synergyHero6_1,2,Ninja,0,2,312627
27,Archer,2,2,6,3,50,synergyHero6_2,31,Rogue,2,4,316887
27,Archer,2,2,7,4,100,synergyHero7,34,Captain,2,6,313636
27,Archer,2,2,8,4,100,synergyHero8_1,7,Gladiator,0,4,295526
27,Archer,2,2,8,4,100,synergyHero8_2,12,Apprentice,1,1,277314
27,Archer,2,2,9,5,150,synergyHero9,33,Crusader,2,5,314873
27,Archer,2,2,10,5,150,synergyHero10_1,10,Champion,0,6,300301
27,Archer,2,2,10,5,150,synergyHero10_2,21,Warlock,1,5,287059
27,Archer,2,2,11,6,250,synergyHero11,40,Deadeye,2,7,310314
27,Archer,2,2,12,6,250,synergyHero12_1,0,Militia,0,1,306419
27,Archer,2,2,12,6,250,synergyHero12_2,37,Titan,0,7,299058
27,Archer,2,2,13,7,500,synergyHero13,28,Ranger,2,3,304705
27,Archer,2,2,14,7,500,synergyHero14_1,37,Titan,0,7,299058
27,Archer,2,2,14,7,500,synergyHero14_2,21,Warlock,1,5,287059
27,Archer,2,2,15,8,1000,synergyHero15_1,9,Chieftain,0,5,314374
27,Archer,2,2,15,8,1000,synergyHero15_2,13,Druid,1,1,285341
27,Archer,2,2,15,8,1000,synergyHero15_3,21,Warlock,1,5,287059
27,Archer,2,2,16,8,1000,synergyHero16_1,1,Viking,0,1,305535
27,Archer,2,2,16,8,1000,synergyHero16_2,32,Ballista,2,5,317683
27,Archer,2,2,16,8,1000,synergyHero16_3,41,Veteran,2,7,280126
28,Ranger,2,3,1,1,0,synergyHero1,4,Peacekeeper,0,3,316916
28,Ranger,2,3,2,1,0,synergyHero2_1,17,Elementalist,1,3,274390
28,Ranger,2,3,2,1,0,synergyHero2_2,29,Arbalest,2,3,305299
28,Ranger,2,3,3,2,15,synergyHero3,39,Dicemaster,1,7,319449
28,Ranger,2,3,4,2,15,synergyHero4_1,7,Gladiator,0,4,295526
28,Ranger,2,3,4,2,15,synergyHero4_2,26,Forester,2,2,314946
28,Ranger,2,3,5,3,50,synergyHero5,3,Assassin,0,2,296877
28,Ranger,2,3,6,3,50,synergyHero6_1,20,Skymage,1,5,280408
28,Ranger,2,3,6,3,50,synergyHero6_2,33,Crusader,2,5,314873
28,Ranger,2,3,7,4,100,synergyHero7,18,Battlemage,1,4,309008
28,Ranger,2,3,8,4,100,synergyHero8_1,15,Witch,1,2,318062
28,Ranger,2,3,8,4,100,synergyHero8_2,32,Ballista,2,5,317683
28,Ranger,2,3,9,5,150,synergyHero9,2,Ninja,0,2,312627
28,Ranger,2,3,10,5,150,synergyHero10_1,26,Forester,2,2,314946
28,Ranger,2,3,10,5,150,synergyHero10_2,35,Warden,2,6,302043
28,Ranger,2,3,11,6,250,synergyHero11,16,Wizard,1,3,300064
28,Ranger,2,3,12,6,250,synergyHero12_1,1,Viking,0,1,305535
28,Ranger,2,3,12,6,250,synergyHero12_2,33,Crusader,2,5,314873
28,Ranger,2,3,13,7,500,synergyHero13,27,Archer,2,2,284600
28,Ranger,2,3,14,7,500,synergyHero14_1,39,Dicemaster,1,7,319449
28,Ranger,2,3,14,7,500,synergyHero14_2,32,Ballista,2,5,317683
28,Ranger,2,3,15,8,1000,synergyHero15_1,5,Samurai,0,3,280121
28,Ranger,2,3,15,8,1000,synergyHero15_2,8,Berserker,0,5,289330
28,Ranger,2,3,15,8,1000,synergyHero15_3,26,Forester,2,2,314946
28,Ranger,2,3,16,8,1000,synergyHero16_1,9,Chieftain,0,5,314374
28,Ranger,2,3,16,8,1000,synergyHero16_2,13,Druid,1,1,285341
28,Ranger,2,3,16,8,1000,synergyHero16_3,17,Elementalist,1,3,274390
29,Arbalest,2,3,1,1,0,synergyHero1,5,Samurai,0,3,280121
29,Arbalest,2,3,2,1,0,synergyHero2_1,17,Elementalist,1,3,274390
29,Arbalest,2,3,2,1,0,synergyHero2_2,28,Ranger,2,3,304705
29,Arbalest,2,3,3,2,15,synergyHero3,13,Druid,1,1,285341
29,Arbalest,2,3,4,2,15,synergyHero4_1,1,Viking,0,1,305535
29,Arbalest,2,3,4,2,15,synergyHero4_2,3,Assassin,0,2,296877
29,Arbalest,2,3,5,3,50,synergyHero5,22,Templar,1,6,304679
29,Arbalest,2,3,6,3,50,synergyHero6_1,9,Chieftain,0,5,314374
29,Arbalest,2,3,6,3,50,synergyHero6_2,30,Sniper,2,4,312907
29,Arbalest,2,3,7,4,100,synergyHero7,8,Berserker,0,5,289330
29,Arbalest,2,3,8,4,100,synergyHero8_1,25,Hunter,2,1,294026
29,Arbalest,2,3,8,4,100,synergyHero8_2,34,Captain,2,6,313636
29,Arbalest,2,3,9,5,150,synergyHero9,38,Sovereign,1,7,309440
29,Arbalest,2,3,10,5,150,synergyHero10_1,0,Militia,0,1,306419
29,Arbalest,2,3,10,5,150,synergyHero10_2,23,Necromancer,1,6,278537
29,Arbalest,2,3,11,6,250,synergyHero11,37,Titan,0,7,299058
29,Arbalest,2,3,12,6,250,synergyHero12_1,34,Captain,2,6,313636
29,Arbalest,2,3,12,6,250,synergyHero12_2,41,Veteran,2,7,280126
29,Arbalest,2,3,13,7,500,synergyHero13,2,Ninja,0,2,312627
29,Arbalest,2,3,14,7,500,synergyHero14_1,0,Militia,0,1,306419
29,Arbalest,2,3,14,7,500,synergyHero14_2,19,Spelldancer,1,4,271770
29,Arbalest,2,3,15,8,1000,synergyHero15_1,4,Peacekeeper,0,3,316916
29,Arbalest,2,3,15,8,1000,synergyHero15_2,11,Warlord,0,6,301908
29,Arbalest,2,3,15,8,1000,synergyHero15_3,12,Apprentice,1,1,277314
29,Arbalest,2,3,16,8,1000,synergyHero16_1,0,Militia,0,1,306419
29,Arbalest,2,3,16,8,1000,synergyHero16_2,2,Ninja,0,2,312627
29,Arbalest,2,3,16,8,1000,synergyHero16_3,34,Captain,2,6,313636
30,Sniper,2,4,1,1,0,synergyHero1,31,Rogue,2,4,316887
30,Sniper,2,4,2,1,0,synergyHero2_1,6,Paladin,0,4,283139
30,Sniper,2,4,2,1,0,synergyHero2_2,19,Spelldancer,1,4,271770
30,Sniper,2,4,3,2,15,synergyHero3,23,Necromancer,1,6,278537
30,Sniper,2,4,4,2,15,synergyHero4_1,12,Apprentice,1,1,277314
30,Sniper,2,4,4,2,15,synergyHero4_2,17,Elementalist,1,3,274390
30,Sniper,2,4,5,3,50,synergyHero5,11,Warlord,0,6,301908
30,Sniper,2,4,6,3,50,synergyHero6_1,9,Chieftain,0,5,314374
30,Sniper,2,4,6,3,50,synergyHero6_2,29,Arbalest,2,3,305299
30,Sniper,2,4,7,4,100,synergyHero7,35,Warden,2,6,302043
30,Sniper,2,4,8,4,100,synergyHero8_1,6,Paladin,0,4,283139
30,Sniper,2,4,8,4,100,synergyHero8_2,9,Chieftain,0,5,314374
30,Sniper,2,4,9,5,150,synergyHero9,19,Spelldancer,1,4,271770
30,Sniper,2,4,10,5,150,synergyHero10_1,22,Templar,1,6,304679
30,Sniper,2,4,10,5,150,synergyHero10_2,39,Dicemaster,1,7,319449
30,Sniper,2,4,11,6,250,synergyHero11,10,Champion,0,6,300301
30,Sniper,2,4,12,6,250,synergyHero12_1,36,Praetorian,0,7,318494
30,Sniper,2,4,12,6,250,synergyHero12_2,12,Apprentice,1,1,277314
30,Sniper,2,4,13,7,500,synergyHero13,25,Hunter,2,1,294026
30,Sniper,2,4,14,7,500,synergyHero14_1,18,Battlemage,1,4,309008
30,Sniper,2,4,14,7,500,synergyHero14_2,33,Crusader,2,5,314873
30,Sniper,2,4,15,8,1000,synergyHero15_1,10,Champion,0,6,300301
30,Sniper,2,4,15,8,1000,synergyHero15_2,20,Skymage,1,5,280408
30,Sniper,2,4,15,8,1000,synergyHero15_3,41,Veteran,2,7,280126
30,Sniper,2,4,16,8,1000,synergyHero16_1,22,Templar,1,6,304679
30,Sniper,2,4,16,8,1000,synergyHero16_2,22,Templar,1,6,304679
30,Sniper,2,4,16,8,1000,synergyHero16_3,24,Scout,2,1,317780
31,Rogue,2,4,1,1,0,synergyHero1,30,Sniper,2,4,312907
31,Rogue,2,4,2,1,0,synergyHero2_1,7,Gladiator,0,4,295526
31,Rogue,2,4,2,1,0,synergyHero2_2,18,Battlemage,1,4,309008
31,Rogue,2,4,3,2,15,synergyHero3,2,Ninja,0,2,312627
31,Rogue,2,4,4,2,15,synergyHero4_1,10,Champion,0,6,300301
31,Rogue,2,4,4,2,15,synergyHero4_2,36,Praetorian,0,7,318494
31,Rogue,2,4,5,3,50,synergyHero5,34,Captain,2,6,313636
31,Rogue,2,4,6,3,50,synergyHero6_1,2,Ninja,0,2,312627
31,Rogue,2,4,6,3,50,synergyHero6_2,27,Archer,2,2,284600
31,Rogue,2,4,7,4,100,synergyHero7,26,Forester,2,2,314946
31,Rogue,2,4,8,4,100,synergyHero8_1,13,Druid,1,1,285341
31,Rogue,2,4,8,4,100,synergyHero8_2,39,Dicemaster,1,7,319449
31,Rogue,2,4,9,5,150,synergyHero9,41,Veteran,2,7,280126
31,Rogue,2,4,10,5,150,synergyHero10_1,4,Peacekeeper,0,3,316916
31,Rogue,2,4,10,5,150,synergyHero10_2,12,Apprentice,1,1,277314
31,Rogue,2,4,11,6,250,synergyHero11,34,Captain,2,6,313636
31,Rogue,2,4,12,6,250,synergyHero12_1,22,Templar,1,6,304679
31,Rogue,2,4,12,6,250,synergyHero12_2,23,Necromancer,1,6,278537
31,Rogue,2,4,13,7,500,synergyHero13,17,Elementalist,1,3,274390
31,Rogue,2,4,14,7,500,synergyHero14_1,2,Ninja,0,2,312627
31,Rogue,2,4,14,7,500,synergyHero14_2,3,Assassin,0,2,296877
31,Rogue,2,4,15,8,1000,synergyHero15_1,6,Paladin,0,4,283139
31,Rogue,2,4,15,8,1000,synergyHero15_2,24,Scout,2,1,317780
31,Rogue,2,4,15,8,1000,synergyHero15_3,25,Hunter,2,1,294026
31,Rogue,2,4,16,8,1000,synergyHero16_1,38,Sovereign,1,7,309440
31,Rogue,2,4,16,8,1000,synergyHero16_2,25,Hunter,2,1,294026
31,Rogue,2,4,16,8,1000,synergyHero16_3,33,Crusader,2,5,314873
32,Ballista,2,5,1,1,0,synergyHero1,33,Crusader,2,5,314873
32,Ballista,2,5,2,1,0,synergyHero2_1,8,Berserker,0,5,289330
32,Ballista,2,5,2,1,0,synergyHero2_2,9,Chieftain,0,5,314374
32,Ballista,2,5,3,2,15,synergyHero3,38,Sovereign,1,7,309440
32,Ballista,2,5,4,2,15,synergyHero4_1,4,Peacekeeper,0,3,316916
32,Ballista,2,5,4,2,15,synergyHero4_2,11,Warlord,0,6,301908
32,Ballista,2,5,5,3,50,synergyHero5,24,Scout,2,1,317780
32,Ballista,2,5,6,3,50,synergyHero6_1,18,Battlemage,1,4,309008
32,Ballista,2,5,6,3,50,synergyHero6_2,35,Warden,2,6,302043
32,Ballista,2,5,7,4,100,synergyHero7,5,Samurai,0,3,280121
32,Ballista,2,5,8,4,100,synergyHero8_1,15,Witch,1,2,318062
32,Ballista,2,5,8,4,100,synergyHero8_2,28,Ranger,2,3,304705
32,Ballista,2,5,9,5,150,synergyHero9,10,Champion,0,6,300301
32,Ballista,2,5,10,5,150,synergyHero10_1,19,Spelldancer,1,4,271770
32,Ballista,2,5,10,5,150,synergyHero10_2,24,Scout,2,1,317780
32,Ballista,2,5,11,6,250,synergyHero11,7,Gladiator,0,4,295526
32,Ballista,2,5,12,6,250,synergyHero12_1,14,Sorcerer,1,2,311478
32,Ballista,2,5,12,6,250,synergyHero12_2,20,Skymage,1,5,280408
32,Ballista,2,5,13,7,500,synergyHero13,0,Militia,0,1,306419
32,Ballista,2,5,14,7,500,synergyHero14_1,39,Dicemaster,1,7,319449
32,Ballista,2,5,14,7,500,synergyHero14_2,28,Ranger,2,3,304705
32,Ballista,2,5,15,8,1000,synergyHero15_1,1,Viking,0,1,305535
32,Ballista,2,5,15,8,1000,synergyHero15_2,16,Wizard,1,3,300064
32,Ballista,2,5,15,8,1000,synergyHero15_3,23,Necromancer,1,6,278537
32,Ballista,2,5,16,8,1000,synergyHero16_1,1,Viking,0,1,305535
32,Ballista,2,5,16,8,1000,synergyHero16_2,27,Archer,2,2,284600
32,Ballista,2,5,16,8,1000,synergyHero16_3,41,Veteran,2,7,280126
33,Crusader,2,5,1,1,0,synergyHero1,32,Ballista,2,5,317683
33,Crusader,2,5,2,1,0,synergyHero2_1,20,Skymage,1,5,280408
33,Crusader,2,5,2,1,0,synergyHero2_2,21,Warlock,1,5,287059
33,Crusader,2,5,3,2,15,synergyHero3,11,Warlord,0,6,301908
33,Crusader,2,5,4,2,15,synergyHero4_1,6,Paladin,0,4,283139
33,Crusader,2,5,4,2,15,synergyHero4_2,14,Sorcerer,1,2,311478
33,Crusader,2,5,5,3,50,synergyHero5,37,Titan,0,7,299058
33,Crusader,2,5,6,3,50,synergyHero6_1,20,Skymage,1,5,280408
33,Crusader,2,5,6,3,50,synergyHero6_2,28,Ranger,2,3,304705
33,Crusader,2,5,7,4,100,synergyHero7,38,Sovereign,1,7,309440
33,Crusader,2,5,8,4,100,synergyHero8_1,0,Militia,0,1,306419
33,Crusader,2,5,8,4,100,synergyHero8_2,10,Champion,0,6,300301
33,Crusader,2,5,9,5,150,synergyHero9,27,Archer,2,2,284600
33,Crusader,2,5,10,5,150,synergyHero10_1,36,Praetorian,0,7,318494
33,Crusader,2,5,10,5,150,synergyHero10_2,14,Sorcerer,1,2,311478
33,Crusader,2,5,11,6,250,synergyHero11,25,Hunter,2,1,294026
33,Crusader,2,5,12,6,250,synergyHero12_1,1,Viking,0,1,305535
33,Crusader,2,5,12,6,250,synergyHero12_2,28,Ranger,2,3,304705
33,Crusader,2,5,13,7,500,synergyHero13,16,Wizard,1,3,300064
33,Crusader,2,5,14,7,500,synergyHero14_1,18,Battlemage,1,4,309008
33,Crusader,2,5,14,7,500,synergyHero14_2,30,Sniper,2,4,312907
33,Crusader,2,5,15,8,1000,synergyHero15_1,38,Sovereign,1,7,309440
33,Crusader,2,5,15,8,1000,synergyHero15_2,33,Crusader,2,5,314873
33,Crusader,2,5,15,8,1000,synergyHero15_3,33,Crusader,2,5,314873
33,Crusader,2,5,16,8,1000,synergyHero16_1,38,Sovereign,1,7,309440
33,Crusader,2,5,16,8,1000,synergyHero16_2,25,Hunter,2,1,294026
33,Crusader,2,5,16,8,1000,synergyHero16_3,31,Rogue,2,4,316887
34,Captain,2,6,1,1,0,synergyHero1,22,Templar,1,6,304679
34,Captain,2,6,2,1,0,synergyHero2_1,11,Warlord,0,6,301908
34,Captain,2,6,2,1,0,synergyHero2_2,23,Necromancer,1,6,278537
34,Captain,2,6,3,2,15,synergyHero3,26,Forester,2,2,314946
34,Captain,2,6,4,2,15,synergyHero4_1,9,Chieftain,0,5,314374
34,Captain,2,6,4,2,15,synergyHero4_2,38,Sovereign,1,7,309440
34,Captain,2,6,5,3,50,synergyHero5,31,Rogue,2,4,316887
34,Captain,2,6,6,3,50,synergyHero6_1,0,Militia,0,1,306419
34,Captain,2,6,6,3,50,synergyHero6_2,21,Warlock,1,5,287059
34,Captain,2,6,7,4,100,synergyHero7,27,Archer,2,2,284600
34,Captain,2,6,8,4,100,synergyHero8_1,25,Hunter,2,1,294026
34,Captain,2,6,8,4,100,synergyHero8_2,29,Arbalest,2,3,305299
34,Captain,2,6,9,5,150,synergyHero9,13,Druid,1,1,285341
34,Captain,2,6,10,5,150,synergyHero10_1,3,Assassin,0,2,296877
34,Captain,2,6,10,5,150,synergyHero10_2,25,Hunter,2,1,294026
34,Captain,2,6,11,6,250,synergyHero11,31,Rogue,2,4,316887
34,Captain,2,6,12,6,250,synergyHero12_1,29,Arbalest,2,3,305299
34,Captain,2,6,12,6,250,synergyHero12_2,41,Veteran,2,7,280126
34,Captain,2,6,13,7,500,synergyHero13,4,Peacekeeper,0,3,316916
34,Captain,2,6,14,7,500,synergyHero14_1,5,Samurai,0,3,280121
34,Captain,2,6,14,7,500,synergyHero14_2,13,Druid,1,1,285341
34,Captain,2,6,15,8,1000,synergyHero15_1,0,Militia,0,1,306419
34,Captain,2,6,15,8,1000,synergyHero15_2,7,Gladiator,0,4,295526
34,Captain,2,6,15,8,1000,synergyHero15_3,14,Sorcerer,1,2,311478
34,Captain,2,6,16,8,1000,synergyHero16_1,0,Militia,0,1,306419
34,Captain,2,6,16,8,1000,synergyHero16_2,2,Ninja,0,2,312627
34,Captain,2,6,16,8,1000,synergyHero16_3,29,Arbalest,2,3,305299
35,Warden,2,6,1,1,0,synergyHero1,23,Necromancer,1,6,278537
35,Warden,2,6,2,1,0,synergyHero2_1,10,Champion,0,6,300301
35,Warden,2,6,2,1,0,synergyHero2_2,22,Templar,1,6,304679
35,Warden,2,6,3,2,15,synergyHero3,37,Titan,0,7,299058
35,Warden,2,6,4,2,15,synergyHero4_1,19,Spelldancer,1,4,271770
35,Warden,2,6,4,2,15,synergyHero4_2,27,Archer,2,2,284600
35,Warden,2,6,5,3,50,synergyHero5,27,Archer,2,2,284600
35,Warden,2,6,6,3,50,synergyHero6_1,18,Battlemage,1,4,309008
35,Warden,2,6,6,3,50,synergyHero6_2,32,Ballista,2,5,317683
35,Warden,2,6,7,4,100,synergyHero7,30,Sniper,2,4,312907
35,Warden,2,6,8,4,100,synergyHero8_1,5,Samurai,0,3,280121
35,Warden,2,6,8,4,100,synergyHero8_2,24,Scout,2,1,317780
35,Warden,2,6,9,5,150,synergyHero9,17,Elementalist,1,3,274390
35,Warden,2,6,10,5,150,synergyHero10_1,26,Forester,2,2,314946
35,Warden,2,6,10,5,150,synergyHero10_2,28,Ranger,2,3,304705
35,Warden,2,6,11,6,250,synergyHero11,0,Militia,0,1,306419
35,Warden,2,6,12,6,250,synergyHero12_1,4,Peacekeeper,0,3,316916
35,Warden,2,6,12,6,250,synergyHero12_2,38,Sovereign,1,7,309440
35,Warden,2,6,13,7,500,synergyHero13,20,Skymage,1,5,280408
35,Warden,2,6,14,7,500,synergyHero14_1,15,Witch,1,2,318062
35,Warden,2,6,14,7,500,synergyHero14_2,23,Necromancer,1,6,278537
35,Warden,2,6,15,8,1000,synergyHero15_1,2,Ninja,0,2,312627
35,Warden,2,6,15,8,1000,synergyHero15_2,3,Assassin,0,2,296877
35,Warden,2,6,15,8,1000,synergyHero15_3,17,Elementalist,1,3,274390
35,Warden,2,6,16,8,1000,synergyHero16_1,4,Peacekeeper,0,3,316916
35,Warden,2,6,16,8,1000,synergyHero16_2,7,Gladiator,0,4,295526
35,Warden,2,6,16,8,1000,synergyHero16_3,8,Berserker,0,5,289330
36,Praetorian,0,7,1,1,0,synergyHero1,38,Sovereign,1,7,309440
36,Praetorian,0,7,2,1,0,synergyHero2_1,37,Titan,0,7,299058
36,Praetorian,0,7,2,1,0,synergyHero2_2,40,Deadeye,2,7,310314
36,Praetorian,0,7,3,2,15,synergyHero3,21,Warlock,1,5,287059
36,Praetorian,0,7,4,2,15,synergyHero4_1,10,Champion,0,6,300301
36,Praetorian,0,7,4,2,15,synergyHero4_2,31,Rogue,2,4,316887
36,Praetorian,0,7,5,3,50,synergyHero5,39,Dicemaster,1,7,319449
36,Praetorian,0,7,6,3,50,synergyHero6_1,6,Paladin,0,4,283139
36,Praetorian,0,7,6,3,50,synergyHero6_2,41,Veteran,2,7,280126
36,Praetorian,0,7,7,4,100,synergyHero7,2,Ninja,0,2,312627
36,Praetorian,0,7,8,4,100,synergyHero8_1,16,Wizard,1,3,300064
36,Praetorian,0,7,8,4,100,synergyHero8_2,18,Battlemage,1,4,309008
36,Praetorian,0,7,9,5,150,synergyHero9,0,Militia,0,1,306419
36,Praetorian,0,7,10,5,150,synergyHero10_1,14,Sorcerer,1,2,311478
36,Praetorian,0,7,10,5,150,synergyHero10_2,33,Crusader,2,5,314873
36,Praetorian,0,7,11,6,250,synergyHero11,5,Samurai,0,3,280121
36,Praetorian,0,7,12,6,250,synergyHero12_1,12,Apprentice,1,1,277314
36,Praetorian,0,7,12,6,250,synergyHero12_2,30,Sniper,2,4,312907
36,Praetorian,0,7,13,7,500,synergyHero13,23,Necromancer,1,6,278537
36,Praetorian,0,7,14,7,500,synergyHero14_1,24,Scout,2,1,317780
36,Praetorian,0,7,14,7,500,synergyHero14_2,25,Hunter,2,1,294026
36,Praetorian,0,7,15,8,1000,synergyHero15_1,37,Titan,0,7,299058
36,Praetorian,0,7,15,8,1000,synergyHero15_2,39,Dicemaster,1,7,319449
36,Praetorian,0,7,15,8,1000,synergyHero15_3,40,Deadeye,2,7,310314
36,Praetorian,0,7,16,8,1000,synergyHero16_1,3,Assassin,0,2,296877
36,Praetorian,0,7,16,8,1000,synergyHero16_2,16,Wizard,1,3,300064
36,Praetorian,0,7,16,8,1000,synergyHero16_3,19,Spelldancer,1,4,271770
37,Titan,0,7,1,1,0,synergyHero1,41,Veteran,2,7,280126
37,Titan,0,7,2,1,0,synergyHero2_1,36,Praetorian,0,7,318494
37,Titan,0,7,2,1,0,synergyHero2_2,40,Deadeye,2,7,310314
37,Titan,0,7,3,2,15,synergyHero3,35,Warden,2,6,302043
37,Titan,0,7,4,2,15,synergyHero4_1,16,Wizard,1,3,300064
37,Titan,0,7,4,2,15,synergyHero4_2,39,Dicemaster,1,7,319449
37,Titan,0,7,5,3,50,synergyHero5,33,Crusader,2,5,314873
37,Titan,0,7,6,3,50,synergyHero6_1,38,Sovereign,1,7,309440
37,Titan,0,7,6,3,50,synergyHero6_2,40,Deadeye,2,7,310314
37,Titan,0,7,7,4,100,synergyHero7,12,Apprentice,1,1,277314
37,Titan,0,7,8,4,100,synergyHero8_1,1,Viking,0,1,305535
37,Titan,0,7,8,4,100,synergyHero8_2,23,Necromancer,1,6,278537
37,Titan,0,7,9,5,150,synergyHero9,11,Warlord,0,6,301908
37,Titan,0,7,10,5,150,synergyHero10_1,8,Berserker,0,5,289330
37,Titan,0,7,10,5,150,synergyHero10_2,16,Wizard,1,3,300064
37,Titan,0,7,11,6,250,synergyHero11,29,Arbalest,2,3,305299
37,Titan,0,7,12,6,250,synergyHero12_1,0,Militia,0,1,306419
37,Titan,0,7,12,6,250,synergyHero12_2,27,Archer,2,2,284600
37,Titan,0,7,13,7,500,synergyHero13,15,Witch,1,2,318062
37,Titan,0,7,14,7,500,synergyHero14_1,21,Warlock,1,5,287059
37,Titan,0,7,14,7,500,synergyHero14_2,27,Archer,2,2,284600
37,Titan,0,7,15,8,1000,synergyHero15_1,36,Praetorian,0,7,318494
37,Titan,0,7,15,8,1000,synergyHero15_2,39,Dicemaster,1,7,319449
37,Titan,0,7,15,8,1000,synergyHero15_3,40,Deadeye,2,7,310314
37,Titan,0,7,16,8,1000,synergyHero16_1,11,Warlord,0,6,301908
37,Titan,0,7,16,8,1000,synergyHero16_2,21,Warlock,1,5,287059
37,Titan,0,7,16,8,1000,synergyHero16_3,21,Warlock,1,5,287059
38,Sovereign,1,7,1,1,0,synergyHero1,36,Praetorian,0,7,318494
38,Sovereign,1,7,2,1,0,synergyHero2_1,39,Dicemaster,1,7,319449
38,Sovereign,1,7,2,1,0,synergyHero2_2,41,Veteran,2,7,280126
38,Sovereign,1,7,3,2,15,synergyHero3,32,Ballista,2,5,317683
38,Sovereign,1,7,4,2,15,synergyHero4_1,9,Chieftain,0,5,314374
38,Sovereign,1,7,4,2,15,synergyHero4_2,34,Captain,2,6,313636
38,Sovereign,1,7,5,3,50,synergyHero5,21,Warlock,1,5,287059
38,Sovereign,1,7,6,3,50,synergyHero6_1,37,Titan,0,7,299058
38,Sovereign,1,7,6,3,50,synergyHero6_2,40,Deadeye,2,7,310314
38,Sovereign,1,7,7,4,100,synergyHero7,33,Crusader,2,5,314873
38,Sovereign,1,7,8,4,100,synergyHero8_1,22,Templar,1,6,304679
38,Sovereign,1,7,8,4,100,synergyHero8_2,26,Forester,2,2,314946
38,Sovereign,1,7,9,5,150,synergyHero9,29,Arbalest,2,3,305299
38,Sovereign,1,7,10,5,150,synergyHero10_1,15,Witch,1,2,318062
38,Sovereign,1,7,10,5,150,synergyHero10_2,18,Battlemage,1,4,309008
38,Sovereign,1,7,11,6,250,synergyHero11,8,Berserker,0,5,289330
38,Sovereign,1,7,12,6,250,synergyHero12_1,4,Peacekeeper,0,3,316916
38,Sovereign,1,7,12,6,250,synergyHero12_2,35,Warden,2,6,302043
38,Sovereign,1,7,13,7,500,synergyHero13,21,Warlock,1,5,287059
38,Sovereign,1,7,14,7,500,synergyHero14_1,9,Chieftain,0,5,314374
38,Sovereign,1,7,14,7,500,synergyHero14_2,17,Elementalist,1,3,274390
38,Sovereign,1,7,15,8,1000,synergyHero15_1,33,Crusader,2,5,314873
38,Sovereign,1,7,15,8,1000,synergyHero15_2,33,Crusader,2,5,314873
38,Sovereign,1,7,15,8,1000,synergyHero15_3,33,Crusader,2,5,314873
38,Sovereign,1,7,16,8,1000,synergyHero16_1,25,Hunter,2,1,294026
38,Sovereign,1,7,16,8,1000,synergyHero16_2,31,Rogue,2,4,316887
38,Sovereign,1,7,16,8,1000,synergyHero16_3,33,Crusader,2,5,314873
39,Dicemaster,1,7,1,1,0,synergyHero1,40,Deadeye,2,7,310314
39,Dicemaster,1,7,2,1,0,synergyHero2_1,38,Sovereign,1,7,309440
39,Dicemaster,1,7,2,1,0,synergyHero2_2,41,Veteran,2,7,280126
39,Dicemaster,1,7,3,2,15,synergyHero3,28,Ranger,2,3,304705
39,Dicemaster,1,7,4,2,15,synergyHero4_1,37,Titan,0,7,299058
39,Dicemaster,1,7,4,2,15,synergyHero4_2,16,Wizard,1,3,300064
39,Dicemaster,1,7,5,3,50,synergyHero5,36,Praetorian,0,7,318494
39,Dicemaster,1,7,6,3,50,synergyHero6_1,1,Viking,0,1,305535
39,Dicemaster,1,7,6,3,50,synergyHero6_2,14,Sorcerer,1,2,311478
39,Dicemaster,1,7,7,4,100,synergyHero7,20,Skymage,1,5,280408
39,Dicemaster,1,7,8,4,100,synergyHero8_1,13,Druid,1,1,285341
39,Dicemaster,1,7,8,4,100,synergyHero8_2,31,Rogue,2,4,316887
39,Dicemaster,1,7,9,5,150,synergyHero9,3,Assassin,0,2,296877
39,Dicemaster,1,7,10,5,150,synergyHero10_1,22,Templar,1,6,304679
39,Dicemaster,1,7,10,5,150,synergyHero10_2,30,Sniper,2,4,312907
39,Dicemaster,1,7,11,6,250,synergyHero11,11,Warlord,0,6,301908
39,Dicemaster,1,7,12,6,250,synergyHero12_1,17,Elementalist,1,3,274390
39,Dicemaster,1,7,12,6,250,synergyHero12_2,24,Scout,2,1,317780
39,Dicemaster,1,7,13,7,500,synergyHero13,12,Apprentice,1,1,277314
39,Dicemaster,1,7,14,7,500,synergyHero14_1,28,Ranger,2,3,304705
39,Dicemaster,1,7,14,7,500,synergyHero14_2,32,Ballista,2,5,317683
39,Dicemaster,1,7,15,8,1000,synergyHero15_1,36,Praetorian,0,7,318494
39,Dicemaster,1,7,15,8,1000,synergyHero15_2,37,Titan,0,7,299058
39,Dicemaster,1,7,15,8,1000,synergyHero15_3,40,Deadeye,2,7,310314
39,Dicemaster,1,7,16,8,1000,synergyHero16_1,12,Apprentice,1,1,277314
39,Dicemaster,1,7,16,8,1000,synergyHero16_2,15,Witch,1,2,318062
39,Dicemaster,1,7,16,8,1000,synergyHero16_3,20,Skymage,1,5,280408
40,Deadeye,2,7,1,1,0,synergyHero1,39,Dicemaster,1,7,319449
40,Deadeye,2,7,2,1,0,synergyHero2_1,36,Praetorian,0,7,318494
40,Deadeye,2,7,2,1,0,synergyHero2_2,37,Titan,0,7,299058
40,Deadeye,2,7,3,2,15,synergyHero3,22,Templar,1,6,304679
40,Deadeye,2,7,4,2,15,synergyHero4_1,21,Warlock,1,5,287059
40,Deadeye,2,7,4,2,15,synergyHero4_2,41,Veteran,2,7,280126
40,Deadeye,2,7,5,3,50,synergyHero5,5,Samurai,0,3,280121
40,Deadeye,2,7,6,3,50,synergyHero6_1,37,Titan,0,7,299058
40,Deadeye,2,7,6,3,50,synergyHero6_2,38,Sovereign,1,7,309440
40,Deadeye,2,7,7,4,100,synergyHero7,16,Wizard,1,3,300064
40,Deadeye,2,7,8,4,100,synergyHero8_1,17,Elementalist,1,3,274390
40,Deadeye,2,7,8,4,100,synergyHero8_2,21,Warlock,1,5,287059
40,Deadeye,2,7,9,5,150,synergyHero9,1,Viking,0,1,305535
40,Deadeye,2,7,10,5,150,synergyHero10_1,7,Gladiator,0,4,295526
40,Deadeye,2,7,10,5,150,synergyHero10_2,20,Skymage,1,5,280408
40,Deadeye,2,7,11,6,250,synergyHero11,27,Archer,2,2,284600
40,Deadeye,2,7,12,6,250,synergyHero12_1,18,Battlemage,1,4,309008
40,Deadeye,2,7,12,6,250,synergyHero12_2,26,Forester,2,2,314946
40,Deadeye,2,7,13,7,500,synergyHero13,3,Assassin,0,2,296877
40,Deadeye,2,7,14,7,500,synergyHero14_1,10,Champion,0,6,300301
40,Deadeye,2,7,14,7,500,synergyHero14_2,12,Apprentice,1,1,277314
40,Deadeye,2,7,15,8,1000,synergyHero15_1,36,Praetorian,0,7,318494
40,Deadeye,2,7,15,8,1000,synergyHero15_2,37,Titan,0,7,299058
40,Deadeye,2,7,15,8,1000,synergyHero15_3,39,Dicemaster,1,7,319449
40,Deadeye,2,7,16,8,1000,synergyHero16_1,14,Sorcerer,1,2,311478
40,Deadeye,2,7,16,8,1000,synergyHero16_2,23,Necromancer,1,6,278537
40,Deadeye,2,7,16,8,1000,synergyHero16_3,26,Forester,2,2,314946
41,Veteran,2,7,1,1,0,synergyHero1,37,Titan,0,7,299058
41,Veteran,2,7,2,1,0,synergyHero2_1,38,Sovereign,1,7,309440
41,Veteran,2,7,2,1,0,synergyHero2_2,39,Dicemaster,1,7,319449
41,Veteran,2,7,3,2,15,synergyHero3,8,Berserker,0,5,289330
41,Veteran,2,7,4,2,15,synergyHero4_1,21,Warlock,1,5,287059
41,Veteran,2,7,4,2,15,synergyHero4_2,40,Deadeye,2,7,310314
41,Veteran,2,7,5,3,50,synergyHero5,18,Battlemage,1,4,309008
41,Veteran,2,7,6,3,50,synergyHero6_1,6,Paladin,0,4,283139
41,Veteran,2,7,6,3,50,synergyHero6_2,36,Praetorian,0,7,318494
41,Veteran,2,7,7,4,100,synergyHero7,23,Necromancer,1,6,278537
41,Veteran,2,7,8,4,100,synergyHero8_1,11,Warlord,0,6,301908
41,Veteran,2,7,8,4,100,synergyHero8_2,20,Skymage,1,5,280408
41,Veteran,2,7,9,5,150,synergyHero9,31,Rogue,2,4,316887
41,Veteran,2,7,10,5,150,synergyHero10_1,2,Ninja,0,2,312627
41,Veteran,2,7,10,5,150,synergyHero10_2,9,Chieftain,0,5,314374
41,Veteran,2,7,11,6,250,synergyHero11,19,Spelldancer,1,4,271770
41,Veteran,2,7,12,6,250,synergyHero12_1,29,Arbalest,2,3,305299
41,Veteran,2,7,12,6,250,synergyHero12_2,34,Captain,2,6,313636
41,Veteran,2,7,13,7,500,synergyHero13,22,Templar,1,6,304679
41,Veteran,2,7,14,7,500,synergyHero14_1,1,Viking,0,1,305535
41,Veteran,2,7,14,7,500,synergyHero14_2,26,Forester,2,2,314946
41,Veteran,2,7,15,8,1000,synergyHero15_1,10,Champion,0,6,300301
41,Veteran,2,7,15,8,1000,synergyHero15_2,20,Skymage,1,5,280408
41,Veteran,2,7,15,8,1000,synergyHero15_3,30,Sniper,2,4,312907
41,Veteran,2,7,16,8,1000,synergyHero16_1,1,Viking,0,1,305535
41,Veteran,2,7,16,8,1000,synergyHero16_2,27,Archer,2,2,284600
41,Veteran,2,7,16,8,1000,synergyHero16_3,32,Ballista,2,5,317683
