category,line,name,meaning_guess
prestige,1026,prestigeWave,
prestige,1092,prestigeWaveSlider,
prestige,1093,prestigeMaxValue,
prestige,1094,prestigeWavePctText,
prestige,1095,prestigeWaveMaxText,
prestige,1096,prestigeWaveNumText,
ultimus,1099,ultimusWaveCover,
ultimus,1100,ultimusWaveButtonText,
ultimus,1101,ultimusTypeCover,
ultimus,1102,ultimusTypeButtonImage,
ultimus,1103,ultimusTypeButtonText,
ultimus,1305,ultimusRectTransform,
ultimus,1312,ultimusTokens1,
ultimus,1319,ultimusTokens2,
ultimus,1326,ultimusTokens3,
ultimus,1424,ultimusLockedPanel,
ultimus,1425,ultimusLockedRect,
ultimus,1426,ultimusLockedHpText,
ultimus,1427,ultimusLockedRewardText,
ultimus,1428,ultimusUnlockedPanel,
ultimus,1429,ultimusUnlockedRect,
ultimus,1430,ultimusHpText,
ultimus,1431,ultimusSpawnsSlider,
ultimus,1432,ultimusSpawnsCurrentText,
ultimus,1433,ultimusSpawnsCooldownText,
ultimus,1434,ultimusResAmount,
ultimus,1435,ultimusMeleeSpawnButton,
ultimus,1436,ultimusMeleeSpawnButtonTitle,
ultimus,1437,ultimusMeleeSpawnButtonCost,
ultimus,1438,ultimusMeleeNaCover,
ultimus,1439,ultimusMeleeNaCoverText,
ultimus,1440,ultimusMageSpawnButton,
ultimus,1441,ultimusMageSpawnButtonTitle,
ultimus,1442,ultimusMageSpawnButtonCost,
ultimus,1443,ultimusMageNaCover,
ultimus,1444,ultimusMageNaCoverText,
ultimus,1445,ultimusRangeSpawnButton,
ultimus,1446,ultimusRangeSpawnButtonTitle,
ultimus,1447,ultimusRangeSpawnButtonCost,
ultimus,1448,ultimusRangeNaCover,
ultimus,1449,ultimusRangeNaCoverText,
ultimus,1450,ultimusSupremePanel,
ultimus,1451,ultimusSupremeSpawnButton,
ultimus,1452,ultimusSupremeSpawnButtonTitle,
ultimus,1453,ultimusSupremeSpawnButtonCost,
ultimus,1454,ultimusSupremeNaCover,
ultimus,1455,ultimusSupremeNaCoverText,
runes,1532,runeTextFree,
runes,1540,runeRewardFree,
runes,1544,runeTextPremium,
runes,1552,runeRewardPremium,
iap_flags,1575,iapBuyPanel,
iap_flags,1576,iapButtonText,
resources,1635,resGold,
resources,1636,resGold_big,
resources,1637,resEnergy,
resources,1638,resEnergy_double,
resources,1639,resGems,
resources,1640,resPrestigePoints,
resources,1641,resPrestigePoints_big,
resources,1642,resTechPts,
resources,1643,resTechSupremePts,
resources,1644,resWeeklyTickets,
resources,1645,resTournPts,
resources,1646,resTokensBlue,
resources,1647,resTokensRed,
resources,1648,resTokensGreen,
resources,1649,resTokensSupreme,
resources,1650,resTowerLives,
resources,1651,resMasteryPoints,
resources,1652,resMapPoints_map0,
resources,1653,resMapPoints_map1,
resources,1654,resMapPoints_map2,
resources,1655,resMapPoints_map3,
resources,1656,resMapPoints_map4,
resources,1657,resMapPoints_map5,
resources,1658,resMapPoints_map6,
iap_flags,1659,iapDamage,
iap_flags,1660,iapKillGold,
iap_flags,1661,iapPrestigePower,
iap_flags,1662,iapKillExp,
iap_flags,1663,iapGameSpeed,
iap_flags,1664,iapBattlepassExp,
iap_flags,1665,iapGems1,
iap_flags,1666,iapGems2,
iap_flags,1667,iapGems3,
iap_flags,1668,iapGems4,
iap_flags,1669,iapGems5,
iap_flags,1670,iapSkipAds,
iap_flags,1671,iapOfflinePerk,
iap_flags,1672,iapDailyGiftPremium,
iap_flags,1673,iapBattlepassPremium,
iap_flags,1674,iapTournBoost,
iap_flags,1675,iapPvpBossBoost,
iap_flags,1676,iapPvpBossBoostPerm,
iap_flags,1677,iapWeeklyTickets,
iap_flags,1680,iapPromoTowers4,
iap_flags,1681,iapPromoTowers5,
iap_flags,1682,iapPromoTowers6,
iap_flags,1683,iapPromoTowers7,
iap_flags,1686,iapMasterySmallPack,
iap_flags,1687,iapMasteryLargePack,
iap_flags,1688,iapMasteryPermBundle,
runes,1721,runeBossHp,
runes,1722,runeBossHp_big,
tech,1723,techBossHp,
tech,1724,techBossHp_big,
ultimus,1725,ultimusSpawns,
ultimus,1726,ultimusCd,
battlepass,1736,bpDamage,
battlepass,1737,bpKillGold,
battlepass,1738,bpPrestigePower,
battlepass,1739,bpKillExp,
battlepass,1740,bpKillExp_double,
battlepass,1741,bpEnergyIncome,
tournament,1742,tournJoined,
tournament,1743,tournVersionId,
tournament,1744,tournHighestWave,
tournament,1745,tournTier,
tournament,1746,tournCanClaimReward,
community,1765,communityEventType,
community,1766,communityEventVersionId,
community,1767,communityEventYourCurrentScore,
community,1768,communityEventYourTotalScore,
community,1769,communityEventClaimed1,
community,1770,communityEventClaimed2,
community,1771,communityEventClaimed3,
community,1772,communityEventClaimed4,
community,1773,communityEventClaimed5,
community,1774,communityEventClaimed6,
community,1775,communityEventDamageBonus,
community,1776,communityEventGoldBonus,
community,1777,communityEventPrestigeBonus,
community,1778,communityEventEnergyBonus,
map_perks,1810,map1Perks_equipped,
map_perks,1811,map1Perks_range,
map_perks,1812,map1Perks_synergy12,
map_perks,1813,map1Perks_synergy34,
map_perks,1814,map1Perks_instantSkillChance,
map_perks,1815,map1Perks_skillPowerPct,
map_perks,1816,map1Perks_doubleShotChance,
map_perks,1817,map1Perks_masteryExpRange,
map_perks,1818,map1Perks_masterySkillPower,
map_slots,1819,map1Slots_equipped,
map_slots,1820,map1Slots_damage,
map_slots,1821,map1Slots_attSpeed,
map_slots,1822,map1Slots_range,
map_slots,1823,map1Slots_gold,
map_slots,1824,map1Slots_rankExpPct,
map_slots,1825,map1Slots_skillPowerPct,
map_slots,1826,map1Slots_instantSkillChance,
map_slots,1827,map1Slots_synergyBonus,
map_slots,1828,map1Slots_milestoneBonus,
map_slots,1829,map1Slots_mastery2xExpChance,
map_perks,1831,map2Perks_equipped,
map_perks,1832,map2Perks_enemyMoveSpeed,
map_perks,1833,map2Perks_synergy56,
map_perks,1834,map2Perks_synergy78,
map_perks,1835,map2Perks_instantSpellChance,
map_perks,1836,map2Perks_adBonus,
map_perks,1837,map2Perks_wavePerkEffect,
map_perks,1838,map2Perks_masteryExpMage,
map_perks,1839,map2Perks_masterySkillPower,
map_slots,1840,map2Slots_equipped,
map_slots,1841,map2Slots_damage,
map_slots,1842,map2Slots_attSpeed,
map_slots,1843,map2Slots_range,
map_slots,1844,map2Slots_gold,
map_slots,1845,map2Slots_rankExpPct,
map_slots,1846,map2Slots_skillPowerPct,
map_slots,1847,map2Slots_instantSkillChance,
map_slots,1848,map2Slots_synergyBonus,
map_slots,1849,map2Slots_milestoneBonus,
map_slots,1850,map2Slots_mastery2xExpChance,
map_perks,1852,map3Perks_equipped,
map_perks,1853,map3Perks_range,
map_perks,1854,map3Perks_rankExpPct,
map_perks,1855,map3Perks_trainerSpawns,
map_perks,1856,map3Perks_superExpChance,
map_perks,1857,map3Perks_superExpAmount,
map_perks,1858,map3Perks_extraBossChance,
map_perks,1859,map3Perks_mimicBossChance,
map_perks,1860,map3Perks_milestoneBonus,
map_perks,1861,map3Perks_mimicExp,
map_slots,1862,map3Slots_equipped,
map_slots,1863,map3Slots_damage,
map_slots,1864,map3Slots_attSpeed,
map_slots,1865,map3Slots_range,
map_slots,1866,map3Slots_gold,
map_slots,1867,map3Slots_rankExpPct,
map_slots,1868,map3Slots_skillPowerPct,
map_slots,1869,map3Slots_instantSkillChance,
map_slots,1870,map3Slots_synergyBonus,
map_slots,1871,map3Slots_milestoneBonus,
map_slots,1872,map3Slots_mastery2xExpChance,
map_perks,1874,map4Perks_equipped,
map_perks,1875,map4Perks_skillCooldown,
map_perks,1876,map4Perks_prestigePower,
map_perks,1877,map4Perks_battlepassExp,
map_perks,1878,map4Perks_range,
map_perks,1879,map4Perks_wavePerkWaves,
map_perks,1880,map4Perks_bossRushSkip,
map_perks,1881,map4Perks_masteryExpMelee,
map_perks,1882,map4Perks_enemySpawnSpeed,
map_slots,1883,map4Slots_equipped,
map_slots,1884,map4Slots_damage,
map_slots,1885,map4Slots_attSpeed,
map_slots,1886,map4Slots_range,
map_slots,1887,map4Slots_gold,
map_slots,1888,map4Slots_rankExpPct,
map_slots,1889,map4Slots_skillPowerPct,
map_slots,1890,map4Slots_instantSkillChance,
map_slots,1891,map4Slots_synergyBonus,
map_slots,1892,map4Slots_milestoneBonus,
map_slots,1893,map4Slots_mastery2xExpChance,
map_perks,1895,map5Perks_equipped,
map_perks,1896,map5Perks_damage,
map_perks,1897,map5Perks_gold,
map_perks,1898,map5Perks_attSpeed,
map_perks,1899,map5Perks_splashDmg,
map_perks,1900,map5Perks_superCritChance,
map_perks,1901,map5Perks_superCritDmg,
map_perks,1902,map5Perks_superGoldChance,
map_perks,1903,map5Perks_superGoldAmount,
map_slots,1904,map5Slots_equipped,
map_slots,1905,map5Slots_damage,
map_slots,1906,map5Slots_attSpeed,
map_slots,1907,map5Slots_range,
map_slots,1908,map5Slots_gold,
map_slots,1909,map5Slots_rankExpPct,
map_slots,1910,map5Slots_skillPowerPct,
map_slots,1911,map5Slots_instantSkillChance,
map_slots,1912,map5Slots_synergyBonus,
map_slots,1913,map5Slots_milestoneBonus,
map_slots,1914,map5Slots_mastery2xExpChance,
map_perks,1916,map6Perks_equipped,
map_perks,1917,map6Perks_energyIncome,
map_perks,1918,map6Perks_superEnergyChance,
map_perks,1919,map6Perks_superEnergyAmount,
map_perks,1920,map6Perks_spellCooldown,
map_perks,1921,map6Perks_powerMageSpawns,
map_perks,1922,map6Perks_powerMageCooldown,
map_perks,1923,map6Perks_powerMageGoldenChance,
map_perks,1924,map6Perks_instantSpellChance,
map_slots,1925,map6Slots_equipped,
map_slots,1926,map6Slots_damage,
map_slots,1927,map6Slots_attSpeed,
map_slots,1928,map6Slots_range,
map_slots,1929,map6Slots_gold,
map_slots,1930,map6Slots_rankExpPct,
map_slots,1931,map6Slots_skillPowerPct,
map_slots,1932,map6Slots_instantSkillChance,
map_slots,1933,map6Slots_synergyBonus,
map_slots,1934,map6Slots_milestoneBonus,
map_slots,1935,map6Slots_mastery2xExpChance,
map_perks,1937,map7Perks_dmgGroup1,
map_perks,1938,map7Perks_goldGroup2,
map_perks,1939,map7Perks_expGroup3,
map_perks,1940,map7Perks_energyGroup4,
map_perks,1941,map7Perks_bossGroup5,
map_perks,1942,map7Perks_skillGroup6,
map_perks,1943,map7Perks_synergyGroup7,
map_slots,1944,map7Slots_equipped,
map_slots,1945,map7Slots_damage,
map_slots,1946,map7Slots_attSpeed,
map_slots,1947,map7Slots_range,
map_slots,1948,map7Slots_gold,
map_slots,1949,map7Slots_rankExpPct,
map_slots,1950,map7Slots_skillPowerPct,
map_slots,1951,map7Slots_instantSkillChance,
map_slots,1952,map7Slots_synergyBonus,
map_slots,1953,map7Slots_milestoneBonus,
map_slots,1954,map7Slots_mastery2xExpChance,
research,2042,researchDmg1,
research,2043,researchAttSpeed,
research,2044,researchCritChance,
research,2045,researchEnemyHp,
research,2046,researchDmg2,
research,2047,researchSuperCritDmg,
research,2048,researchSynergyBonus,
research,2049,researchDmg3,
research,2050,researchDmg4,
research,2051,researchDmg5,
research,2052,researchAttSpeed2,
research,2053,researchDmg6,
research,2054,researchSkillDuration,
research,2055,researchSpellDuration,
research,2056,researchKillGold1,
research,2057,researchPrestigePower1,
research,2058,researchKillExp,
research,2059,researchBonusGoldAmt,
research,2060,researchBonusExpAmt,
research,2061,researchKillGold2,
research,2062,researchPrestigePower2,
research,2063,researchBossExp,
research,2064,researchKillGold3,
research,2065,researchPrestigePower3,
research,2066,researchKillGold4,
research,2067,researchPrestigePower4,
research,2068,researchKillGold5,
research,2069,researchPrestigePower5,
research,2070,researchKillGold6,
research,2071,researchKillExpPct,
research,2072,researchHoarderCd,
research,2073,researchProducerCd,
research,2074,researchTrainerCd,
research,2075,researchShadowAlienHpReduction,
research,2076,researchRuneRarity,
research,2077,researchUltimusSpawns,
research,2078,researchMimicGold,
research,2079,researchMimicPrestigePts,
research,2080,researchTowerLives,
research,2081,researchGameSpeed,
research,2082,researchWavePerksUnlocked,
research,2083,researchWavePerksWaves,
prestige,2120,prestigeDmg1,
prestige,2121,prestigeRange,
prestige,2122,prestigeCritDmg,
prestige,2123,prestigeSuperCritChance,
prestige,2124,prestigeDmg2,
prestige,2125,prestigeBossDmg,
prestige,2126,prestigeDmg3,
prestige,2127,prestigeDmg4,
prestige,2128,prestigeDmg5,
prestige,2129,prestigeDmg6,
prestige,2130,prestigeSkillCd,
prestige,2131,prestigeSpellCd,
prestige,2132,prestigeSkillPower,
prestige,2133,prestigeVideoAdUltraCritDamage,
prestige,2134,prestigeVideoAdUltraCritChance,
prestige,2135,prestigeDmg7,
prestige,2136,prestigeSkillPower2,
prestige,2137,prestigeMasteryPower,
prestige,2138,prestigeKillGold1,
prestige,2139,prestigeKillExp,
prestige,2140,prestigeBonusGoldChance,
prestige,2141,prestigeBonusExpChance,
prestige,2142,prestigeKillGold2,
prestige,2143,prestigeBossGold,
prestige,2144,prestigeBonusEnergyChance,
prestige,2145,prestigeEnergyIncome,
prestige,2146,prestigeKillGold3,
prestige,2147,prestigeKillGold4,
prestige,2148,prestigeKillGold5,
prestige,2149,prestigeKillGold6,
prestige,2150,prestigeVideoAdUltraGoldAmount,
prestige,2151,prestigeVideoAdUltraGoldChance,
prestige,2152,prestigeKillExpPct,
prestige,2153,prestigeEnergyIncome2,
prestige,2154,prestigeKillGold7,
prestige,2155,prestigeUltraGoldChance,
prestige,2156,prestigeUltraEnergyChance,
prestige,2157,prestigeHoarderGold,
prestige,2158,prestigeProducerEnergy,
prestige,2159,prestigeTrainerExp,
prestige,2160,prestigeRunesRarity,
prestige,2161,prestigeTechReward,
prestige,2162,prestige2xTokenDropChance,
prestige,2163,prestigeUltimusSpawns,
prestige,2164,prestigeTech2xChance,
prestige,2165,prestigeUltimusTokens,
prestige,2166,prestigeGoldenGoblinChance,
prestige,2167,prestigeGoldenProducerChance,
prestige,2168,prestigeGoldenTrainerChance,
prestige,2169,prestigeMimicGold,
prestige,2170,prestigePlayerExp,
prestige,2171,prestigeGameSpeed,
prestige,2172,prestigeVideoAdBonus,
tech,2173,techDmg1,
tech,2174,techEnemyHp,
tech,2175,techAttSpeed,
tech,2176,techRange,
tech,2177,techCritChance,
tech,2178,techCritDmg,
tech,2179,techRunesRarity,
tech,2180,techBossDmg,
tech,2181,techDmg2,
tech,2182,techSkillCd,
tech,2183,techSpellCd,
tech,2184,techSkillDuration,
tech,2185,techSpellDuration,
tech,2186,techEnergyIncome,
tech,2187,techKillGold1,
tech,2188,techPrestigePower,
tech,2189,techKillExp,
tech,2190,techHoarderGold,
tech,2191,techTrainerExp,
tech,2192,techBossGold,
tech,2193,techBossExp,
tech,2194,techKillGold2,
tech,2195,techGameSpeed,
tech,2196,techSynergyBonus,
tech,2197,techWavePerkRerolls,
tech,2198,techMiniShadowShardDrop,
supreme_tech,2199,supTechUnlocked,
supreme_tech,2200,supTechDmg1Bonus,
supreme_tech,2201,supTechDmg2Bonus,
supreme_tech,2202,supTechGold1Bonus,
supreme_tech,2203,supTechGold2Bonus,
supreme_tech,2204,supTechPrestige1Bonus,
supreme_tech,2205,supTechCritDmgMaxLevel,
supreme_tech,2206,supTechEnemyHpMaxLevel,
supreme_tech,2207,supTechExp1Bonus,
supreme_tech,2208,supTechGoldenGoblinChance,
supreme_tech,2209,supTechGoldenTrainerChance,
supreme_tech,2210,supTechGoldenProducerChance,
supreme_tech,2211,supTechUltimusReward,
supreme_tech,2212,supTechBossGoldMaxLevel,
supreme_tech,2213,supTechBossExpMaxLevel,
supreme_tech,2214,supTechDamage3,
supreme_tech,2215,supTechGold3,
supreme_tech,2216,supTechProgressiveExp,
supreme_tech,2217,supTechPrestige2,
supreme_tech,2218,supTechEnemyShields,
supreme_tech,2219,supTechEnemyWeakness,
supreme_tech,2220,supTechEnergyIncome2,
supreme_tech,2221,supTechTournPts,
supreme_tech,2222,supTechIntroSkip,
supreme_tech,2223,supTechBossRushWaves,
supreme_tech,2224,supTechLevelMilestones,
tournament,2225,tournDmg1,
tournament,2226,tournSuperCritChance,
tournament,2227,tournSuperCritDmg,
tournament,2228,tournDmg2,
tournament,2229,tournSkillPower,
tournament,2230,tournEnemyHpSkipChance,
tournament,2231,tournSpellMaxLevel,
tournament,2232,tournSpellDuration,
tournament,2233,tournKillGold1,
tournament,2234,tournKillExp,
tournament,2235,tournKillExpProgressive,
tournament,2236,tournBonusGoldChance,
tournament,2237,tournBonusExpChance,
tournament,2238,tournBonusEnergyChance,
tournament,2239,tournEnergyIncome,
tournament,2240,tournKillGold2,
tournament,2241,tournBonusGoldAmt,
tournament,2242,tournBonusExpAmt,
tournament,2243,tournBonusEnergyAmt,
tournament,2244,tournUltraEnergyChance,
tournament,2245,tournHoarderSpawns,
tournament,2246,tournProducerSpawns,
tournament,2247,tournProducerEnergy,
tournament,2248,tournRunesReward,
tournament,2249,tournTechReward,
tournament,2250,tournShadowAlienHpReduction,
tournament,2251,tournAlienSupremeSpawnChance,
tournament,2252,tournUltimusReward,
tournament,2253,tournUltimusCd,
tournament,2254,tournUltimusSpawns,
tournament,2255,tournSupremeSpawnChance,
tournament,2256,tournMimicEnergy,
tournament,2257,tournPlayerExp,
tournament,2258,tournBossRushMax,
tournament,2259,tournWavePerkEffect,
tickets,2260,ticketDamage1,
tickets,2261,ticketDamage2,
tickets,2262,ticketDamage3,
tickets,2263,ticketCritChance,
tickets,2264,ticketCritDamage,
tickets,2265,ticketSuperCritChance,
tickets,2266,ticketSuperCritDamage,
tickets,2267,ticketInstantSkillCdChance,
tickets,2268,ticketInstantSpellCdChance,
tickets,2269,ticketEnemyImmuneLimit,
tickets,2270,ticketSkillPower,
tickets,2271,ticketFreeHeroLevel,
tickets,2272,ticketGold1,
tickets,2273,ticketGold2,
tickets,2274,ticketGold3,
tickets,2275,ticketSuperGoldChance,
tickets,2276,ticketSuperGoldAmount,
tickets,2277,ticketRankExp1,
tickets,2278,ticketRankExp2,
tickets,2279,ticketEnergyIncome,
tickets,2280,ticketHeroLevelCost,
tickets,2281,ticketUltraGoldChance,
tickets,2282,ticketUltraExpChance,
tickets,2283,ticketShadowAlienHpScaling,
tickets,2284,ticketUltimusSpawns,
tickets,2285,ticket2xSupremeRuneChance,
tickets,2286,ticketAlienSupremeSpawnChance,
tickets,2287,ticketMimicEnergy,
tickets,2288,ticketTowerLives,
tickets,2289,ticketExtraBossChance,
tickets,2290,ticketBossRushMax,
tickets,2291,ticketWavePerkEffect,
ultimus,2293,ultimusDmg,
ultimus,2294,ultimusUltraCritChance,
ultimus,2295,ultimusUltraCritDamage,
ultimus,2296,ultimusHoarderGold,
ultimus,2297,ultimusTrainerExp,
ultimus,2298,ultimusShadowRunes,
ultimus,2300,ultimusBattlepassExp,
ultimus,2301,ultimusDailyGiftRunes,
ultimus,2302,ultimusVideoAdGems,
ultimus,2303,ultimusWavePerkWaves,
ultimus,2304,ultimusTrainerCd,
ultimus,2305,ultimusTrainerGoldenChance,
ultimus,2306,ultimusRuneRarity,
ultimus,2307,ultimusPrestigePower,
ultimus,2308,ultimusEnergyIncome,
ultimus,2309,ultimusUltraEnergyChance,
ultimus,2310,ultimusUltraEnergyAmount,
ultimus,2311,ultimusProducerEnergy,
ultimus,2312,ultimusAlienTech,
ultimus,2314,ultimusShadowAlienHpSkip,
ultimus,2315,ultimusVideoAdUltraEnergyChance,
ultimus,2316,ultimusVideoAdUltraEnergyAmount,
ultimus,2317,ultimusProducerCd,
ultimus,2318,ultimusProducerSpawns,
ultimus,2319,ultimusProducerGoldenChance,
ultimus,2320,ultimusExtraBossChance,
ultimus,2321,ultimusKillGold,
ultimus,2322,ultimusUltraGoldChance,
ultimus,2323,ultimusUltraGoldAmount,
ultimus,2324,ultimusRankExp,
ultimus,2325,ultimusUltraExpChance,
ultimus,2326,ultimusUltraExpAmount,
ultimus,2327,ultimusStartingGold,
ultimus,2328,ultimusMapPerks,
ultimus,2329,ultimusVideoAdUltraExpChance,
ultimus,2330,ultimusVideoAdUltraExpAmount,
ultimus,2331,ultimusHoarderCd,
ultimus,2332,ultimusHoarderSpawns,
ultimus,2333,ultimusGoblinGoldenChance,
ultimus,2334,ultimusBossGold,
ultimus,2335,ultimusDmg2,
ultimus,2336,ultimusKillGold2,
ultimus,2337,ultimusPrestigePower2,
ultimus,2338,ultimusEnergyIncome2,
ultimus,2339,ultimusHeroLevelCostReduction,
ultimus,2340,ultimusRankExpPct,
ultimus,2341,ultimusMasterySkillPower,
ultimus,2342,ultimusEnemyHpScaleReduction,
ultimus,2343,ultimusBossChestSpawnChance,
ultimus,2344,ultimusShadowAlienHpScaling,
ultimus,2345,ultimusSupremeTechReward,
ultimus,2346,ultimusEnemyWeakness,
ultimus,2347,ultimusIntroSkip,
ultimus,2348,ultimusBossRushWaves,
ultimus,2349,ultimusMimicExp,
ultimus,2350,ultimusMimicEnergy,
gems_upgrades,2351,gemsDmg,
gems_upgrades,2352,gemsSuperCritChance,
gems_upgrades,2353,gemsSuperCritDmg,
gems_upgrades,2354,gemsSkillPower,
gems_upgrades,2355,gemsKillGold,
gems_upgrades,2356,gemsPrestigePower,
gems_upgrades,2357,gemsKillExp,
gems_upgrades,2358,gemsEnergyIncome,
gems_upgrades,2359,gemsTournTrophies,
gems_upgrades,2360,gemsRunesReward,
gems_upgrades,2361,gemsTechReward,
gems_upgrades,2362,gemsShadowAlienHpScaling,
gems_upgrades,2363,gemsUltimusReward,
gems_upgrades,2364,gemsUltimusCd,
gems_upgrades,2365,gemsPlayerExp,
gems_upgrades,2366,gemsRunesRarity,
gems_upgrades,2367,gemsGameSpeed,
gems_upgrades,2368,gemsAdBonusAmt,
gems_upgrades,2369,gemsAdBonusDuration,
gems_upgrades,2370,gemsOfflineResourceType,
gems_upgrades,2371,gemsOfflineRewards,
runes,2372,runeRarityEffectSetting,
runes,2373,runeDmg1,
runes,2374,runeKillGold1,
runes,2375,runeAttSpeed,
runes,2376,runeCritDmg,
runes,2377,runeEnemyHp,
runes,2378,runeKillExp1,
runes,2379,runePrestigePower1,
runes,2380,runeCritChance,
runes,2381,runeBonusGoldAmt,
runes,2382,runeTrainerCd,
runes,2383,runeDmg2,
runes,2384,runeKillGold2,
runes,2385,runeRange,
runes,2386,runeSkillCd,
runes,2387,runeBonusExpAmt,
runes,2388,runeKillExp2,
runes,2389,runePrestigePower2,
runes,2390,runeSuperCritDmg,
runes,2391,runeSpellDuration,
runes,2392,runeHoarderSpawns,
runes,2393,runeDmg3,
runes,2394,runeKillGold3,
runes,2395,runeSuperCritChance,
runes,2396,runeBonusEnergyAmt,
runes,2397,runeProducerSpawns,
runes,2398,runeDmg4,
runes,2399,runeKillGold4,
runes,2400,runeEnergyIncome,
runes,2401,runePlayerExp,
runes,2402,runeTechReward,
runes,2403,runeDmg5,
runes,2404,runeKillGold5,
runes,2405,runeEnergyIncome2,
runes,2406,runeKillExp3,
runes,2407,runePrestigePower3,
runes,2408,runeHeroLevelCost,
runes,2409,runeMapPerks,
runes,2410,runeWavePerkWaves,
runes,2411,runeWavePerkEffect,
runes,2412,runeAdReward,
runes,2413,runeSupreme2CombatUnlocked,
runes,2414,runeDmg6,
runes,2415,runeUltraCritDmg,
runes,2416,runeUltraCritChance,
runes,2417,runeKillExp4,
runes,2418,runeUltraExpChance,
runes,2419,runeSupreme2ResourceUnlocked,
runes,2420,runeKillGold6,
runes,2421,runeUltraGoldAmt,
runes,2422,runeUltraGoldChance,
runes,2423,runeEnergyIncome3,
runes,2424,runeUltraEnergyChance,
runes,2425,runeSupreme2ProgressUnlocked,
runes,2426,runePrestigePower4,
runes,2427,runeWeeklyTickets,
runes,2428,runeFreeHeroLevelChance,
runes,2429,runeEnemyHpSkipChance,
runes,2430,runeWorkshopCooldown,
mastery,2431,masteryMinimizeIaps,
mastery,2432,masteryDamage,
mastery,2433,masteryUltraCritDmg,
mastery,2434,masterySkillPower,
mastery,2435,masteryInstantSpellCd,
mastery,2436,masteryHeroLevelCost,
mastery,2437,masteryMilestoneBonus,
mastery,2438,masterySynergy12Bonus,
mastery,2439,masterySynergy34Bonus,
mastery,2440,masteryEnemyHpScaleReduction,
mastery,2441,masteryKillGold,
mastery,2442,masteryUltraGoldAmount,
mastery,2443,masteryEnergyIncome,
mastery,2444,masteryUltraEnergyAmount,
mastery,2445,masteryRankExpPct,
mastery,2446,masteryPrestigePower,
mastery,2447,masteryBossGold,
mastery,2448,masteryBossExp,
mastery,2449,masteryBossExtraChance,
mastery,2450,masteryBossChestSpawnChance,
mastery,2451,masteryTrainerExp,
mastery,2452,masteryAlienTech,
mastery,2453,masteryUltimusTokens,
mastery,2454,masterySupremeRunes,
mastery,2455,masteryAlienSupremeTechDrop,
mastery,2456,masteryMimicEnergy,
mastery,2457,masteryMapPerks,
mastery,2458,masteryWavePerksBonus,
mastery,2459,masteryBattlepassExp,
mastery,2460,masteryEnemySpawnSpeed,
wave_perks,2461,wavePerkOnNum,
wave_perks,2462,wavePerkCard1,
wave_perks,2463,wavePerkCard2,
wave_perks,2464,wavePerkCard3,
wave_perks,2465,wavePerkPaidRerolls,
wave_perks,2466,wavePerkFreeRerolls,
wave_perks,2467,wavePerkDamage,
wave_perks,2468,wavePerkKillGold,
wave_perks,2469,wavePerkPrestigePower,
wave_perks,2470,wavePerkCritDmg,
wave_perks,2471,wavePerkEnemyHp,
wave_perks,2472,wavePerkRange,
wave_perks,2473,wavePerkCritChance,
wave_perks,2474,wavePerkAttSpeed,
wave_perks,2475,wavePerkHoarderGold,
wave_perks,2476,wavePerkKillExp,
wave_perks,2477,wavePerkEnergyIncome,
wave_perks,2478,wavePerkSkillPower,
wave_perks,2479,wavePerkSkillCd,
wave_perks,2480,wavePerkSpellCd,
wave_perks,2481,wavePerkProducerEnergy,
wave_perks,2482,wavePerkBattlepassExp,
wave_perks,2483,wavePerkWavesRequired,
wave_perks,2484,wavePerkHoarderSpawns,
wave_perks,2485,wavePerkProducerSpawns,
wave_perks,2486,wavePerkTrainerSpawns,
wave_perks,2487,wavePerkTrainerExp,
wave_perks,2488,wavePerkShadowRunes,
wave_perks,2489,wavePerkAlienTech,
wave_perks,2490,wavePerkUltimusTokens,
wave_perks,2491,wavePerkGameSpeed,
automation_unlocks,2502,functionUnlockedIdleDamage,
automation_unlocks,2503,functionUnlockedIdleGold,
automation_unlocks,2504,functionUnlockedIdleEnergy,
automation_unlocks,2505,functionUnlockedIdleExp,
automation_unlocks,2506,functionUnlockedHeroLevels,
automation_unlocks,2507,functionUnlockedWavePerks,
automation_unlocks,2508,functionUnlockedClaimAd,
automation_unlocks,2509,functionUnlockedPrestige,
automation_unlocks,2510,functionUnlockedBosses,
automation_unlocks,2511,functionUnlockedGoblins,
automation_unlocks,2512,functionUnlockedProducers,
automation_unlocks,2513,functionUnlockedTrainers,
automation_unlocks,2514,functionUnlockedAliens,
automation_unlocks,2515,functionUnlockedShadows,
automation_unlocks,2516,functionUnlockedUltimus,
automation_unlocks,2517,functionUnlockedSupreme,
automation_cooldowns,2519,functionCooldownIdleDamage,
automation_cooldowns,2520,functionCooldownIdleGold,
automation_cooldowns,2521,functionCooldownIdleEnergy,
automation_cooldowns,2522,functionCooldownIdleExp,
automation_cooldowns,2523,functionCooldownHeroLevels,
automation_cooldowns,2524,functionCooldownClaimAd,
automation_cooldowns,2525,functionCooldownBosses,
automation_cooldowns,2526,functionCooldownGoblins,
automation_cooldowns,2527,functionCooldownProducers,
automation_cooldowns,2528,functionCooldownTrainers,
automation_cooldowns,2529,functionCooldownAliens,
automation_cooldowns,2530,functionCooldownShadows,
automation_cooldowns,2531,functionCooldownUltimus,
automation_cooldowns,2532,functionCooldownSupreme,
automation_effects,2533,functionEffectDamageLevel,
automation_effects,2534,functionEffectGoldLevel,
automation_effects,2535,functionEffectEnergyLevel,
automation_effects,2536,functionEffectExpLevel,
automation_effects,2537,functionEffectPrestigeWavePct,
automation_effects,2538,functionEffectPerkPriority,
automation_effects,2539,functionEffectUltimusWave,
automation_effects,2540,functionEffectUltimusType,
automation_effects,2541,functionEffectSupremeWave,
workshop_level,2547,workshopLevelIdleDamageAmount,
workshop_level,2548,workshopLevelIdleDamageStartVal,
workshop_level,2549,workshopLevelIdleDamageMax,
workshop_level,2550,workshopLevelIdleDamageCooldown,
workshop_level,2551,workshopLevelIdleGoldAmount,
workshop_level,2552,workshopLevelIdleGoldStartVal,
workshop_level,2553,workshopLevelIdleGoldMax,
workshop_level,2554,workshopLevelIdleGoldCooldown,
workshop_level,2555,workshopLevelIdleEnergyAmount,
workshop_level,2556,workshopLevelIdleEnergyStartVal,
workshop_level,2557,workshopLevelIdleEnergyMax,
workshop_level,2558,workshopLevelIdleEnergyCooldown,
workshop_level,2559,workshopLevelIdleExpAmount,
workshop_level,2560,workshopLevelIdleExpStartVal,
workshop_level,2561,workshopLevelIdleExpMax,
workshop_level,2562,workshopLevelIdleExpCooldown,
workshop_level,2563,workshopLevelIdleActivationCooldown,
workshop_level,2564,workshopLevelHeroLevelsCooldown,
workshop_level,2565,workshopLevelHeroLevelsSpendAmount,
workshop_level,2566,workshopLevelInstantHeroLevels,
workshop_level,2567,workshopLevelWavePerksAmount,
workshop_level,2568,workshopLevelClaimAdsCooldown,
workshop_level,2569,workshopLevelPrestigeWaves,
workshop_level,2570,workshopLevelBossSpawns,
workshop_level,2571,workshopLevelBossBonus,
workshop_level,2572,workshopLevelBossCooldown,
workshop_level,2573,workshopLevelGoblinSpawns,
workshop_level,2574,workshopLevelGoblinBonus,
workshop_level,2575,workshopLevelGoblinCooldown,
workshop_level,2576,workshopLevelProducerSpawns,
workshop_level,2577,workshopLevelProducerBonus,
workshop_level,2578,workshopLevelProducerCooldown,
workshop_level,2579,workshopLevelTrainerSpawns,
workshop_level,2580,workshopLevelTrainerBonus,
workshop_level,2581,workshopLevelTrainerCooldown,
workshop_level,2582,workshopLevelShadowSpawns,
workshop_level,2583,workshopLevelShadowBonus,
workshop_level,2584,workshopLevelShadowCooldown,
workshop_level,2585,workshopLevelAlienSpawns,
workshop_level,2586,workshopLevelAlienBonus,
workshop_level,2587,workshopLevelAlienCooldown,
workshop_level,2588,workshopLevelUltimusSpawns,
workshop_level,2589,workshopLevelUltimusBonus,
workshop_level,2590,workshopLevelUltimusCooldown,
workshop_level,2591,workshopLevelUltimusTypeSetting,
workshop_level,2592,workshopLevelUltimusWaveSetting,
workshop_level,2593,workshopLevelSupremeSpawns,
workshop_level,2594,workshopLevelSupremeBonus,
workshop_level,2595,workshopLevelSupremeCooldown,
workshop_level,2596,workshopLevelSupremeWaveSetting,
workshop_cooldown,2597,workshopCooldownIdleDamageAmount,
workshop_cooldown,2598,workshopCooldownIdleDamageStartVal,
workshop_cooldown,2599,workshopCooldownIdleDamageMax,
workshop_cooldown,2600,workshopCooldownIdleDamageCooldown,
workshop_cooldown,2601,workshopCooldownIdleGoldAmount,
workshop_cooldown,2602,workshopCooldownIdleGoldStartVal,
workshop_cooldown,2603,workshopCooldownIdleGoldMax,
workshop_cooldown,2604,workshopCooldownIdleGoldCooldown,
workshop_cooldown,2605,workshopCooldownIdleEnergyAmount,
workshop_cooldown,2606,workshopCooldownIdleEnergyStartVal,
workshop_cooldown,2607,workshopCooldownIdleEnergyMax,
workshop_cooldown,2608,workshopCooldownIdleEnergyCooldown,
workshop_cooldown,2609,workshopCooldownIdleExpAmount,
workshop_cooldown,2610,workshopCooldownIdleExpStartVal,
workshop_cooldown,2611,workshopCooldownIdleExpMax,
workshop_cooldown,2612,workshopCooldownIdleExpCooldown,
workshop_cooldown,2613,workshopCooldownHeroLevelsCooldown,
workshop_cooldown,2614,workshopCooldownHeroLevelsSpendAmount,
workshop_cooldown,2615,workshopCooldownInstantHeroLevels,
workshop_cooldown,2616,workshopCooldownWavePerksAmount,
workshop_cooldown,2617,workshopCooldownClaimAdsCooldown,
workshop_cooldown,2618,workshopCooldownPrestigeWaves,
workshop_cooldown,2619,workshopCooldownBossSpawns,
workshop_cooldown,2620,workshopCooldownBossBonus,
workshop_cooldown,2621,workshopCooldownBossCooldown,
workshop_cooldown,2622,workshopCooldownGoblinSpawns,
workshop_cooldown,2623,workshopCooldownGoblinBonus,
workshop_cooldown,2624,workshopCooldownGoblinCooldown,
workshop_cooldown,2625,workshopCooldownProducerSpawns,
workshop_cooldown,2626,workshopCooldownProducerBonus,
workshop_cooldown,2627,workshopCooldownProducerCooldown,
workshop_cooldown,2628,workshopCooldownTrainerSpawns,
workshop_cooldown,2629,workshopCooldownTrainerBonus,
workshop_cooldown,2630,workshopCooldownTrainerCooldown,
workshop_cooldown,2631,workshopCooldownShadowSpawns,
workshop_cooldown,2632,workshopCooldownShadowBonus,
workshop_cooldown,2633,workshopCooldownShadowCooldown,
workshop_cooldown,2634,workshopCooldownAlienSpawns,
workshop_cooldown,2635,workshopCooldownAlienBonus,
workshop_cooldown,2636,workshopCooldownAlienCooldown,
workshop_cooldown,2637,workshopCooldownUltimusSpawns,
workshop_cooldown,2638,workshopCooldownUltimusBonus,
workshop_cooldown,2639,workshopCooldownUltimusCooldown,
workshop_cooldown,2640,workshopCooldownUltimusTypeSetting,
workshop_cooldown,2641,workshopCooldownUltimusWaveSetting,
workshop_cooldown,2642,workshopCooldownSupremeSpawns,
workshop_cooldown,2643,workshopCooldownSupremeBonus,
workshop_cooldown,2644,workshopCooldownSupremeCooldown,
workshop_cooldown,2645,workshopCooldownSupremeWaveSetting,
achievements,2646,achHighestWave,
achievements,2647,achPrestiges,
achievements,2648,achBattlepassLevel,
achievements,2649,achBestTournamentTier,
achievements,2650,achTimePlayed,
achievements,2651,achFunctionsActivated,
achievements,2652,achWorkshopLevels,
achievements,2653,achHeroesUnlocked,
achievements,2654,achHeroLevels,
achievements,2655,achHeroRanks,
achievements,2656,achCriticalHits,
achievements,2657,achSuperCriticalHits,
achievements,2658,achSkillsUsed,
achievements,2659,achSpellsUsed,
achievements,2660,achMasteryMissions,
achievements,2661,achEnemiesKilled,
achievements,2662,achGoblinsKilled,
achievements,2663,achProducersKilled,
achievements,2664,achTrainersKilled,
achievements,2665,achShadowsKilled,
achievements,2666,achAliensKilled,
achievements,2667,achUltimusKilled,
achievements,2668,achSupremesKilled,
achievements,2669,achChestMimicsKilled,
achievements,2670,achGoldenBossesKilled,
achievements,2671,achSupremeAliensKilled,
achievements,2672,achSupremeUltimusKilled,
achievements,2673,achPvpBossDamage,
challenges,2683,chalHeroLevel1,
challenges,2684,chalHeroLevel2,
challenges,2685,chalHeroLevel3,
challenges,2686,chalMeleeKills,
challenges,2687,chalMageKills,
challenges,2688,chalRangeKills,
challenges,2689,chalSpendGems1,
challenges,2690,chalSpendGems2,
challenges,2691,chalSpendGems3,
challenges,2692,chalSynergiesActive1,
challenges,2693,chalSynergiesActive2,
challenges,2694,chalSynergiesActive3,
challenges,2695,chalBattlepassLevel1,
challenges,2696,chalBattlepassLevel2,
challenges,2697,chalBattlepassLevel3,
challenges,2698,chalGoblinKills,
challenges,2699,chalProducerKills,
challenges,2700,chalTrainerKills,
challenges,2701,chalShadowKills,
challenges,2702,chalAlienKills,
challenges,2703,chalSkillKills,
challenges,2704,chalGoldSkillKills,
challenges,2705,chalDebuffedKills,
challenges,2706,chalEnergyFromSkills,
challenges,2707,chalHoldEnergy1,
challenges,2708,chalHoldEnergy2,
challenges,2709,chalHoldEnergy3,
challenges,2710,chalDailyTasksCompleted,
challenges,2711,chalDailyGifts1,
challenges,2712,chalDailyGifts2,
challenges,2713,chalDailyGifts3,
challenges,2714,chalHighestRank,
challenges,2715,chalTotalRanks,
challenges,2716,chalRank20Plus,
challenges,2717,chalSpellLevels,
challenges,2718,chalHighestKillcount,
challenges,2719,chalWaveIn20Min,
challenges,2721,chalAllHeroRank250,
challenges,2722,chalBattlepassLevel75,
challenges,2723,chalSynergiesActive32,
challenges,2724,chalUltimusKills,
challenges,2725,chalWaveOnlyCommonHeroes,
challenges,2726,chalTotalHeroLevelsSingleRun,
challenges,2727,chalRank500Hero,
challenges,2728,chalEnergySingleRun,
challenges,2729,chalUltraGoldHoarders,
challenges,2730,chalUltraExpTrainers,
challenges,2731,chalWave20kAllMaps,
challenges,2732,chalWave35kAllMaps,
challenges,2733,chalKills25mSingleHero,
challenges,2734,chalRank2kAllHeroes,
challenges,2735,chalSynergiesActive50,
challenges,2736,chalWavePerksDamage15,
challenges,2737,chalSupremeKills,
challenges,2738,chalWorkshopLevels,
background_challenges,2865,bgChalTimePlayed,
background_challenges,2866,bgChalHighestWaveMap1a,
background_challenges,2867,bgChalHighestWaveMap2a,
background_challenges,2868,bgChalHighestWaveMap3a,
background_challenges,2869,bgChalHighestWaveMap4a,
background_challenges,2870,bgChalHighestWaveMap5a,
background_challenges,2871,bgChalHighestWaveMap6a,
background_challenges,2872,bgChalHighestWaveMap1b,
background_challenges,2873,bgChalHighestWaveMap2b,
background_challenges,2874,bgChalHighestWaveMap3b,
background_challenges,2875,bgChalHighestWaveMap4b,
background_challenges,2876,bgChalHighestWaveMap5b,
background_challenges,2877,bgChalHighestWaveMap6b,
background_challenges,2878,bgChal_astralMap_wave50k,
background_challenges,2879,bgChal_noGold_wave25k,
background_challenges,2880,bgChal_noPerksSpellsSkills_wave50k,
background_challenges,2881,bgChalPrestige1,
background_challenges,2882,bgChalPrestige2,
background_challenges,2883,bgChalPrestige3,
background_challenges,2884,bgChalPrestige4,
background_challenges,2885,bgChal_prestiges_over40k,
background_challenges,2886,bgChalKillEnemies,
background_challenges,2887,bgChalKillBosses,
background_challenges,2888,bgChalKillGoblins,
background_challenges,2889,bgChalKillProducers,
background_challenges,2890,bgChalKillTrainers,
background_challenges,2891,bgChalKillShadows,
background_challenges,2892,bgChalKillAliens,
background_challenges,2893,bgChalKillUltimus,
background_challenges,2894,bgChal_allGoldBosses_singleWave,
background_challenges,2895,bgChal_allMeleeHeroes_10mKills,
background_challenges,2896,bgChalHighestHeroRank1,
background_challenges,2897,bgChalHighestHeroRank2,
background_challenges,2898,bgChalHighestHeroRank3,
background_challenges,2899,bgChalHighestHeroRank4,
background_challenges,2900,bgChalHighestHeroRank5,
background_challenges,2901,bgChalHighestHeroRank6,
background_challenges,2902,bgChalAllHeroRanks1,
background_challenges,2903,bgChalAllHeroRanks2,
background_challenges,2904,bgChalAllHeroRanks3,
background_challenges,2905,bgChalAllHeroRanks4,
background_challenges,2906,bgChal_totalRanks_100k,
background_challenges,2907,bgChal_totalRanks_200k,
background_challenges,2908,bgChal_allMastery_1,
background_challenges,2909,bgChal_allMastery_5,
background_challenges,2910,bgChal_allMastery_10,
background_challenges,2911,bgChalSuperGoldProcs,
background_challenges,2912,bgChalUltraGoldProcs,
background_challenges,2913,bgChalSuperExpProcs,
background_challenges,2914,bgChalUltraExpProcs,
background_challenges,2915,bgChalSuperEnergyProcs,
background_challenges,2916,bgChalUltraEnergyProcs,
background_challenges,2917,bgChalAchievementStars1,
background_challenges,2918,bgChalAchievementStars2,
background_challenges,2919,bgChalAchievementStars3,
background_challenges,2920,bgChalAchievementStars4,
background_challenges,2921,bgChal_achStars_500,
stats,3034,statTimePlayed,
stats,3035,statMoneySpent,
stats,3036,statHighestWave,
stats,3037,statPrestiges,
stats,3038,statHighestBattlepassLevel,
stats,3039,statAchievementStars,
stats,3040,statBestTournamentTier,
stats,3041,statBestTournamentTierFinish,
stats,3042,statBestTournamentRank,
stats,3043,statDailyGiftsClaimed,
stats,3044,statFunctionsActivated,
stats,3045,statWorkshopLevels,
stats,3046,statHeroesUnlocked,
stats,3047,statHeroLevels,
stats,3048,statHeroRanks,
stats,3049,statMasteryMissions,
stats,3050,statCriticalHits,
stats,3051,statSuperCriticalHits,
stats,3052,statUltraCriticalHits,
stats,3053,statSuperGoldProcs,
stats,3054,statUltraGoldProcs,
stats,3055,statSuperExpProcs,
stats,3056,statUltraExpProcs,
stats,3057,statSuperEnergyProcs,
stats,3058,statUltraEnergyProcs,
stats,3059,statSkillsUsed,
stats,3060,statSpellsUsed,
stats,3061,statEnemiesKilled,
stats,3062,statBossesKilled,
stats,3063,statGoblinsKilled,
stats,3064,statProducersKilled,
stats,3065,statTrainersKilled,
stats,3066,statShadowsKilled,
stats,3067,statSupremeShadowsKilled,
stats,3068,statTotalSupremeRunes,
stats,3069,statAliensKilled,
stats,3070,statAlienSupremesKilled,
stats,3071,statUltimusKilled,
stats,3072,statUltimusSupremesKilled,
stats,3073,statChestMimicsKilled,
stats,3074,statGoldenBossesKilled,
stats,3075,statPvpBossesBestDamage,
stats,3076,statPvpBossBestDamageForAchievement,
stats,3077,statPvpBossesBestLeague,
stats,3078,statHighestHeroLevel,
stats,3079,statMeleeKills,
stats,3080,statMageKills,
stats,3081,statRangeKills,
stats,3082,statGemsSpent,
stats,3083,statSkillKills,
stats,3084,statGoldLustedKills,
stats,3085,statDebuffedKills,
stats,3086,statEnergyFromSkills,
stats,3087,statDailyTasksCompleted,
stats,3088,statMostSynergiesActive,
stats,3089,statMostDamageWavePerks,
stats,3090,statMostEnergyHeld,
stats,3091,statHighestKillcount,
stats,3092,statHighestWave20Min,
stats,3093,statWaveOnlyCommonHeroes,
stats,3094,statBestRunTotalHeroLevels,
stats,3095,statMostEnergySingleRun,
stats,3096,statUltraGoldHoarders,
stats,3097,statUltraExpTrainers,
stats,3098,statWeeklyTasksCompleted,
stats,3099,statCommEventMilestonesClaimed,
stats,3100,statHighestMap1,
stats,3101,statHighestMap2,
stats,3102,statHighestMap3,
stats,3103,statHighestMap4,
stats,3104,statHighestMap5,
stats,3105,statHighestMap6,
stats,3106,statHighestMap7,
stats,3107,statTimePlayedMap1,
stats,3108,statTimePlayedMap2,
stats,3109,statTimePlayedMap3,
stats,3110,statTimePlayedMap4,
stats,3111,statTimePlayedMap5,
stats,3112,statTimePlayedMap6,
stats,3113,statTimePlayedMap7,
stats,3114,statKillsMap1,
stats,3115,statKillsMap2,
stats,3116,statKillsMap3,
stats,3117,statKillsMap4,
stats,3118,statKillsMap5,
stats,3119,statKillsMap6,
stats,3120,statKillsMap7,
stats,3147,statCurrRunHighestWave,
stats,3148,statCurrRunTime,
stats,3149,statCurrRunTimeAdjusted,
stats,3150,statCurrRunWavesPassed,
stats,3151,statCurrRunWavesFailed,
stats,3152,statCurrRunWavesFailedAfterWave50,
stats,3153,statCurrRunConsecWaves,
stats,3154,statCurrRunBattlepassExp,
stats,3155,statCurrRunEnemiesKilled,
stats,3156,statCurrRunHoardersKilled,
stats,3157,statCurrRunProducersKilled,
stats,3158,statCurrRunTrainersKilled,
stats,3159,statCurrRunSupremeShadowsKilled,
stats,3160,statCurrRunSkillsUsed,
stats,3161,statCurrRunSpellsUsed,
stats,3162,statCurrRunKillGoldEarned,
stats,3163,statCurrRunKillGoldEarned_big,
stats,3164,statCurrRunKillExpEarned,
stats,3165,statCurrRunEnergyEarned,
stats,3166,statCurrRunMimicPrestigePts,
stats,3167,statCurrRunTotalHeroLevels,
stats,3168,statCurrRunFreeHeroLevels,
stats,3169,statCurrRunEnemyHpSkips,
stats,3170,statCurrRunOnlyCommonHeroes,
stats,3171,statCurrRunOnlyUncommonHeroes,
stats,3172,statCurrRunOnlyRareHeroes,
stats,3173,statCurrRunOnlyEpicHeroes,
stats,3174,statCurrRunOnlyLegendaryHeroes,
stats,3175,statCurrRunOnlyMythicHeroes,
stats,3176,statCurrRunOnlyBalancedCombatStyle,
stats,3177,statCurrRunZeroSynergiesActive,
stats,3178,statCurrRunZeroGoldSpent,
stats,3179,statCurrRunZeroPerksSpellsSkills,
ultimus,3296,ultimusSupremeChangeClass,
ultimus,3297,ultimusSupremeStunHero,
ultimus,3344,ultimusClass,
ultimus,3353,ultimusSupremeMaterial,
ultimus,3434,ultimusSupremeChangedTimes,
ultimus,3435,ultimusSupremeChangeAnimationTimer,
runes,3480,runeShadow,
runes,3481,runeShadow_supVar,
tech,3482,techAlien,
tech,3483,techAlien_supVar,
ultimus,3484,ultimusMelee,
ultimus,3485,ultimusMage,
ultimus,3486,ultimusRange,
prestige,3606,prestigeStart,
prestige,3607,prestigeEnd,
ultimus,3626,ultimusBaseHp,
prestige,3642,prestigeBg,
prestige,3643,prestigeSparklesEffect,
prestige,3644,prestigeNextMap,
wave_perks,3663,wavePerkEffect,
mastery,3664,masteryPower,
runes,3733,runeBoss,
tech,3734,techBoss,
ultimus,3737,ultimusSupreme,
wave_perks,3790,wavePerkBonus_global,
ultimus,3871,ultimusKilled,
mastery,3873,masteryMissions,
ultimus,3891,ultimusKills,
workshop_level,3957,workshopLevels,
gems_upgrades,4087,gemsAmt,
mastery,4600,masterySlider,
mastery,4601,masteryIcon,
mastery,4602,masteryLevelText,
stats,4998,statAmt,
stats,4999,statText,
mastery,5012,masteryPanel,
mastery,5013,masteryText,
mastery,5031,masteryTitleText,
mastery,5032,masteryTitleIcon,
mastery,5033,masteryDescText,
mastery,5034,masteryProgSlider,
mastery,5035,masteryProgSliderDesc,
mastery,5036,masteryProgSliderText,
mastery,5037,masteryProgSliderReward,
mastery,5038,masteryCoverIcon,
mastery,5039,masteryCoverRankReqText,
mastery,5040,masteryCoverRank2kTotalCover,
mastery,5041,masteryCoverRankAnySemiCover,
stats,5125,statText1,
stats,5130,statText2,
stats,5136,statText3,
mastery,5300,masteryTitle,
mastery,5301,masteryDesc,
mastery,5302,masterySliderText,
mastery,5303,masteryRectContent,
mastery,5304,masteryRectSkillsPanel,
mastery,5305,masteryRectStatsPanel,
stats,5312,statCombat,
stats,5313,statSkill,
stats,5314,statResources,
stats,5315,statBosses,
iap_flags,5400,iapCombatBundle,
iap_flags,5401,iapPowerBundle,
iap_flags,5402,iapEfficiencyBundle,
iap_flags,5403,iapOfflineUnlimited,
iap_flags,5404,iapDamage3x,
iap_flags,5405,iapGold2x,
iap_flags,5406,iapPrestige3x,
iap_flags,5407,iapKillExp2x,
iap_flags,5408,iapBattlepassExp2x,
iap_flags,5409,iapPromoStarter1,
iap_flags,5410,iapPromoStarter2,
iap_flags,5411,iapResPack4,
iap_flags,5412,iapRunePack4,
iap_flags,5413,iapTokenPack4,
iap_flags,5414,iapTournRewards,
iap_flags,5415,iapPvpBossRewards,
iap_flags,5416,iapResPack5,
iap_flags,5417,iapRunePack5,
iap_flags,5418,iapTokenPack5,
iap_flags,5419,iapWeeklyPromo1,
iap_flags,5420,iapWeeklyPromo2,
iap_flags,5421,iapMasteryBundle,
iap_flags,5422,iapHolidayPack1,
iap_flags,5423,iapHolidayPack2,
iap_flags,5424,iapHolidayPack3,
iap_flags,5425,iapHolidayPack4,
iap_flags,5467,iapEfficiencyBundle_DISCOUNT10,
iap_flags,5468,iapEfficiencyBundle_DISCOUNT25,
iap_flags,5469,iapEfficiencyBundle_DISCOUNT50,
iap_flags,5473,iapResPack4_DISCOUNT10,
iap_flags,5474,iapResPack4_DISCOUNT25,
iap_flags,5475,iapResPack4_DISCOUNT50,
iap_flags,5479,iapRunePack4_DISCOUNT10,
iap_flags,5480,iapRunePack4_DISCOUNT25,
iap_flags,5481,iapRunePack4_DISCOUNT50,
iap_flags,5485,iapTokenPack4_DISCOUNT10,
iap_flags,5486,iapTokenPack4_DISCOUNT25,
iap_flags,5487,iapTokenPack4_DISCOUNT50,
runes,5595,runeCommon,
runes,5596,runeUncommon,
runes,5597,runeRare,
runes,5598,runeEpic,
runes,5599,runeLegendary,
runes,5600,runeMythic,
runes,5601,runeSupreme,
prestige,5815,prestigePanel,
stats,5864,statIcon,
stats,5865,statValueText,
stats,5866,statTitleText,
stats,5870,statValue,
stats,5871,statDesc,
achievements,6026,achButtonNotif,
achievements,6027,achButtonNotifText,
resources,6043,resText1,
resources,6044,resText2,
resources,6045,resIcon1ForPermRewards,
iap_flags,6108,iapTicketText,
iap_flags,6109,iapButton,
iap_flags,6110,iapButtonCover,
iap_flags,6111,iapMissingTickets,
background_challenges,6325,bgChalDefault,
prestige,6345,prestigeReward,
tech,6346,techReward,
ultimus,6349,ultimusTokensReward,
mastery,6351,masteryPointsReward,
mastery,6372,masteryPts,
prestige,6402,prestigePts,
tech,6404,techSupreme,
tournament,6405,tournPts,
prestige,6656,prestigeMapIcon,
prestige,6657,prestigeMapTitle,
prestige,6658,prestigeCover,
prestige,6750,prestigeConfirmPanel,
ultimus,6751,ultimusReminder,
runes,6766,runePanel,
prestige,6778,prestigeText,
tech,6779,techText,
resources,6841,resRunes,
resources,6842,resPrestigePts,
resources,6843,resTech,
resources,6844,resTokens,
resources,6845,resMasteryPts,
runes,6867,runeIcon,
runes,6868,runeText,
tech,6869,techIcon,
resources,6909,resType,
resources,6910,resAmt,
resources,6911,resDesc,
resources,6918,resGold1,
resources,6919,resEnergy1,
resources,6920,resExp1,
resources,6926,resGold2,
resources,6927,resEnergy2,
resources,6928,resExp2,
tournament,6930,tournText1,
tournament,6931,tournText2,
iap_flags,6977,iapOfferLocPriceText,
iap_flags,7041,iapOfferLocPriceText2,
wave_perks,7095,wavePerkIcon,
wave_perks,7096,wavePerkCheck,
wave_perks,7097,wavePerkText,
wave_perks,7098,wavePerkNumAvailText,
ultimus,7112,ultimusBossIcon,
ultimus,7113,ultimusBossCheck,
ultimus,7114,ultimusBossText,
ultimus,7115,ultimusBossSpawnsText,
gems_upgrades,7356,gemsNormal1,
gems_upgrades,7357,gemsFirstBonus1,
gems_upgrades,7358,gemsSaleBonus1,
gems_upgrades,7359,gemsCostText1,
gems_upgrades,7360,gemsNormal2,
gems_upgrades,7361,gemsFirstBonus2,
gems_upgrades,7362,gemsSaleBonus2,
gems_upgrades,7363,gemsCostText2,
gems_upgrades,7364,gemsNormal3,
gems_upgrades,7365,gemsFirstBonus3,
gems_upgrades,7366,gemsSaleBonus3,
gems_upgrades,7367,gemsCostText3,
gems_upgrades,7368,gemsNormal4,
gems_upgrades,7369,gemsFirstBonus4,
gems_upgrades,7370,gemsSaleBonus4,
gems_upgrades,7371,gemsCostText4,
gems_upgrades,7372,gemsNormal5,
gems_upgrades,7373,gemsFirstBonus5,
gems_upgrades,7374,gemsSaleBonus5,
gems_upgrades,7375,gemsCostText5,
resources,7376,resPackGold1,
resources,7377,resPackEnergy1,
resources,7378,resPackPrestige1,
resources,7379,resPackTech1,
resources,7380,resPackButton1,
resources,7381,resPrestige1,
resources,7382,resTech1,
resources,7383,resPackButtonCostText1,
resources,7384,resPackGold2,
resources,7385,resPackEnergy2,
resources,7386,resPackPrestige2,
resources,7387,resPackTech2,
resources,7388,resPackButton2,
resources,7389,resPrestige2,
resources,7390,resTech2,
resources,7391,resPackButtonCostText2,
resources,7392,resPackGold3,
resources,7393,resPackEnergy3,
resources,7394,resPackPrestige3,
resources,7395,resPackTech3,
resources,7396,resPackButton3,
resources,7397,resPackButtonCostText3,
resources,7398,resGold3,
resources,7399,resEnergy3,
resources,7400,resPrestige3,
resources,7401,resTech3,
resources,7402,resPackGold4,
resources,7403,resPackEnergy4,
resources,7404,resPackPrestige4,
resources,7405,resPackTech4,
resources,7406,resPackButtonCostText4,
resources,7407,resGold4,
resources,7408,resEnergy4,
resources,7409,resPrestige4,
resources,7410,resTech4,
resources,7411,resSupremeTech4,
resources,7416,resPackSupremeTech4,
resources,7418,resPackGold5,
resources,7419,resPackEnergy5,
resources,7420,resPackPrestige5,
resources,7421,resPackTech5,
resources,7422,resPackSupremeTech5,
resources,7423,resGold5,
resources,7424,resEnergy5,
resources,7425,resPrestige5,
resources,7426,resTech5,
resources,7427,resSupremeTech5,
prestige,7497,prestigePower,
wave_perks,7648,wavePerkButton,
wave_perks,7649,wavePerkSlider,
wave_perks,7650,wavePerkSliderImage,
wave_perks,7651,wavePerkBorder,
wave_perks,7652,wavePerkIconAnimator,
gems_upgrades,7655,gemsText,
prestige,7658,prestigePtsPanel,
tech,7659,techPtsPanel,
tech,7660,techSupremePtsPanel,
tournament,7661,tournPtsPanel,
ultimus,7663,ultimusBlueTokensPanel,
ultimus,7664,ultimusRedTokensPanel,
ultimus,7665,ultimusGreenTokensPanel,
ultimus,7666,ultimusSupremeTokensPanel,
mastery,7667,masteryResPanel,
prestige,7668,prestigePtsText,
tech,7669,techPtsText,
tech,7670,techSupremePtsText,
tournament,7671,tournPtsText,
ultimus,7673,ultimusBlueTokensText,
ultimus,7674,ultimusRedTokensText,
ultimus,7675,ultimusGreenTokensText,
ultimus,7676,ultimusSupremeTokensText,
mastery,7677,masteryResText,
prestige,7740,prestigeConfirmRewardText,
tournament,7925,tournHudNotif,
tournament,7926,tournRewardsPanel,
iap_flags,7985,iapProgressPanel,
iap_flags,7986,iapSuccessPanel,
iap_flags,7987,iapFailedPanel,
iap_flags,7988,iapFailedText,
iap_flags,7989,iapDeferredPanel,
gems_upgrades,8027,gemsSpent,
tournament,8110,tournStatus,
community,8111,communityEventTotalScore,
community,8112,communityEventValuePerPlayer,
community,8113,communityEventTotalPlayers,
community,8114,communityEventGlobalScaling,
community,8115,communityEventPersonalScaling,
mastery,8242,masteryExpMelee,
mastery,8243,masteryExpMage,
mastery,8244,masteryExpRange,
mastery,8245,masteryExp,
prestige,8296,prestigePoints,
prestige,8297,prestigeIntroSkip,
ultimus,8308,ultimusReward,
ultimus,8309,ultimusMaxSpawns,
wave_perks,8331,wavePerkUnlocked,
wave_perks,8332,wavePerkWaves,
wave_perks,8333,wavePerkEffects,
wave_perks,8334,wavePerkRerolls,
iap_flags,8363,iapPromoPanelVisible,
iap_flags,8364,iapPromoPanelMinimized,
iap_flags,8374,iapNotPurchasedPanel,
iap_flags,8375,iapPurchasedPanel,
supreme_tech,8401,supTechNotif,
runes,8431,runeShopButton,
resources,19648,resLocation,
resources,19687,resSetTypeName,
resources,19766,resCache,
resources,25120,resEnumType,
resources,25121,resEnumValue,
resources,25122,resIncludeObsoleteValues,
stats,109529,statBonus,
