index,field_name,upgrade_object_path_id,file_id,gameobject_name,title,blank_desc,short_desc,long_desc,icon_path_id,color_r,color_g,color_b,color_a
0,dmg,259153,0,damage,Damage,+<value>%,<color=yellow>+<value>%</color> Damage,Increases the damage of all heroes.,2735,1.0,0.0,0.0,1.0
1,attSpeed,265186,0,att speed,Attack Speed,+<value>%,<color=yellow>+<value>%</color> Attack Speed,Increases the speed at which a hero can attack.,2397,0.0,1.0,0.0,1.0
2,range,260663,0,range,Range,+<value>%,<color=yellow>+<value>%</color> Range,"Increases the distance that a hero can ""see"" to attack an enemy or synergize with other heroes.",2355,1.0,1.0,0.0,1.0
3,critChance,264544,0,crit chance,Crit Chance,+<value>%,<color=yellow>+<value>%</color> Crit Chance,Increases the chance that a hero's attack deals critical damage.,2426,1.0,0.501960813999176,0.0,1.0
4,critDmg,260305,0,crit dmg,Crit Damage,+<value>%,<color=yellow>+<value>%</color> Crit Damage,Increases the critical damage dealt when a hero's critical chance is triggered (base 2x normal damage).,2432,1.0,0.501960813999176,0.0,1.0
5,superCritChance,265167,0,super crit chance,Super Crit Chance,+<value>%,<color=yellow>+<value>%</color> Super Crit Chance,Increases the chance that a hero's attack deals super critical damage (base 3x crit damage).,2412,0.8823529481887817,0.3921568691730499,0.0,1.0
6,superCritDmg,268219,0,super crit dmg,Super Crit Damage,+<value>%,<color=yellow>+<value>%</color> Super Crit Damage,Increases the damage dealt when a hero's super critical chance is triggered (base 3x crit damage).,2866,0.8823529481887817,0.3921568691730499,0.0,1.0
7,ultraCritChance,262908,0,ultra crit chance,Ultra Crit Chance,+<value>%,<color=yellow>+<value>%</color> Ultra Crit Chance,Increases the chance that a hero's attack deals ultra critical damage (base 3x super crit damage).,2427,0.7843137383460999,0.0,0.0,1.0
8,ultraCritDmg,262119,0,ultra crit dmg,Ultra Crit Damage,+<value>%,<color=yellow>+<value>%</color> Ultra Crit Damage,Increases the damage dealt when a hero's ultra critical chance is triggered (base 3x super crit damage).,2383,0.7843137383460999,0.0,0.0,1.0
9,doubleShotChance,267651,0,double shot chance,Double Shot Chance,+<value>%,<color=yellow>+<value>%</color> Double Shot Chance,Increases the chance that a hero instantly fires an exta projectile on each attack.,2426,0.0,0.7843137383460999,0.0,1.0
10,splashDamage,258699,0,splash dmg,Splash Damage,+<value>%,<color=yellow>+<value>%</color> Splash Damage,Increases the amount of splash damage each attack deals to nearby enemies.,2367,1.0,0.0,0.0,1.0
11,synergyBonus,268995,0,synergy effect,Synergy Bonus,+<value>%,<color=yellow>+<value>%</color> Synergy Bonus,Increases the bonus stats earned from active hero synergies.,2910,0.0,1.0,0.0,1.0
12,synergyBonus_1_2,261971,0,synergy effect (tier 1-2),Tier 1+2 Synergy,+<value>%,<color=yellow>+<value>%</color> Tier 1+2 Synergy,Increases the bonus stats earned specifically from Tier 1 and 2 synergies.,2910,0.0,1.0,0.0,1.0
13,synergyBonus_3_4,262612,0,synergy effect (tier 3-4),Tier 3+4 Synergy,+<value>%,<color=yellow>+<value>%</color> Tier 3+4 Synergy,Increases the bonus stats earned specifically from Tier 3 and 4 synergies.,2910,0.0,1.0,0.0,1.0
14,synergyBonus_5_6,258592,0,synergy effect (tier 5-6),Tier 5+6 Synergy,+<value>%,<color=yellow>+<value>%</color> Tier 5+6 Synergy,Increases the bonus stats earned specifically from Tier 5 and 6 synergies.,2910,0.0,1.0,0.0,1.0
15,synergyBonus_7_8,263755,0,synergy effect (tier 7),Tier 7 Synergy,+<value>%,<color=yellow>+<value>%</color> Tier 7 Synergy,Increases the bonus stats earned specifically from Tier 7 synergies.,2910,0.0,1.0,0.0,1.0
16,milestoneBonus,262387,0,milestone effect,Milestone Bonus,+<value>%,<color=yellow>+<value>%</color> Milestone Bonus,Increases the bonus stats earned from hero level milestones.,2358,1.0,1.0,0.0,1.0
17,heroLevelCost,258795,0,hero level cost,Hero Level Cost,-<value>%,<color=yellow>-<value>%</color> Hero Level Cost,"Reduces the gold cost of leveling up heroes <i>per level</i> (this means it has a multiplicative effect with each level, resulting in potentially huge reductions).",2358,1.0,1.0,0.0,1.0
18,heroLevelFreeChance,262243,0,hero level free chance,Free Hero Level Chance,+<value>%,<color=yellow>+<value>%</color> Free Hero Level Chance,"After each wave, heroes have a chance to gain a free level (and damage increase) without increasing the cost of the next level. The chance is rolled independently on each hero.",2358,1.0,1.0,0.0,1.0
19,skillPower,257005,0,skill power,Skill Power,+<value>,<color=yellow>+<value></color> Skill Power,Increases the effects of a hero's skill.,2934,0.0,1.0,1.0,1.0
20,skillPowerPct,260496,0,skill power (%),Skill Power (%),+<value>%,<color=yellow>+<value>%</color> Skill Power,Increases the effects of a hero's skill.,2934,0.0,1.0,1.0,1.0
21,skillDuration,265066,0,skill duration,Skill Duration,+<value>,<color=yellow>+<value></color> Skill Duration,Increases the time that a hero's skill remains active.,2388,0.0,1.0,1.0,1.0
22,skillCd,267061,0,skill cd,Skill Cooldown,-<value>%,<color=yellow>-<value>%</color> Skill Cooldown,Reduces the time a hero must wait before using a skill again.,2911,0.0,1.0,1.0,1.0
23,skillCdInstantChance,261889,0,skill cd instant chance,Instant Skill Chance,+<value>%,<color=yellow>+<value>%</color> Instant Skill Chance,Increases the chance that a hero's skill is instantly cooled down after each use.,2911,0.0,1.0,1.0,1.0
24,masterySkillPower,259914,0,mastery skill power,Mastery Skill Power,+<value>%,<color=yellow>+<value>%</color> Mastery Skill Power,Increases the effects of a hero's skill mastery.,2934,0.0,1.0,1.0,1.0
25,masteryExpMelee,257723,0,mastery 2x exp chance (melee),2x Mastery Exp Chance (Melee),+<value>%,<color=yellow>+<value>%</color> 2x Mastery Exp Chance (Melee),Increases the chance that Melee heroes gain 2x Skill Mastery exp.,2937,0.0,1.0,1.0,1.0
26,masteryExpMage,257153,0,mastery 2x exp chance (mage),2x Mastery Exp Chance (Mage),+<value>%,<color=yellow>+<value>%</color> 2x Mastery Exp Chance (Mage),Increases the chance that Mage heroes gain 2x Skill Mastery exp.,2937,0.0,1.0,1.0,1.0
27,masteryExpRange,267541,0,mastery 2x exp chance (range),2x Mastery Exp Chance (Range),+<value>%,<color=yellow>+<value>%</color> 2x Mastery Exp Chance (Range),Increases the chance that Range heroes gain 2x Skill Mastery exp.,2937,0.0,1.0,1.0,1.0
28,masteryExp,257990,0,mastery 2x exp chance (all),2x Mastery Exp Chance,+<value>%,<color=yellow>+<value>%</color> 2x Mastery Exp Chance,Increases the chance that a hero gains 2x Skill Mastery exp.,2937,0.0,1.0,1.0,1.0
29,spellMaxLevel,257757,0,spell max level,Spell Max Level,+<value>,<color=yellow>+<value></color> Max Level,Increases the maximum level that a spell can be upgraded to.,2420,0.0,0.7843137383460999,0.7843137383460999,1.0
30,spellDuration,264644,0,spell duration,Spell Duration,+<value>s,<color=yellow>+<value>s</color> Spell Duration,Increases the time that a spell remains active.,2388,0.0,0.7843137383460999,0.7843137383460999,1.0
31,spellCd,259067,0,spell cd,Spell Cooldown,-<value>%,<color=yellow>-<value>%</color> Spell Cooldown,Reduces the time you must wait before a spell becomes available again.,2916,0.0,0.7843137383460999,0.7843137383460999,1.0
32,spellCdInstantChance,258718,0,spell cd instant chance,Instant Spell Chance,+<value>%,<color=yellow>+<value>%</color> Instant Spell Chance,Increases the chance that a spell is instantly cooled down after each use.,2916,0.0,0.7843137383460999,0.7843137383460999,1.0
33,spellCdInstantChanceBlizzard,259252,0,spell cd instant chance (blizzard),Instant Blizzard,+<value>%,<color=yellow>+<value>%</color> Instant Blizzard,Increases the chance that the Blizzard spell is instantly cooled down after each use.,2916,0.0,0.7843137383460999,0.7843137383460999,1.0
34,spellCdInstantChanceAgility,256739,0,spell cd instant chance (agility),Instant Agility,+<value>%,<color=yellow>+<value>%</color> Instant Agility,Increases the chance that the Agility spell is instantly cooled down after each use.,2916,0.0,0.7843137383460999,0.7843137383460999,1.0
35,spellCdInstantChanceAccelerate,259044,0,spell cd instant chance (accelerate),Instant Accelerate,+<value>%,<color=yellow>+<value>%</color> Instant Accelerate,Increases the chance that the Accelerate spell is instantly cooled down after each use.,2916,0.0,0.7843137383460999,0.7843137383460999,1.0
36,spellCdInstantChanceRagsToRiches,256958,0,spell cd instant chance (rags to riches),Instant Rags to Riches,+<value>%,<color=yellow>+<value>%</color> Instant Rags to Riches,Increases the chance that the Rags to Riches spell is instantly cooled down after each use.,2916,0.0,0.7843137383460999,0.7843137383460999,1.0
37,spellCdInstantChanceTrainee,257892,0,spell cd instant chance (trainee),Instant Trainee,+<value>%,<color=yellow>+<value>%</color> Instant Trainee,Increases the chance that the Trainee spell is instantly cooled down after each use.,2916,0.0,0.7843137383460999,0.7843137383460999,1.0
38,spellCdInstantChancePowerPlant,262946,0,spell cd instant chance (power plant),Instant Power Plant,+<value>%,<color=yellow>+<value>%</color> Instant Power Plant,Increases the chance that the Power Plant spell is instantly cooled down after each use.,2916,0.0,0.7843137383460999,0.7843137383460999,1.0
39,spellCdInstantChanceTimeWarp,266323,0,spell cd instant chance (time warp),Instant Time Warp,+<value>%,<color=yellow>+<value>%</color> Instant Time Warp,Increases the chance that the Time Warp spell is instantly cooled down after each use.,2916,0.0,0.7843137383460999,0.7843137383460999,1.0
40,enemyMoveSpeed,259134,0,enemy move speed,Enemy Move Speed,-<value>%,<color=yellow>-<value>%</color> Enemy Move Speed,Reduces the movement speed of all enemies.,2812,0.501960813999176,0.0,0.0,1.0
41,enemyHp,259454,0,enemy hp,Enemy HP,-<value>%,<color=yellow>-<value>%</color> Enemy HP,Reduces the base health of all enemies.,2418,0.501960813999176,0.0,0.0,1.0
42,enemyHpScalingReduction,261240,0,enemy hp scaling reduction,Enemy HP Scaling,-<value>%,<color=yellow>-<value>%</color> Enemy HP Scaling,"Reduces the scaling of enemy HP after <i>every wave</i> (this means it has a multiplicative effect with each wave, resulting in potentially huge reductions).",2358,0.501960813999176,0.0,0.0,1.0
43,enemyHpSkipChance,267956,0,enemy hp skip chance,Enemy HP Skip Chance,+<value>%,<color=yellow>+<value>%</color> Enemy HP Skip Chance,"After each wave, there is a chance that the enemy's HP does not increase.",2418,0.501960813999176,0.0,0.0,1.0
44,enemySpeed,265153,0,enemy speed,Enemy Speed,-<value>%,<color=yellow>-<value>%</color> Enemy Speed,Reduces the base movement speed of all enemies.,2908,0.501960813999176,0.0,0.0,1.0
45,enemySkillImmuneLimit,256395,0,enemy skill immune limit,Enemy Immunity Limit,+<value>,<color=yellow>+<value></color> Enemy Immunity Limit,Increases the number of times a debuff skill can be used on an enemy before it becomes immune to it (default limit is 3).,2433,0.501960813999176,0.0,0.0,1.0
46,enemySpawnSpeed,259018,0,enemy spawn speed,Enemy Spawn Speed,+<value>%,<color=yellow>+<value>%</color> Enemy Spawn Speed,"Increases the rate at which enemies spawn, therefore increasing your kills and waves per hour.",2424,0.501960813999176,0.0,0.0,1.0
47,shadowAlienHpReduction,262325,0,shadow alien hp reduction,Shadow/Alien HP Reduction,+<value>%,<color=yellow>+<value>%</color> Shadow/Alien HP Reduction,Increases the effect of spending gems to reduce the HP of Ancient Shadows and Exotic Aliens (additive to the base 75%).,2418,0.501960813999176,0.0,0.0,1.0
48,shadowAlienHpScaling,266373,0,shadow alien hp scaling,Shadow/Alien HP Scaling,-<value>%,<color=yellow>-<value>%</color> Shadow/Alien HP Scaling,Reduces the rate at which the Ancient Shadow and Exotic Alien’s HP scales up after each successive kill (on all <i>future</i> kills).,2418,0.501960813999176,0.0,0.0,1.0
49,shadowAlienHpSkip,268058,0,shadow alien hp skip,Shadow/Alien HP Skip,+<value>%,<color=yellow>+<value>%</color> Shadow/Alien HP Skip,Increases the chance that the Ancient Shadow and Exotic Alien’s HP does NOT increase after killing it.,2418,0.501960813999176,0.0,0.0,1.0
50,extraBossChance,260621,0,extra boss chance,Extra Boss Chance,+<value>%,<color=yellow>+<value>%</color> Extra Boss Chance,Increases the chance that a boss will spawn as an extra enemy (on any wave). Useful for grinding extra resources from boss kills. Can be toggled on/off in the settings menu.,2935,0.501960813999176,0.0,0.0,1.0
51,bossDmg,266209,0,boss dmg,Boss Damage,+<value>%,<color=yellow>+<value>%</color> Boss Damage,Increases the damage dealt to bosses (only the normal bosses on every 10th wave - not Ultra Bosses).,2360,0.686274528503418,0.0,0.0,1.0
52,ultraBossDmg,256126,0,Font Material,Ultra Boss Damage,+<value>%,<color=yellow>+<value>%</color> Ultra Boss Damage,"Increases the damage dealt to Ultra Bosses (Goblin Hoarder, Training Dummy, Ancient Shadow, etc).",2360,0.4901960790157318,0.0,0.0,1.0
53,bossGold,260513,0,boss gold,Boss Gold,+<value>%,<color=yellow>+<value>%</color> Boss Gold,Increases the gold rewarded from killing bosses (only the normal bosses on every 10th wave - not Ultra Bosses).,2890,0.8705882430076599,0.8705882430076599,0.0,1.0
54,bossExp,261243,0,boss exp,Boss Exp,+<value>%,<color=yellow>+<value>%</color> Boss Exp,Increases the rank exp rewarded from killing bosses (only the normal bosses on every 10th wave - not Ultra Bosses).,2726,0.0,0.5882353186607361,0.8823529481887817,1.0
55,mimicChestSpawnChance,256336,0,mimic chest spawn chance,Mimic Boss Chance,+<value>%,<color=yellow>+<value>%</color> Mimic Boss Chance,"Increases the chance that a Wave Boss spawns as a <color=orange>Golden Mimic Chest</color>, which rewards <color=yellow>3x more gold</color>, <color=#19AFFF>2x more exp</color>, and <color=green>+15x wave energy income</color> (accounts for super/ultra chance) when killed. There is also a 1% chance that the chest will reward <color=#00FFFF>+1 gem</color> when killed, for a maximum of 100 gems per day (currently at <formula>/100 today).<br><br>This enemy is still classified as a boss, so all boss damage and resource bonuses still apply. The spawn chance is halved from Automation spawns.",2468,0.501960813999176,0.0,0.0,1.0
56,mimicChestGold,265941,0,mimic chest gold,Mimic Gold,+<value>%,<color=yellow>+<value>%</color> Mimic Gold,Increases the amount of gold that the <color=orange>Golden Mimic Chest</color> rewards when killed (initial reward is 3x boss gold).,2468,0.8705882430076599,0.8705882430076599,0.0,1.0
57,mimicChestExp,265306,0,mimic chest exp,Mimic Exp,+<value>%,<color=yellow>+<value>%</color> Mimic Exp,Increases the amount of rank exp that the <color=orange>Golden Mimic Chest</color> rewards when killed (initial reward is 2x boss exp).,2468,0.0,0.5882353186607361,0.8823529481887817,1.0
58,mimicChestEnergy,261870,0,mimic chest energy,Mimic Energy,+<value>%,<color=yellow>+<value>%</color> Mimic Energy,Increases the amount of energy that the <color=orange>Golden Mimic Chest</color> rewards when killed (initial reward is 15x wave income).,2468,0.0,0.8705882430076599,0.0,1.0
59,mimicChestPrestigePower,256141,0,Fruit Jelly (B&W),Mimic Prestige Power,+<value>%,<color=yellow>+<value>%</color> Mimic Prestige Power,"Increases the amount of Prestige Power that the <color=orange>Golden Mimic Chest</color> rewards when killed (it initially does not reward any before this upgrade is purchased). The rewarded Prestige Power is calculated based on the current wave the enemy is killed on.<br><br>For example, if you have +50% Mimic Prestige Power upgrades, and kill the Mimic at wave 25k, you would receive 50% of the Prestige Power you would gain from Prestiging at wave 25k.",2468,0.686274528503418,0.0,1.0,1.0
60,mimicMaxGems,261754,0,mimic chest max gems,Mimic Max Gems,+<value>,<color=yellow>+<value></color> Mimic Max Gems,Increases the maximum daily limit of gems that can be earned from the <color=orange>Golden Mimic Chest</color>.,2468,0.0,1.0,1.0,1.0
61,killExpFlat,266012,0,rank exp,Rank Exp,+<value>,<color=yellow>+<value></color> Rank Exp,Increases the rank exp that a hero earns from killing enemies.,2880,0.09803921729326248,0.686274528503418,1.0,1.0
62,killExpPct,267932,0,rank exp (%),Rank Exp (%),+<value>%,<color=yellow>+<value>%</color> Rank Exp,Increases the rank exp that a hero earns from killing enemies.,2880,0.09803921729326248,0.686274528503418,1.0,1.0
63,progressiveRankExp,263426,0,rank exp (progressive),Progressive Rank Exp,+<value>,<color=yellow>+<value></color> Rank Exp,"The amount of rank exp rewarded by this upgrade increases with each level.<br>The more of this upgrade you have, the more powerful it becomes.<br><formula>",2880,0.09803921729326248,0.686274528503418,1.0,1.0
64,rankAttributePoints,264215,0,rank attribute points,Attribute Points,+<value>,<color=yellow>+<value>%</color> Attribute Points,Increases the amount of Attribute Points earned from each new hero rank. This is a retroactive upgrade (it will automatically reward you the bonus AP from your previous ranks).,2904,0.09803921729326248,0.686274528503418,1.0,1.0
65,bonusKillExpChance,261037,0,super exp chance,Super Exp Chance,+<value>%,<color=yellow>+<value>%</color> Super Exp Chance,Increases the chance that a hero earns super exp from killing an enemy (base 3x normal exp).,2528,0.09825562685728073,0.624824047088623,0.9056603908538818,1.0
66,bonusKillExpAmount,259602,0,super exp amount,Super Exp Amount,+<value>%,<color=yellow>+<value>%</color> Super Exp Amount,Increases the hero rank exp earned when super exp chance is triggered (base 3x normal exp).,2528,0.09825562685728073,0.624824047088623,0.9056603908538818,1.0
67,ultraExpChance,264966,0,ultra exp chance,Ultra Exp Chance,+<value>%,<color=yellow>+<value>%</color> Ultra Exp Chance,Increases the chance that a hero earns ultra exp from killing an enemy (base 3x super exp).,2888,0.0,0.5522990226745605,0.849056601524353,1.0
68,ultraExpAmount,264678,0,ultra exp amount,Ultra Exp Amount,+<value>%,<color=yellow>+<value>%</color> Ultra Exp Amount,Increases the hero rank exp earned when ultra exp chance is triggered (base 3x super exp).,2888,0.0,0.5522990226745605,0.849056601524353,1.0
69,killGold,261126,0,gold drop,Kill Gold,+<value>%,<color=yellow>+<value>%</color> Kill Gold,Increases the amount of gold earned from killing enemies.,2422,1.0,1.0,0.0,1.0
70,bonusKillGoldChance,260085,0,super gold chance,Super Gold Chance,+<value>%,<color=yellow>+<value>%</color> Super Gold Chance,Increases the chance to earn super gold from killing an enemy (base 3x normal gold).,2892,0.9150943160057068,0.9150943160057068,0.04748131334781647,1.0
71,bonusKillGoldAmount,259075,0,super gold amount,Super Gold Amount,+<value>%,<color=yellow>+<value>%</color> Super Gold Amount,Increases the amount of gold earned when super gold chance is triggered (base 3x normal gold).,2892,0.9150943160057068,0.9150943160057068,0.04748131334781647,1.0
72,ultraGoldChance,258350,0,ultra gold chance,Ultra Gold Chance,+<value>%,<color=yellow>+<value>%</color> Ultra Gold Chance,Increases the chance to earn ultra gold from killing an enemy (base 3x super gold).,2369,0.8679245114326477,0.8679245114326477,0.06140974536538124,1.0
73,ultraGoldAmount,258397,0,ultra gold amount,Ultra Gold Amount,+<value>%,<color=yellow>+<value>%</color> Ultra Gold Amount,Increases the amount of gold earned when ultra gold chance is triggered (base 3x super gold).,2369,0.8679245114326477,0.8679245114326477,0.06140974536538124,1.0
74,startingGold,256508,0,starting gold,Starting Gold,+<value>%,<color=yellow>+<value>%</color> Starting Gold,Increases the amount of gold you start a round with after Prestige. The % is based off the gold value in the store's 100 gem 'Starter Resource Pack'.,2873,1.0,1.0,0.0,1.0
75,energyIncome,258907,0,energy income,Energy Income,+<value>,<color=yellow>+<value></color> Energy Income,Increases the amount of energy you earn from completing waves.,2423,0.0,1.0,0.0,1.0
76,energyIncomePct,261224,0,energy income (%),Energy Income (%),+<value>%,<color=yellow>+<value>%</color> Energy Income,Increases the amount of energy you earn from completing waves.,2423,0.0,1.0,0.0,1.0
77,bonusEnergyIncomeChance,264602,0,super energy chance,Super Energy Chance,+<value>%,<color=yellow>+<value>%</color> Super Energy Chance,Increases the chance to earn super energy income from completing waves (base 3x normal energy income).,2361,0.04699181765317917,0.9056603908538818,0.04699181765317917,1.0
78,bonusEnergyIncomeAmount,259601,0,super energy amount,Super Energy Amount,+<value>%,<color=yellow>+<value>%</color> Super Energy Amount,Increases the amount of energy income earned when super income chance is triggered (base 3x normal energy income).,2361,0.04699181765317917,0.9056603908538818,0.04699181765317917,1.0
79,ultraIncomeChance,268115,0,ultra energy chance,Ultra Energy Chance,+<value>%,<color=yellow>+<value>%</color> Ultra Energy Chance,Increases the chance to earn ultra energy income from completing waves (base 3x super energy income).,2896,0.03484334424138069,0.8207547068595886,0.03484334424138069,1.0
80,ultraIncomeAmount,258763,0,ultra energy amount,Ultra Energy Amount,+<value>%,<color=yellow>+<value>%</color> Ultra Energy Amount,Increases the amount of energy income earned when ultra income chance is triggered (base 3x super energy income).,2896,0.03484334424138069,0.8207547068595886,0.03484334424138069,1.0
81,prestigePoints,266979,0,prestige power,Prestige Power,+<value>%,<color=yellow>+<value>%</color> Prestige Power,Increases the amount of prestige power earned when you prestige.,2928,0.686274528503418,0.0,1.0,1.0
82,prestigeIntroSkip,261223,0,prestige intro skip,Intro Skip,+<value>%,<color=yellow>+<value>%</color> Intro Skip,Increases the number of early waves instantly skipped after prestige. The skip percent value is based off your last prestige wave. Free hero levels and enemy hp skip chances will be applied to all skipped waves.,2424,0.686274528503418,0.0,1.0,1.0
83,hoarderSpawns,265297,0,hoarder num spawns,Goblin Hoarder Spawns,+<value>,<color=yellow>+<value></color> Goblin Spawns,Increases the number of Goblins spawned when summoning this ultra boss.,2356,0.686274528503418,0.19607843458652496,0.19607843458652496,1.0
84,hoarderGold,262200,0,hoarder gold,Goblin Hoarder Gold,+<value>%,<color=yellow>+<value>%</color> Goblin Gold,Increases the amount of gold earned from killing the Goblin Hoarder ultra boss.,2912,0.8705882430076599,0.8705882430076599,0.0,1.0
85,hoarderCd,259621,0,hoarder cooldown,Goblin Hoarder Cooldown,-<value>%,<color=yellow>-<value>%</color> Goblin Cooldown,Reduces the time you must wait before spawning the Goblin Hoarder ultra boss again.,2911,0.7843137383460999,0.7843137383460999,0.7843137383460999,1.0
86,producerSpawns,264822,0,producer num spawns,Power Mage Spawns,+<value>,<color=yellow>+<value></color> Power Mage Spawns,Increases the number of Power Mages spawned when summoning this ultra boss.,2356,0.686274528503418,0.19607843458652496,0.19607843458652496,1.0
87,producerEnergy,257373,0,producer energy,Power Mage Energy,+<value>%,<color=yellow>+<value>%</color> Power Mage Energy,Increases the amount of energy earned from killing the Power Mage ultra boss.,2361,0.0,0.8705882430076599,0.0,1.0
88,producerCd,267870,0,producer cooldown,Power Mage Cooldown,-<value>%,<color=yellow>-<value>%</color> Power Mage Cooldown,Reduces the time you must wait before spawning the Power Mage ultra boss again.,2911,0.7843137383460999,0.7843137383460999,0.7843137383460999,1.0
89,trainerExp,266476,0,trainer exp,Training Dummy Exp,+<value>%,<color=yellow>+<value>%</color> Training Dummy Exp,Increases the amount of rank exp earned from killing the Training Dummy ultra boss.,2497,0.0,0.5882353186607361,0.8823529481887817,1.0
90,trainerCd,266638,0,trainer cooldown,Training Dummy Cooldown,-<value>%,<color=yellow>-<value>%</color> Training Dummy Cooldown,Reduces the time you must wait before spawning the Training Dummy ultra boss again.,2911,0.7843137383460999,0.7843137383460999,0.7843137383460999,1.0
91,trainerSpawns,263439,0,trainer num spawns,Training Dummy Spawns,+<value>,<color=yellow>+<value></color> Training Dummy Spawns,Increases the number of Training Dummies spawned when summoning this ultra boss.,2356,0.686274528503418,0.19607843458652496,0.19607843458652496,1.0
92,runesReward,259923,0,runes reward,Ancient Shadow Runes,+<value>,<color=yellow>+<value></color> Shadow Runes,Increases the number of runes earned from killing the Ancient Shadow ultra boss.,2375,0.4901960790157318,0.3921568691730499,0.7843137383460999,1.0
93,runesRarity,264045,0,runes rarity,Rune Rarity Chance,+<value>%,<color=yellow>+<value>%</color> Rarer Runes,Increases the chance that newly discovered runes will be of a higher rarity and more powerful.,2439,0.4901960790157318,0.3921568691730499,0.7843137383460999,1.0
94,runes2xChance,262235,0,2x rune drop chance,2x Rune Chance,+<value>%,<color=yellow>+<value>%</color> 2x Rune Chance,Increases the chance that the Ancient Shadow ultra boss drops 2x runes when killed.,2375,0.4901960790157318,0.3921568691730499,0.7843137383460999,1.0
95,techReward,263084,0,tech reward,Exotic Alien Tech,+<value>,<color=yellow>+<value></color> Alien Tech,Increases the number of tech scrolls earned from killing the Exotic Alien ultra boss.,2872,0.4901960790157318,0.3921568691730499,0.7843137383460999,1.0
96,tech2xChance,266176,0,2x tech drop chance,2x Tech Chance,+<value>%,<color=yellow>+<value>%</color> 2x Tech Chance,Increases the chance that the Exotic Alien ultra boss drops 2x tech scrolls when killed.,2872,0.4901960790157318,0.3921568691730499,0.7843137383460999,1.0
97,ultimusReward,266677,0,ultimus reward,Ultimus Tokens,+<value>%,<color=yellow>+<value>%</color> Ultimus Tokens,Increases the amount of tokens earned from killing the Ultimus ultra boss.,2376,0.19607843458652496,0.19607843458652496,1.0,1.0
98,ultimusCd,257272,0,ultimus cooldown,Ultimus Cooldown,-<value>%,<color=yellow>-<value>%</color> Ultimus Cooldown,Reduces the time you must wait before earning an additional Ultimus boss spawn.,2911,0.7843137383460999,0.7843137383460999,0.7843137383460999,1.0
99,ultimusMaxSpawns,266349,0,ultimus max spawns,Ultimus Max Spawns,+<value>,<color=yellow>+<value></color> Ultimus Max Spawns,Increases the maximum number of Ultimus spawns that you can stockpile at once.,2356,0.686274528503418,0.19607843458652496,0.19607843458652496,1.0
100,ultimus2xChance,260626,0,2x ultimus tokens chance,2x Tokens Chance,+<value>%,<color=yellow>+<value>%</color> 2x Tokens Chance,Increases the chance that the Ultimus ultra boss drops 2x tokens when killed.,2376,0.19607843458652496,0.19607843458652496,1.0,1.0
101,battlepassExp,263334,0,battlepass exp,Battlepass Exp,+<value>,<color=yellow>+<value></color> Battlepass Exp,Increases the amount of battlepass exp you earn from completing waves.,2863,0.0,0.7830188870429993,0.0,1.0
102,battlepassExpPct,263068,0,battlepass exp (%),Battlepass Exp (%),+<value>%,<color=yellow>+<value>%</color> Battlepass Exp,Increases the amount of battlepass exp you earn from completing waves.,2863,0.0,0.7830188870429993,0.0,1.0
103,dailyGiftRunes,262196,0,daily gift runes,Daily Gift Runes,+<value>,<color=yellow>+<value></color> Daily Gift Runes,Increases the number of runes you receive from Daily Gifts.,2439,0.4901960790157318,0.3921568691730499,0.7843137383460999,1.0
104,gameSpeed,262970,0,game speed,Max Game Speed,+<value>x,<color=yellow>+<value>x</color> Game Speed,Increases the maximum game speed setting.,2883,0.501960813999176,1.0,0.501960813999176,1.0
105,offlineResourceType,263803,0,offline resource type,Offline Resource Types,n/a,Offline Resource Types,Adds extra resource types to your offline progress:<br>Lv. 1 adds Runes<br>Lv. 2 adds Tech Scrolls<br>Lv. 3 adds Battlepass Exp<br>Lv. 4 adds Mastery Exp,2468,0.0,0.6431372761726379,0.0,1.0
106,offlineRewards,267935,0,offline rewards,Offline Rewards,+<value>%,<color=yellow>+<value>%</color> Offline Rewards,Increases the rewards earned from Offline Progress.,2882,0.0,0.6431372761726379,0.0,1.0
107,adBonusReward,268608,0,ad reward,Ad Bonus Reward,+<value>%,<color=yellow>+<value>%</color> Ad Bonus Reward,Increases the temporary bonus stat/resource effects granted from video ads. This does NOT effect the gem reward.,2387,1.0,0.0,1.0,1.0
108,adBonusDuration,262765,0,ad duration,Ad Bonus Duration,+<value>%,<color=yellow>+<value>%</color> Ad Bonus Duration,Increases the time that a bonus effect from video ads remains active.,2388,1.0,0.0,1.0,1.0
109,adBonusGems,262884,0,ad gems,Ad Bonus Gems,+<value>,<color=yellow>+<value>%</color> Ad Bonus Gems,Increases the number of gems received from video ads.,2919,1.0,0.0,1.0,1.0
110,adBonusUltraCritChance,265402,0,ad bonus ultra crit chance,Ad + Ultra Crit Chance,+<value>%,<color=yellow>+<value>%</color> Ad + Ultra Crit Chance,Adds an ultra crit chance bonus to the damage bonus video ad.,2427,0.7843137383460999,0.0,0.0,1.0
111,adBonusUltraCritAmount,261741,0,ad bonus ultra crit damage,Ad + Ultra Crit Damage,+<value>%,<color=yellow>+<value>%</color> Ad + Ultra Crit Damage,Adds an ultra crit damage bonus to the damage bonus video ad.,2383,0.7843137383460999,0.0,0.0,1.0
112,adBonusUltraGoldChance,262986,0,ad bonus ultra gold chance,Ad + Ultra Gold Chance,+<value>%,<color=yellow>+<value>%</color> Ad + Ultra Gold Chance,Adds an ultra gold chance bonus to the gold bonus video ad.,2369,0.8679245114326477,0.8679245114326477,0.06140974536538124,1.0
113,adBonusUltraGoldAmount,259892,0,ad bonus ultra gold amount,Ad + Ultra Gold Amount,+<value>%,<color=yellow>+<value>%</color> Ad + Ultra Gold Amount,Adds an ultra gold amount bonus to the gold bonus video ad.,2369,0.8679245114326477,0.8679245114326477,0.06140974536538124,1.0
114,adBonusUltraExpChance,265084,0,ad bonus ultra exp chance,Ad + Ultra Exp Chance,+<value>%,<color=yellow>+<value>%</color> Ad + Ultra Exp Chance,Adds an ultra exp chance bonus to the exp bonus video ad.,2888,0.0,0.5522990226745605,0.849056601524353,1.0
115,adBonusUltraExpAmount,267798,0,ad bonus ultra exp amount,Ad + Ultra Exp Amount,+<value>%,<color=yellow>+<value>%</color> Ad + Ultra Exp Amount,Adds an ultra exp amount bonus to the exp bonus video ad.,2888,0.0,0.5522990226745605,0.849056601524353,1.0
116,adBonusUltraEnergyChance,260528,0,ad bonus ultra energy chance,Ad + Ultra Income Chance,+<value>%,<color=yellow>+<value>%</color> Ad + Ultra Energy Chance,Adds an ultra energy income chance bonus to the energy bonus video ad.,2896,0.03484334424138069,0.8207547068595886,0.03484334424138069,1.0
117,adBonusUltraEnergyAmount,262419,0,ad bonus ultra energy amount,Ad + Ultra Income Amount,+<value>%,<color=yellow>+<value>%</color> Ad + Ultra Energy Amount,Adds an ultra energy income amount bonus to the energy bonus video ad.,2896,0.03484334424138069,0.8207547068595886,0.03484334424138069,1.0
118,towerLives,259709,0,tower lives,Tower Lives,+<value>,<color=yellow>+<value></color> Tower Lives,Increases the number of enemies that can leak into the tower before you are defeated (default is 1).,2414,1.0,0.501960813999176,0.501960813999176,1.0
119,maxBossRushWave,268956,0,boss rush max wave,Max Boss Rush,+<value>%,<color=yellow>+<value>%</color> Max Boss Rush,Increases the max wave you can boss rush to (additive to the base 75% amount).,2424,0.13394445180892944,0.7843137383460999,0.13394445180892944,1.0
120,bossRushSkippedWaves,265052,0,boss rush skipped waves,Boss Rush Waves,+<value>,<color=yellow>+<value></color> Boss Rush Waves,"Increases the number of waves skipped while boss rushing. Bosses will still spawn on every wave, even if it's not a multiple of 10.",2424,0.13394445180892944,0.7843137383460999,0.13394445180892944,1.0
121,tournamentTrophies,265713,0,tournament trophies,Tournament Trophies,+<value>%,<color=yellow>+<value>%</color> Tourney Trophies,Increases the trophy rewards from completing PvP Tournaments.,2417,0.9921568632125854,0.7411764860153198,0.15294118225574493,1.0
122,weeklyTickets,265433,0,weekly tickets,Weekly Tickets,+<value>%,<color=yellow>+<value>%</color> Weekly Tickets,Increases the Weekly Ticket rewards from completing Weekly Tasks.,2887,0.9921568632125854,0.7411764860153198,0.15294118225574493,1.0
123,mapPerks,257868,0,map perks,Map Perks,+<value>%,<color=yellow>+<value>%</color> Map Perks,Increases the effect of all positive perks on each map.,2413,0.0,1.0,0.0,1.0
124,wavePerkUnlocked,258908,0,wave perk unlock,Unlock Wave Perks,+<value>,Unlock Wave Perks,"Unlocks the ""Wave Perks"" mechanic, which grant temporary boosts to your current run.",2926,0.0,0.250980406999588,0.501960813999176,1.0
125,wavePerkWaves,257081,0,wave perk waves,Wave Perk Waves,-<value>%,<color=yellow>-<value>%</color> Wave Perk Waves,Reduces the number of waves required to unlock your next Wave Perk.,2606,0.0,0.250980406999588,0.501960813999176,1.0
126,wavePerkEffects,265242,0,wave perk effect,Wave Perk Effect,+<value>%,<color=yellow>+<value>%</color> Wave Perk Effects,Increases the effect of all Wave Perks.,2430,0.0,0.250980406999588,0.501960813999176,1.0
127,wavePerkRerolls,262393,0,wave perk rerolls,Wave Perk Rerolls,+<value>,<color=yellow>+<value></color> Free Rerolls,Increases the number of times you can reroll Wave Perks without paying gems.,2940,0.0,0.250980406999588,0.501960813999176,1.0
128,automationWorkshopCooldown,263008,0,automation workshop cooldown,Auto Upgrade Times,-<value>%,<color=yellow>-<value>%</color> Auto Upgrade Times,Reduces the time required when researching new Automation upgrades.,2911,0.3294117748737335,0.2980392277240753,0.4431372582912445,1.0
129,reduceEnemyShields,263250,0,reduce enemy shield,Enemy Shield Reduction,-<value>%,<color=yellow>-<value>%</color> Enemy Shields,Reduces the enemy shield amount that causes certain hero types to deal less damage.,2880,0.501960813999176,0.0,0.0,1.0
130,increaseEnemyWeakness,259571,0,increase enemy weakness,Enemy Weakness Bonus,+<value>%,<color=yellow>+<value>%</color> Enemy Weakness,Increases the enemy weakness amount that causes certain hero types to deal more damage.,2922,0.501960813999176,0.0,0.0,1.0
131,goldenGoblinChance,261187,0,hoarder golden chance,Golden Goblin Chance,+<value>%,<color=yellow>+<value>%</color> Golden Goblin Chance,"Increases the chance that a Goblin Hoarder spawns as the Golden variant, which rewards 100x more gold. The spawn chance is halved from Automation spawns.",2356,0.7843137383460999,0.0,0.0,1.0
132,goldenProducerChance,266236,0,producer golden chance,Golden Mage Chance,+<value>%,<color=yellow>+<value>%</color> Golden Mage Chance,"Increases the chance that a Power Mage spawns as the Golden variant, which rewards 10x more energy. The spawn chance is halved from Automation spawns.",2356,0.7843137383460999,0.0,0.0,1.0
133,goldenTrainerChance,268568,0,trainer golden chance,Golden Trainer Chance,+<value>%,<color=yellow>+<value>%</color> Golden Training Dummy Chance,"Increases the chance that a Training Dummy spawns as the Golden variant, which rewards 5x more exp. The spawn chance is halved from Automation spawns.",2356,0.7843137383460999,0.0,0.0,1.0
134,supremeRunesDrop,265145,0,supreme shadow runes,Supreme Runes,+<value>,<color=yellow>+<value></color> Supreme Runes,Increases the number of Supreme Runes rewarded from the Supreme Shadow boss.,2439,0.7843137383460999,0.0,0.0,1.0
135,supremeSpawnChance,263177,0,supreme shadow spawn chance,Supreme Shadow Chance,+<value>%,<color=yellow>+<value>%</color> Supreme Shadow Chance,Increases the spawn chance of the Supreme Shadow boss.,2356,0.7843137383460999,0.0,0.0,1.0
136,supreme2xRunesChance,261964,0,2x supreme runes chance,2x Supreme Runes Chance,+<value>%,<color=yellow>+<value>%</color> 2x Supreme Runes Chance,Increases the chance that the Supreme Shadow boss drops 2x Supreme Runes when killed.,2439,0.7843137383460999,0.0,0.0,1.0
137,supremeAlienSpawnChance,264788,0,supreme alien spawn chance,Supreme Alien Chance,+<value>%,<color=yellow>+<value>%</color> Supreme Alien Chance,Increases the spawn chance of the Supreme Alien boss.,2356,1.0,0.19607843458652496,0.19607843458652496,1.0
138,supremeAlienTechDrop,258297,0,supreme alien tech drop,Supreme Tech,+<value>,<color=yellow>+<value></color> Supreme Tech,Increases the number of Supreme Tech rewarded from the Supreme Alien boss.,2872,1.0,0.19607843458652496,0.19607843458652496,1.0
139,supTechDmg1Bonus,261088,0,sup tech dmg1 bonus,Damage I Bonus,+<value>%,<color=yellow>+<value>%</color> Bonus,"Increases the bonus damage given from the Damage I upgrade in the original Tech Tree. For example, at level 1 (+10%), this will change the Damage I upgrade from +10% to +11% per level.",2735,1.0,0.0,0.0,1.0
140,supTechDmg2Bonus,261877,0,sup tech dmg2 bonus,Damage II Bonus,+<value>%,<color=yellow>+<value>%</color> Bonus,"Increases the bonus damage given from the Damage II upgrade in the original Tech Tree. For example, at level 1 (+10%), this will change the Damage II upgrade from +50% to +55% per level.",2735,1.0,0.0,0.0,1.0
141,supTechGold1Bonus,268763,0,sup tech gold1 bonus,Kill Gold I Bonus,+<value>%,<color=yellow>+<value>%</color> Bonus,"Increases the bonus gold given from the Kill Gold I upgrade in the original Tech Tree. For example, at level 1 (+10%), this will change the Kill Gold I upgrade from +10% to +11% per level.",2422,1.0,1.0,0.0,1.0
142,supTechGold2Bonus,263449,0,sup tech gold2 bonus,Kill Gold II Bonus,+<value>%,<color=yellow>+<value>%</color> Bonus,"Increases the bonus gold given from the Kill Gold II upgrade in the original Tech Tree. For example, at level 1 (+10%), this will change the Kill Gold II upgrade from +50% to +55% per level.",2422,1.0,1.0,0.0,1.0
143,supTechPrestige1Bonus,257131,0,sup tech prestige1 bonus,Prestige I Bonus,+<value>%,<color=yellow>+<value>%</color> Bonus,"Increases the bonus Prestige Power given from the Prestige Power I upgrade in the original Tech Tree. For example, at level 1 (+10%), this will change the Prestige Power I upgrade from +15% to +16.5% per level.",2928,0.686274528503418,0.0,1.0,1.0
144,supTechCritDmgMaxLevel,260010,0,sup tech crit dmg max,Crit Damage Max,+<value>,<color=yellow>+<value></color> Max Level,Increases the max level of the Crit Damage upgrade in the original Tech Tree.,2432,1.0,0.501960813999176,0.0,1.0
145,supTechEnemyHpMaxLevel,261146,0,sup tech enemy hp max,Enemy HP Max,+<value>,<color=yellow>+<value></color> Max Level,Increases the max level of the Enemy HP upgrade in the original Tech Tree.,2418,0.501960813999176,0.0,0.0,1.0
146,supTechExp1Bonus,264378,0,sup tech exp 1 bonus,Rank Exp Bonus,+<value>,<color=yellow>+<value></color> Rank Exp,"Increases the rank exp given from the Rank Exp upgrade in the original Tech Tree. For example, at level 1 (+3), this will change the Rank Exp upgrade from +2 to +5 per level.",2880,0.09803921729326248,0.686274528503418,1.0,1.0
147,supTechBossGoldMaxLevel,260737,0,sup tech boss gold max level,Boss Gold Max,+<value>,<color=yellow>+<value></color> Max Level,Increases the max level of the Boss Gold upgrade in the original Tech Tree.,2890,0.8705882430076599,0.8705882430076599,0.0,1.0
148,supTechBossExpMaxLevel,257830,0,sup tech boss exp max level,Boss Exp Max,+<value>,<color=yellow>+<value></color> Max Level,Increases the max level of the Boss Exp upgrade in the original Tech Tree.,2726,0.0,0.5882353186607361,0.8823529481887817,1.0
149,astralDmgGroupPerks1,261338,0,astral dmg group perks (1),Damage Group Perks,+<value>%,<color=yellow>+<value>%</color> Damage Group Perks,Increases the effect of all Damage Group Perks on the Astral Battlegrounds map.,2735,1.0,0.0,0.0,1.0
150,astralGoldGroupPerks2,257399,0,astral gold group perks (2),Gold Group Perks,+<value>%,<color=yellow>+<value>%</color> Gold Group Perks,Increases the effect of all Gold Group Perks on the Astral Battlegrounds map.,2422,1.0,1.0,0.0,1.0
151,astralExpGroupPerks3,265562,0,astral exp group perks (3),Exp Group Perks,+<value>%,<color=yellow>+<value>%</color> Exp Group Perks,Increases the effect of all Exp Group Perks on the Astral Battlegrounds map.,2880,0.09803921729326248,0.686274528503418,1.0,1.0
152,astralEnergyGroupPerks4,269007,0,astral energy group perks (4),Energy Group Perks,+<value>%,<color=yellow>+<value>%</color> Energy Group Perks,Increases the effect of all EnergyGroup Perks on the Astral Battlegrounds map.,2423,0.0,1.0,0.0,1.0
153,astralBossGroupPerks5,257956,0,astral boss group perks (5),Boss Group Perks,+<value>%,<color=yellow>+<value>%</color> Boss Group Perks,Increases the effect of all Boss Group Perks on the Astral Battlegrounds map.,2356,0.686274528503418,0.0,0.0,1.0
154,astralSkillGroupPerks6,266977,0,astral skills group perks (6),Skill Group Perks,+<value>%,<color=yellow>+<value>%</color> Skill Group Perks,Increases the effect of all Skill Group Perks on the Astral Battlegrounds map.,2934,0.0,1.0,1.0,1.0
155,astralSynergyGroupPerks7,265152,0,astral synergy group perks (7),Synergy Group Perks,+<value>%,<color=yellow>+<value>%</color> Synergy Group Perks,Increases the effect of all Synergy Group Perks on the Astral Battlegrounds map.,2910,0.09803921729326248,0.8823529481887817,0.09803921729326248,1.0
156,astralMapPerks,266916,0,astral map perks (all),Astral Map Perks,+<value>%,<color=yellow>+<value>%</color> Astral Map Perks,Increases the effect of all Map Perks on Astral Battlegrounds.,2410,1.0,1.0,0.0,1.0
