gameobject_path_id,gameobject_name,normalized_name,enemy_behaviour_path_id,prefab_enemy_path_id,enemy_class,evolution,enemy_height,is_golden_variant,is_supreme_variant,ultimus_class
34281,Alien Big Blink (tech boss),Alien Big Blink (tech boss),282665,10688,6,3,4.0,0,0,0
39582,Alien Big Blink (tech boss) (1),Alien Big Blink (tech boss),285544,10688,6,3,4.0,0,0,0
39585,Alien Big Blink (tech boss) (10),Alien Big Blink (tech boss),285540,10688,6,3,4.0,0,0,0
39580,Alien Big Blink (tech boss) (2),Alien Big Blink (tech boss),285543,10688,6,3,4.0,0,0,0
39579,Alien Big Blink (tech boss) (3),Alien Big Blink (tech boss),285545,10688,6,3,4.0,0,0,0
39586,Alien Big Blink (tech boss) (4),Alien Big Blink (tech boss),285537,10688,6,3,4.0,0,0,0
39583,Alien Big Blink (tech boss) (5),Alien Big Blink (tech boss),285541,10688,6,3,4.0,0,0,0
39584,Alien Big Blink (tech boss) (6),Alien Big Blink (tech boss),285539,10688,6,3,4.0,0,0,0
39581,Alien Big Blink (tech boss) (7),Alien Big Blink (tech boss),285542,10688,6,3,4.0,0,0,0
39578,Alien Big Blink (tech boss) (8),Alien Big Blink (tech boss),285546,10688,6,3,4.0,0,0,0
39587,Alien Big Blink (tech boss) (9),Alien Big Blink (tech boss),285538,10688,6,3,4.0,0,0,0
58402,Alien Galaxia (ultimus boss) (blue melee),Alien Galaxia (ultimus boss) (blue melee),283094,10671,7,3,4.0,0,0,0
55114,Alien Galaxia (ultimus boss) (blue melee) (1),Alien Galaxia (ultimus boss) (blue melee),283894,10671,7,3,4.0,0,0,0
55118,Alien Galaxia (ultimus boss) (blue melee) (2),Alien Galaxia (ultimus boss) (blue melee),283893,10671,7,3,4.0,0,0,0
55119,Alien Galaxia (ultimus boss) (blue melee) (3),Alien Galaxia (ultimus boss) (blue melee),283892,10671,7,3,4.0,0,0,0
55116,Alien Galaxia (ultimus boss) (blue melee) (4),Alien Galaxia (ultimus boss) (blue melee),283891,10671,7,3,4.0,0,0,0
55117,Alien Galaxia (ultimus boss) (blue melee) (5),Alien Galaxia (ultimus boss) (blue melee),283890,10671,7,3,4.0,0,0,0
55115,Alien Galaxia (ultimus boss) (blue melee) (6),Alien Galaxia (ultimus boss) (blue melee),283895,10671,7,3,4.0,0,0,0
21259,Alien Galaxia (ultimus boss) (green range),Alien Galaxia (ultimus boss) (green range),295309,10879,9,3,4.0,0,0,0
17676,Alien Galaxia (ultimus boss) (green range) (1),Alien Galaxia (ultimus boss) (green range),304699,10879,9,3,4.0,0,0,0
17674,Alien Galaxia (ultimus boss) (green range) (2),Alien Galaxia (ultimus boss) (green range),304701,10879,9,3,4.0,0,0,0
17675,Alien Galaxia (ultimus boss) (green range) (3),Alien Galaxia (ultimus boss) (green range),304700,10879,9,3,4.0,0,0,0
17678,Alien Galaxia (ultimus boss) (green range) (4),Alien Galaxia (ultimus boss) (green range),304698,10879,9,3,4.0,0,0,0
17673,Alien Galaxia (ultimus boss) (green range) (5),Alien Galaxia (ultimus boss) (green range),304702,10879,9,3,4.0,0,0,0
17677,Alien Galaxia (ultimus boss) (green range) (6),Alien Galaxia (ultimus boss) (green range),304703,10879,9,3,4.0,0,0,0
18057,Alien Galaxia (ultimus boss) (red mage),Alien Galaxia (ultimus boss) (red mage),277965,10686,8,3,4.0,0,0,0
46864,Alien Galaxia (ultimus boss) (red mage) (1),Alien Galaxia (ultimus boss) (red mage),285531,10686,8,3,4.0,0,0,0
46866,Alien Galaxia (ultimus boss) (red mage) (2),Alien Galaxia (ultimus boss) (red mage),285534,10686,8,3,4.0,0,0,0
46868,Alien Galaxia (ultimus boss) (red mage) (3),Alien Galaxia (ultimus boss) (red mage),285536,10686,8,3,4.0,0,0,0
46865,Alien Galaxia (ultimus boss) (red mage) (4),Alien Galaxia (ultimus boss) (red mage),285533,10686,8,3,4.0,0,0,0
46863,Alien Galaxia (ultimus boss) (red mage) (5),Alien Galaxia (ultimus boss) (red mage),285532,10686,8,3,4.0,0,0,0
46867,Alien Galaxia (ultimus boss) (red mage) (6),Alien Galaxia (ultimus boss) (red mage),285535,10686,8,3,4.0,0,0,0
45026,Alien Wreck (global boss),Alien Wreck (global boss),299351,10710,11,3,5.0,0,0,0
58460,Ancient Shadow (rune boss),Ancient Shadow (rune boss),303099,11013,5,3,4.0,0,0,0
77954,Ancient Shadow (rune boss) (1),Ancient Shadow (rune boss),316904,11013,5,3,4.0,0,0,0
77952,Ancient Shadow (rune boss) (10),Ancient Shadow (rune boss),316906,11013,5,3,4.0,0,0,0
77953,Ancient Shadow (rune boss) (2),Ancient Shadow (rune boss),316907,11013,5,3,4.0,0,0,0
77948,Ancient Shadow (rune boss) (3),Ancient Shadow (rune boss),316909,11013,5,3,4.0,0,0,0
77950,Ancient Shadow (rune boss) (4),Ancient Shadow (rune boss),316908,11013,5,3,4.0,0,0,0
77949,Ancient Shadow (rune boss) (5),Ancient Shadow (rune boss),316910,11013,5,3,4.0,0,0,0
77957,Ancient Shadow (rune boss) (6),Ancient Shadow (rune boss),316901,11013,5,3,4.0,0,0,0
77956,Ancient Shadow (rune boss) (7),Ancient Shadow (rune boss),316902,11013,5,3,4.0,0,0,0
77951,Ancient Shadow (rune boss) (8),Ancient Shadow (rune boss),316905,11013,5,3,4.0,0,0,0
77955,Ancient Shadow (rune boss) (9),Ancient Shadow (rune boss),316903,11013,5,3,4.0,0,0,0
39959,Angel,Angel,284825,10766,0,1,1.2999999523162842,0,0,0
48491,Angel (1),Angel,292951,10766,0,1,1.2999999523162842,0,0,0
48480,Angel (10),Angel,292960,10766,0,1,1.2999999523162842,0,0,0
48481,Angel (11),Angel,292959,10766,0,1,1.2999999523162842,0,0,0
48488,Angel (12),Angel,292948,10766,0,1,1.2999999523162842,0,0,0
48496,Angel (13),Angel,292955,10766,0,1,1.2999999523162842,0,0,0
48482,Angel (14),Angel,292962,10766,0,1,1.2999999523162842,0,0,0
48483,Angel (15),Angel,292966,10766,0,1,1.2999999523162842,0,0,0
48486,Angel (16),Angel,292963,10766,0,1,1.2999999523162842,0,0,0
48479,Angel (17),Angel,292961,10766,0,1,1.2999999523162842,0,0,0
48494,Angel (18),Angel,292953,10766,0,1,1.2999999523162842,0,0,0
48492,Angel (19),Angel,292950,10766,0,1,1.2999999523162842,0,0,0
48490,Angel (2),Angel,292952,10766,0,1,1.2999999523162842,0,0,0
48487,Angel (20),Angel,292949,10766,0,1,1.2999999523162842,0,0,0
48489,Angel (3),Angel,292947,10766,0,1,1.2999999523162842,0,0,0
48493,Angel (4),Angel,292954,10766,0,1,1.2999999523162842,0,0,0
48495,Angel (5),Angel,292956,10766,0,1,1.2999999523162842,0,0,0
48478,Angel (6),Angel,292957,10766,0,1,1.2999999523162842,0,0,0
48485,Angel (7),Angel,292964,10766,0,1,1.2999999523162842,0,0,0
48477,Angel (8),Angel,292958,10766,0,1,1.2999999523162842,0,0,0
48484,Angel (9),Angel,292965,10766,0,1,1.2999999523162842,0,0,0
28972,Angel Mage,Angel Mage,318417,10845,0,3,2.5,0,0,0
42467,Angel Mage (1),Angel Mage,300316,10845,0,3,2.5,0,0,0
42472,Angel Mage (10),Angel Mage,300321,10845,0,3,2.5,0,0,0
42469,Angel Mage (2),Angel Mage,300318,10845,0,3,2.5,0,0,0
42468,Angel Mage (3),Angel Mage,300317,10845,0,3,2.5,0,0,0
42473,Angel Mage (4),Angel Mage,300315,10845,0,3,2.5,0,0,0
42475,Angel Mage (5),Angel Mage,300312,10845,0,3,2.5,0,0,0
42470,Angel Mage (6),Angel Mage,300320,10845,0,3,2.5,0,0,0
42471,Angel Mage (7),Angel Mage,300319,10845,0,3,2.5,0,0,0
42474,Angel Mage (8),Angel Mage,300314,10845,0,3,2.5,0,0,0
42476,Angel Mage (9),Angel Mage,300313,10845,0,3,2.5,0,0,0
17222,Archangel,Archangel,312702,10725,0,2,1.7000000476837158,0,0,0
62653,Archangel (1),Archangel,289896,10725,0,2,1.7000000476837158,0,0,0
62648,Archangel (10),Archangel,289890,10725,0,2,1.7000000476837158,0,0,0
62651,Archangel (2),Archangel,289895,10725,0,2,1.7000000476837158,0,0,0
62646,Archangel (3),Archangel,289891,10725,0,2,1.7000000476837158,0,0,0
62649,Archangel (4),Archangel,289897,10725,0,2,1.7000000476837158,0,0,0
62652,Archangel (5),Archangel,289894,10725,0,2,1.7000000476837158,0,0,0
62645,Archangel (6),Archangel,289892,10725,0,2,1.7000000476837158,0,0,0
62650,Archangel (7),Archangel,289898,10725,0,2,1.7000000476837158,0,0,0
62647,Archangel (8),Archangel,289889,10725,0,2,1.7000000476837158,0,0,0
62654,Archangel (9),Archangel,289893,10725,0,2,1.7000000476837158,0,0,0
15780,Bat,Bat,306722,306722,0,1,1.899999976158142,0,0,0
76195,Bat (1),Bat,273485,273485,0,1,1.899999976158142,0,0,0
76199,Bat (10),Bat,273489,273489,0,1,1.899999976158142,0,0,0
76187,Bat (11),Bat,273477,273477,0,1,1.899999976158142,0,0,0
76194,Bat (12),Bat,273484,273484,0,1,1.899999976158142,0,0,0
76197,Bat (13),Bat,273487,273487,0,1,1.899999976158142,0,0,0
76193,Bat (14),Bat,273483,273483,0,1,1.899999976158142,0,0,0
76198,Bat (15),Bat,273488,273488,0,1,1.899999976158142,0,0,0
76192,Bat (16),Bat,273482,273482,0,1,1.899999976158142,0,0,0
76201,Bat (17),Bat,273491,273491,0,1,1.899999976158142,0,0,0
76196,Bat (18),Bat,273486,273486,0,1,1.899999976158142,0,0,0
76186,Bat (19),Bat,273476,273476,0,1,1.899999976158142,0,0,0
76202,Bat (2),Bat,273493,273493,0,1,1.899999976158142,0,0,0
76190,Bat (20),Bat,273479,273479,0,1,1.899999976158142,0,0,0
76204,Bat (3),Bat,273494,273494,0,1,1.899999976158142,0,0,0
76189,Bat (4),Bat,273480,273480,0,1,1.899999976158142,0,0,0
76203,Bat (5),Bat,273492,273492,0,1,1.899999976158142,0,0,0
76188,Bat (6),Bat,273478,273478,0,1,1.899999976158142,0,0,0
76200,Bat (7),Bat,273490,273490,0,1,1.899999976158142,0,0,0
76191,Bat (8),Bat,273481,273481,0,1,1.899999976158142,0,0,0
76205,Bat (9),Bat,273495,273495,0,1,1.899999976158142,0,0,0
15904,Bat Lord,Bat Lord,314303,314303,0,3,2.5999999046325684,0,0,0
86030,Bat Lord (1),Bat Lord,275051,275051,0,3,2.5999999046325684,0,0,0
86027,Bat Lord (10),Bat Lord,275049,275049,0,3,2.5999999046325684,0,0,0
86023,Bat Lord (2),Bat Lord,275046,275046,0,3,2.5999999046325684,0,0,0
86031,Bat Lord (3),Bat Lord,275050,275050,0,3,2.5999999046325684,0,0,0
86024,Bat Lord (4),Bat Lord,275043,275043,0,3,2.5999999046325684,0,0,0
86026,Bat Lord (5),Bat Lord,275042,275042,0,3,2.5999999046325684,0,0,0
86029,Bat Lord (6),Bat Lord,275047,275047,0,3,2.5999999046325684,0,0,0
86025,Bat Lord (7),Bat Lord,275044,275044,0,3,2.5999999046325684,0,0,0
86022,Bat Lord (8),Bat Lord,275045,275045,0,3,2.5999999046325684,0,0,0
86028,Bat Lord (9),Bat Lord,275048,275048,0,3,2.5999999046325684,0,0,0
29313,Bee,Bee,281164,281164,0,1,1.7000000476837158,0,0,0
25900,Bee (1),Bee,282882,282882,0,1,1.7000000476837158,0,0,0
25895,Bee (10),Bee,282878,282878,0,1,1.7000000476837158,0,0,0
25911,Bee (11),Bee,282874,282874,0,1,1.7000000476837158,0,0,0
25898,Bee (12),Bee,282881,282881,0,1,1.7000000476837158,0,0,0
25894,Bee (13),Bee,282877,282877,0,1,1.7000000476837158,0,0,0
25913,Bee (14),Bee,282876,282876,0,1,1.7000000476837158,0,0,0
25897,Bee (15),Bee,282880,282880,0,1,1.7000000476837158,0,0,0
25905,Bee (16),Bee,282868,282868,0,1,1.7000000476837158,0,0,0
25907,Bee (17),Bee,282870,282870,0,1,1.7000000476837158,0,0,0
25906,Bee (18),Bee,282869,282869,0,1,1.7000000476837158,0,0,0
25910,Bee (19),Bee,282873,282873,0,1,1.7000000476837158,0,0,0
25912,Bee (2),Bee,282875,282875,0,1,1.7000000476837158,0,0,0
25901,Bee (20),Bee,282864,282864,0,1,1.7000000476837158,0,0,0
25909,Bee (3),Bee,282872,282872,0,1,1.7000000476837158,0,0,0
25908,Bee (4),Bee,282871,282871,0,1,1.7000000476837158,0,0,0
25903,Bee (5),Bee,282866,282866,0,1,1.7000000476837158,0,0,0
25899,Bee (6),Bee,282883,282883,0,1,1.7000000476837158,0,0,0
25902,Bee (7),Bee,282865,282865,0,1,1.7000000476837158,0,0,0
25896,Bee (8),Bee,282879,282879,0,1,1.7000000476837158,0,0,0
25904,Bee (9),Bee,282867,282867,0,1,1.7000000476837158,0,0,0
70723,Bird,Bird,309431,309431,0,3,2.5,0,0,0
10303,Bird (1),Bird,289888,289888,0,3,2.5,0,0,0
10304,Bird (10),Bird,289887,289887,0,3,2.5,0,0,0
10301,Bird (2),Bird,289882,289882,0,3,2.5,0,0,0
10298,Bird (3),Bird,289884,289884,0,3,2.5,0,0,0
10297,Bird (4),Bird,289881,289881,0,3,2.5,0,0,0
10296,Bird (5),Bird,289879,289879,0,3,2.5,0,0,0
10302,Bird (6),Bird,289886,289886,0,3,2.5,0,0,0
10300,Bird (7),Bird,289885,289885,0,3,2.5,0,0,0
10299,Bird (8),Bird,289883,289883,0,3,2.5,0,0,0
10295,Bird (9),Bird,289880,289880,0,3,2.5,0,0,0
4583,BulletExplosionBlue (13),BulletExplosionBlue,11044,0,0,2,1.7000000476837158,0,0,0
75029,Bumble,Bumble,301714,301714,0,2,2.200000047683716,0,0,0
16893,Bumble (1),Bumble,291249,291249,0,2,2.200000047683716,0,0,0
16897,Bumble (10),Bumble,291243,291243,0,2,2.200000047683716,0,0,0
16899,Bumble (2),Bumble,291244,291244,0,2,2.200000047683716,0,0,0
16898,Bumble (3),Bumble,291245,291245,0,2,2.200000047683716,0,0,0
16902,Bumble (4),Bumble,291248,291248,0,2,2.200000047683716,0,0,0
16901,Bumble (5),Bumble,291247,291247,0,2,2.200000047683716,0,0,0
16896,Bumble (6),Bumble,291242,291242,0,2,2.200000047683716,0,0,0
16894,Bumble (7),Bumble,291250,291250,0,2,2.200000047683716,0,0,0
16900,Bumble (8),Bumble,291246,291246,0,2,2.200000047683716,0,0,0
16895,Bumble (9),Bumble,291241,291241,0,2,2.200000047683716,0,0,0
42279,Cacti,Cacti,294166,10543,0,1,1.2999999523162842,0,0,0
91541,Cacti (1),Cacti,273465,10543,0,1,1.2999999523162842,0,0,0
91537,Cacti (10),Cacti,273461,10543,0,1,1.2999999523162842,0,0,0
91535,Cacti (11),Cacti,273459,10543,0,1,1.2999999523162842,0,0,0
91531,Cacti (12),Cacti,273456,10543,0,1,1.2999999523162842,0,0,0
91540,Cacti (13),Cacti,273462,10543,0,1,1.2999999523162842,0,0,0
91545,Cacti (14),Cacti,273467,10543,0,1,1.2999999523162842,0,0,0
91533,Cacti (15),Cacti,273455,10543,0,1,1.2999999523162842,0,0,0
91544,Cacti (16),Cacti,273469,10543,0,1,1.2999999523162842,0,0,0
91534,Cacti (17),Cacti,273458,10543,0,1,1.2999999523162842,0,0,0
91532,Cacti (18),Cacti,273457,10543,0,1,1.2999999523162842,0,0,0
91547,Cacti (19),Cacti,273470,10543,0,1,1.2999999523162842,0,0,0
91542,Cacti (2),Cacti,273466,10543,0,1,1.2999999523162842,0,0,0
91549,Cacti (20),Cacti,273473,10543,0,1,1.2999999523162842,0,0,0
91543,Cacti (3),Cacti,273468,10543,0,1,1.2999999523162842,0,0,0
91536,Cacti (4),Cacti,273460,10543,0,1,1.2999999523162842,0,0,0
91550,Cacti (5),Cacti,273474,10543,0,1,1.2999999523162842,0,0,0
91548,Cacti (6),Cacti,273472,10543,0,1,1.2999999523162842,0,0,0
91546,Cacti (7),Cacti,273471,10543,0,1,1.2999999523162842,0,0,0
91538,Cacti (8),Cacti,273463,10543,0,1,1.2999999523162842,0,0,0
91539,Cacti (9),Cacti,273464,10543,0,1,1.2999999523162842,0,0,0
80257,Cactus,Cactus,271455,10552,0,2,1.7999999523162842,0,0,0
75694,Cactus (1),Cactus,273970,10552,0,2,1.7999999523162842,0,0,0
75688,Cactus (10),Cactus,273964,10552,0,2,1.7999999523162842,0,0,0
75689,Cactus (2),Cactus,273965,10552,0,2,1.7999999523162842,0,0,0
75687,Cactus (3),Cactus,273963,10552,0,2,1.7999999523162842,0,0,0
75692,Cactus (4),Cactus,273968,10552,0,2,1.7999999523162842,0,0,0
75686,Cactus (5),Cactus,273966,10552,0,2,1.7999999523162842,0,0,0
75690,Cactus (6),Cactus,273972,10552,0,2,1.7999999523162842,0,0,0
75695,Cactus (7),Cactus,273971,10552,0,2,1.7999999523162842,0,0,0
75691,Cactus (8),Cactus,273967,10552,0,2,1.7999999523162842,0,0,0
75693,Cactus (9),Cactus,273969,10552,0,2,1.7999999523162842,0,0,0
68648,Cactus Boss,Cactus Boss,316918,10545,0,3,2.799999952316284,0,0,0
40787,Cactus Boss (1),Cactus Boss,273534,10545,0,3,2.799999952316284,0,0,0
40785,Cactus Boss (10),Cactus Boss,273532,10545,0,3,2.799999952316284,0,0,0
40784,Cactus Boss (2),Cactus Boss,273533,10545,0,3,2.799999952316284,0,0,0
40779,Cactus Boss (3),Cactus Boss,273529,10545,0,3,2.799999952316284,0,0,0
40786,Cactus Boss (4),Cactus Boss,273536,10545,0,3,2.799999952316284,0,0,0
40781,Cactus Boss (5),Cactus Boss,273527,10545,0,3,2.799999952316284,0,0,0
40788,Cactus Boss (6),Cactus Boss,273535,10545,0,3,2.799999952316284,0,0,0
40783,Cactus Boss (7),Cactus Boss,273531,10545,0,3,2.799999952316284,0,0,0
40780,Cactus Boss (8),Cactus Boss,273530,10545,0,3,2.799999952316284,0,0,0
40782,Cactus Boss (9),Cactus Boss,273528,10545,0,3,2.799999952316284,0,0,0
61033,Chick,Chick,283317,283317,0,1,1.2999999523162842,0,0,0
51002,Chick (1),Chick,302209,302209,0,1,1.2999999523162842,0,0,0
51010,Chick (10),Chick,302219,302219,0,1,1.2999999523162842,0,0,0
51009,Chick (11),Chick,302217,302217,0,1,1.2999999523162842,0,0,0
51008,Chick (12),Chick,302215,302215,0,1,1.2999999523162842,0,0,0
51015,Chick (13),Chick,302223,302223,0,1,1.2999999523162842,0,0,0
51019,Chick (14),Chick,302227,302227,0,1,1.2999999523162842,0,0,0
51013,Chick (15),Chick,302221,302221,0,1,1.2999999523162842,0,0,0
51017,Chick (16),Chick,302226,302226,0,1,1.2999999523162842,0,0,0
51004,Chick (17),Chick,302212,302212,0,1,1.2999999523162842,0,0,0
51012,Chick (18),Chick,302218,302218,0,1,1.2999999523162842,0,0,0
51005,Chick (19),Chick,302214,302214,0,1,1.2999999523162842,0,0,0
51003,Chick (2),Chick,302211,302211,0,1,1.2999999523162842,0,0,0
51007,Chick (20),Chick,302216,302216,0,1,1.2999999523162842,0,0,0
51006,Chick (3),Chick,302213,302213,0,1,1.2999999523162842,0,0,0
51014,Chick (4),Chick,302222,302222,0,1,1.2999999523162842,0,0,0
51016,Chick (5),Chick,302224,302224,0,1,1.2999999523162842,0,0,0
51000,Chick (6),Chick,302210,302210,0,1,1.2999999523162842,0,0,0
51011,Chick (7),Chick,302220,302220,0,1,1.2999999523162842,0,0,0
51001,Chick (8),Chick,302208,302208,0,1,1.2999999523162842,0,0,0
51018,Chick (9),Chick,302225,302225,0,1,1.2999999523162842,0,0,0
61830,Creeper,Creeper,316309,10942,0,3,2.5,0,0,0
60656,Creeper (1),Creeper,309647,10942,0,3,2.5,0,0,0
60658,Creeper (10),Creeper,309645,10942,0,3,2.5,0,0,0
60657,Creeper (2),Creeper,309644,10942,0,3,2.5,0,0,0
60650,Creeper (3),Creeper,309651,10942,0,3,2.5,0,0,0
60652,Creeper (4),Creeper,309653,10942,0,3,2.5,0,0,0
60655,Creeper (5),Creeper,309646,10942,0,3,2.5,0,0,0
60653,Creeper (6),Creeper,309648,10942,0,3,2.5,0,0,0
60651,Creeper (7),Creeper,309652,10942,0,3,2.5,0,0,0
60649,Creeper (8),Creeper,309650,10942,0,3,2.5,0,0,0
60654,Creeper (9),Creeper,309649,10942,0,3,2.5,0,0,0
30607,Cyclops,Cyclops,311752,10858,0,1,1.2999999523162842,0,0,0
34224,Cyclops (1),Cyclops,302590,10858,0,1,1.2999999523162842,0,0,0
34215,Cyclops (10),Cyclops,302582,10858,0,1,1.2999999523162842,0,0,0
34221,Cyclops (11),Cyclops,302588,10858,0,1,1.2999999523162842,0,0,0
34212,Cyclops (12),Cyclops,302578,10858,0,1,1.2999999523162842,0,0,0
34211,Cyclops (13),Cyclops,302580,10858,0,1,1.2999999523162842,0,0,0
34208,Cyclops (14),Cyclops,302577,10858,0,1,1.2999999523162842,0,0,0
34219,Cyclops (15),Cyclops,302585,10858,0,1,1.2999999523162842,0,0,0
34214,Cyclops (16),Cyclops,302581,10858,0,1,1.2999999523162842,0,0,0
34209,Cyclops (17),Cyclops,302574,10858,0,1,1.2999999523162842,0,0,0
34225,Cyclops (18),Cyclops,302592,10858,0,1,1.2999999523162842,0,0,0
34206,Cyclops (19),Cyclops,302576,10858,0,1,1.2999999523162842,0,0,0
34213,Cyclops (2),Cyclops,302579,10858,0,1,1.2999999523162842,0,0,0
34216,Cyclops (20),Cyclops,302583,10858,0,1,1.2999999523162842,0,0,0
34207,Cyclops (3),Cyclops,302575,10858,0,1,1.2999999523162842,0,0,0
34220,Cyclops (4),Cyclops,302587,10858,0,1,1.2999999523162842,0,0,0
34217,Cyclops (5),Cyclops,302584,10858,0,1,1.2999999523162842,0,0,0
34218,Cyclops (6),Cyclops,302586,10858,0,1,1.2999999523162842,0,0,0
34222,Cyclops (7),Cyclops,302589,10858,0,1,1.2999999523162842,0,0,0
34223,Cyclops (8),Cyclops,302591,10858,0,1,1.2999999523162842,0,0,0
34210,Cyclops (9),Cyclops,302573,10858,0,1,1.2999999523162842,0,0,0
75992,Cyclops Bat,Cyclops Bat,276743,10982,0,1,1.2999999523162842,0,0,0
11951,Cyclops Bat (1),Cyclops Bat,313733,10982,0,1,1.2999999523162842,0,0,0
11945,Cyclops Bat (10),Cyclops Bat,313743,10982,0,1,1.2999999523162842,0,0,0
11950,Cyclops Bat (11),Cyclops Bat,313734,10982,0,1,1.2999999523162842,0,0,0
11948,Cyclops Bat (12),Cyclops Bat,313730,10982,0,1,1.2999999523162842,0,0,0
11938,Cyclops Bat (13),Cyclops Bat,313745,10982,0,1,1.2999999523162842,0,0,0
11943,Cyclops Bat (14),Cyclops Bat,313744,10982,0,1,1.2999999523162842,0,0,0
11934,Cyclops Bat (15),Cyclops Bat,313737,10982,0,1,1.2999999523162842,0,0,0
11939,Cyclops Bat (16),Cyclops Bat,313746,10982,0,1,1.2999999523162842,0,0,0
11942,Cyclops Bat (17),Cyclops Bat,313740,10982,0,1,1.2999999523162842,0,0,0
11952,Cyclops Bat (18),Cyclops Bat,313732,10982,0,1,1.2999999523162842,0,0,0
11937,Cyclops Bat (19),Cyclops Bat,313739,10982,0,1,1.2999999523162842,0,0,0
11935,Cyclops Bat (2),Cyclops Bat,313735,10982,0,1,1.2999999523162842,0,0,0
11936,Cyclops Bat (20),Cyclops Bat,313738,10982,0,1,1.2999999523162842,0,0,0
11944,Cyclops Bat (3),Cyclops Bat,313742,10982,0,1,1.2999999523162842,0,0,0
11933,Cyclops Bat (4),Cyclops Bat,313736,10982,0,1,1.2999999523162842,0,0,0
11940,Cyclops Bat (5),Cyclops Bat,313747,10982,0,1,1.2999999523162842,0,0,0
11946,Cyclops Bat (6),Cyclops Bat,313728,10982,0,1,1.2999999523162842,0,0,0
11941,Cyclops Bat (7),Cyclops Bat,313741,10982,0,1,1.2999999523162842,0,0,0
11949,Cyclops Bat (8),Cyclops Bat,313731,10982,0,1,1.2999999523162842,0,0,0
11947,Cyclops Bat (9),Cyclops Bat,313729,10982,0,1,1.2999999523162842,0,0,0
37930,Cyclops Bat Mage,Cyclops Bat Mage,281898,10639,0,3,2.5,0,0,0
35972,Cyclops Bat Mage (1),Cyclops Bat Mage,281010,10639,0,3,2.5,0,0,0
35970,Cyclops Bat Mage (10),Cyclops Bat Mage,281008,10639,0,3,2.5,0,0,0
35969,Cyclops Bat Mage (2),Cyclops Bat Mage,281011,10639,0,3,2.5,0,0,0
35964,Cyclops Bat Mage (3),Cyclops Bat Mage,281004,10639,0,3,2.5,0,0,0
35968,Cyclops Bat Mage (4),Cyclops Bat Mage,281012,10639,0,3,2.5,0,0,0
35967,Cyclops Bat Mage (5),Cyclops Bat Mage,281003,10639,0,3,2.5,0,0,0
35965,Cyclops Bat Mage (6),Cyclops Bat Mage,281005,10639,0,3,2.5,0,0,0
35966,Cyclops Bat Mage (7),Cyclops Bat Mage,281006,10639,0,3,2.5,0,0,0
35971,Cyclops Bat Mage (8),Cyclops Bat Mage,281009,10639,0,3,2.5,0,0,0
35973,Cyclops Bat Mage (9),Cyclops Bat Mage,281007,10639,0,3,2.5,0,0,0
29331,Cyclops Bat Wizard,Cyclops Bat Wizard,279366,10965,0,2,1.7000000476837158,0,0,0
78985,Cyclops Bat Wizard (1),Cyclops Bat Wizard,312224,10965,0,2,1.7000000476837158,0,0,0
78992,Cyclops Bat Wizard (10),Cyclops Bat Wizard,312219,10965,0,2,1.7000000476837158,0,0,0
78987,Cyclops Bat Wizard (2),Cyclops Bat Wizard,312226,10965,0,2,1.7000000476837158,0,0,0
78993,Cyclops Bat Wizard (3),Cyclops Bat Wizard,312221,10965,0,2,1.7000000476837158,0,0,0
78994,Cyclops Bat Wizard (4),Cyclops Bat Wizard,312222,10965,0,2,1.7000000476837158,0,0,0
78991,Cyclops Bat Wizard (5),Cyclops Bat Wizard,312220,10965,0,2,1.7000000476837158,0,0,0
78990,Cyclops Bat Wizard (6),Cyclops Bat Wizard,312218,10965,0,2,1.7000000476837158,0,0,0
78988,Cyclops Bat Wizard (7),Cyclops Bat Wizard,312225,10965,0,2,1.7000000476837158,0,0,0
78989,Cyclops Bat Wizard (8),Cyclops Bat Wizard,312217,10965,0,2,1.7000000476837158,0,0,0
78986,Cyclops Bat Wizard (9),Cyclops Bat Wizard,312223,10965,0,2,1.7000000476837158,0,0,0
91998,Cyclops Giant,Cyclops Giant,286340,11024,0,3,2.5,0,0,0
37386,Cyclops Giant (1),Cyclops Giant,318135,11024,0,3,2.5,0,0,0
37385,Cyclops Giant (10),Cyclops Giant,318132,11024,0,3,2.5,0,0,0
37384,Cyclops Giant (2),Cyclops Giant,318134,11024,0,3,2.5,0,0,0
37382,Cyclops Giant (3),Cyclops Giant,318131,11024,0,3,2.5,0,0,0
37388,Cyclops Giant (4),Cyclops Giant,318137,11024,0,3,2.5,0,0,0
37383,Cyclops Giant (5),Cyclops Giant,318133,11024,0,3,2.5,0,0,0
37387,Cyclops Giant (6),Cyclops Giant,318136,11024,0,3,2.5,0,0,0
37379,Cyclops Giant (7),Cyclops Giant,318128,11024,0,3,2.5,0,0,0
37380,Cyclops Giant (8),Cyclops Giant,318129,11024,0,3,2.5,0,0,0
37381,Cyclops Giant (9),Cyclops Giant,318130,11024,0,3,2.5,0,0,0
77263,Cyclops Minion,Cyclops Minion,269259,10663,0,2,1.7000000476837158,0,0,0
60415,Cyclops Minion (1),Cyclops Minion,283273,10663,0,2,1.7000000476837158,0,0,0
60420,Cyclops Minion (10),Cyclops Minion,283269,10663,0,2,1.7000000476837158,0,0,0
60419,Cyclops Minion (2),Cyclops Minion,283268,10663,0,2,1.7000000476837158,0,0,0
60413,Cyclops Minion (3),Cyclops Minion,283275,10663,0,2,1.7000000476837158,0,0,0
60414,Cyclops Minion (4),Cyclops Minion,283274,10663,0,2,1.7000000476837158,0,0,0
60416,Cyclops Minion (5),Cyclops Minion,283271,10663,0,2,1.7000000476837158,0,0,0
60411,Cyclops Minion (6),Cyclops Minion,283276,10663,0,2,1.7000000476837158,0,0,0
60417,Cyclops Minion (7),Cyclops Minion,283272,10663,0,2,1.7000000476837158,0,0,0
60418,Cyclops Minion (8),Cyclops Minion,283270,10663,0,2,1.7000000476837158,0,0,0
60412,Cyclops Minion (9),Cyclops Minion,283277,10663,0,2,1.7000000476837158,0,0,0
57057,Death,Death,270377,10630,0,1,1.2999999523162842,0,0,0
63173,Death (1),Death,280502,10630,0,1,1.2999999523162842,0,0,0
63161,Death (10),Death,280486,10630,0,1,1.2999999523162842,0,0,0
63163,Death (11),Death,280492,10630,0,1,1.2999999523162842,0,0,0
63162,Death (12),Death,280493,10630,0,1,1.2999999523162842,0,0,0
63166,Death (13),Death,280498,10630,0,1,1.2999999523162842,0,0,0
63164,Death (14),Death,280491,10630,0,1,1.2999999523162842,0,0,0
63171,Death (15),Death,280504,10630,0,1,1.2999999523162842,0,0,0
63167,Death (16),Death,280497,10630,0,1,1.2999999523162842,0,0,0
63172,Death (17),Death,280503,10630,0,1,1.2999999523162842,0,0,0
63169,Death (18),Death,280495,10630,0,1,1.2999999523162842,0,0,0
63165,Death (19),Death,280490,10630,0,1,1.2999999523162842,0,0,0
63157,Death (2),Death,280489,10630,0,1,1.2999999523162842,0,0,0
63176,Death (20),Death,280499,10630,0,1,1.2999999523162842,0,0,0
63158,Death (3),Death,280488,10630,0,1,1.2999999523162842,0,0,0
63159,Death (4),Death,280485,10630,0,1,1.2999999523162842,0,0,0
63168,Death (5),Death,280496,10630,0,1,1.2999999523162842,0,0,0
63174,Death (6),Death,280500,10630,0,1,1.2999999523162842,0,0,0
63160,Death (7),Death,280487,10630,0,1,1.2999999523162842,0,0,0
63170,Death (8),Death,280494,10630,0,1,1.2999999523162842,0,0,0
63175,Death (9),Death,280501,10630,0,1,1.2999999523162842,0,0,0
32155,Death Mage,Death Mage,319956,10631,0,3,2.5,0,0,0
52088,Death Mage (1),Death Mage,280550,10631,0,3,2.5,0,0,0
52091,Death Mage (10),Death Mage,280549,10631,0,3,2.5,0,0,0
52093,Death Mage (2),Death Mage,280556,10631,0,3,2.5,0,0,0
52089,Death Mage (3),Death Mage,280551,10631,0,3,2.5,0,0,0
52094,Death Mage (4),Death Mage,280554,10631,0,3,2.5,0,0,0
52096,Death Mage (5),Death Mage,280553,10631,0,3,2.5,0,0,0
52095,Death Mage (6),Death Mage,280555,10631,0,3,2.5,0,0,0
52092,Death Mage (7),Death Mage,280547,10631,0,3,2.5,0,0,0
52090,Death Mage (8),Death Mage,280552,10631,0,3,2.5,0,0,0
52087,Death Mage (9),Death Mage,280548,10631,0,3,2.5,0,0,0
32628,Dog Bark,Dog Bark,273605,10644,0,2,1.7000000476837158,0,0,0
20164,Dog Bark (1),Dog Bark,281302,10644,0,2,1.7000000476837158,0,0,0
20166,Dog Bark (10),Dog Bark,281303,10644,0,2,1.7000000476837158,0,0,0
20163,Dog Bark (2),Dog Bark,281304,10644,0,2,1.7000000476837158,0,0,0
20169,Dog Bark (3),Dog Bark,281307,10644,0,2,1.7000000476837158,0,0,0
20168,Dog Bark (4),Dog Bark,281305,10644,0,2,1.7000000476837158,0,0,0
20160,Dog Bark (5),Dog Bark,281298,10644,0,2,1.7000000476837158,0,0,0
20167,Dog Bark (6),Dog Bark,281306,10644,0,2,1.7000000476837158,0,0,0
20161,Dog Bark (7),Dog Bark,281299,10644,0,2,1.7000000476837158,0,0,0
20162,Dog Bark (8),Dog Bark,281300,10644,0,2,1.7000000476837158,0,0,0
20165,Dog Bark (9),Dog Bark,281301,10644,0,2,1.7000000476837158,0,0,0
32728,Dog Bowwow,Dog Bowwow,306527,10764,0,3,2.5,0,0,0
90183,Dog Bowwow (1),Dog Bowwow,292934,10764,0,3,2.5,0,0,0
90186,Dog Bowwow (10),Dog Bowwow,292936,10764,0,3,2.5,0,0,0
90189,Dog Bowwow (2),Dog Bowwow,292939,10764,0,3,2.5,0,0,0
90184,Dog Bowwow (3),Dog Bowwow,292938,10764,0,3,2.5,0,0,0
90185,Dog Bowwow (4),Dog Bowwow,292937,10764,0,3,2.5,0,0,0
90188,Dog Bowwow (5),Dog Bowwow,292940,10764,0,3,2.5,0,0,0
90191,Dog Bowwow (6),Dog Bowwow,292942,10764,0,3,2.5,0,0,0
90182,Dog Bowwow (7),Dog Bowwow,292935,10764,0,3,2.5,0,0,0
90190,Dog Bowwow (8),Dog Bowwow,292943,10764,0,3,2.5,0,0,0
90187,Dog Bowwow (9),Dog Bowwow,292941,10764,0,3,2.5,0,0,0
61484,Dog Pup,Dog Pup,296685,10521,0,1,1.2999999523162842,0,0,0
30125,Dog Pup (1),Dog Pup,271329,10521,0,1,1.2999999523162842,0,0,0
30132,Dog Pup (10),Dog Pup,271323,10521,0,1,1.2999999523162842,0,0,0
30137,Dog Pup (11),Dog Pup,271324,10521,0,1,1.2999999523162842,0,0,0
30129,Dog Pup (12),Dog Pup,271325,10521,0,1,1.2999999523162842,0,0,0
30136,Dog Pup (13),Dog Pup,271319,10521,0,1,1.2999999523162842,0,0,0
30126,Dog Pup (14),Dog Pup,271330,10521,0,1,1.2999999523162842,0,0,0
30130,Dog Pup (15),Dog Pup,271327,10521,0,1,1.2999999523162842,0,0,0
30127,Dog Pup (16),Dog Pup,271328,10521,0,1,1.2999999523162842,0,0,0
30134,Dog Pup (17),Dog Pup,271321,10521,0,1,1.2999999523162842,0,0,0
30120,Dog Pup (18),Dog Pup,271338,10521,0,1,1.2999999523162842,0,0,0
30135,Dog Pup (19),Dog Pup,271320,10521,0,1,1.2999999523162842,0,0,0
30118,Dog Pup (2),Dog Pup,271337,10521,0,1,1.2999999523162842,0,0,0
30123,Dog Pup (20),Dog Pup,271332,10521,0,1,1.2999999523162842,0,0,0
30122,Dog Pup (3),Dog Pup,271333,10521,0,1,1.2999999523162842,0,0,0
30133,Dog Pup (4),Dog Pup,271322,10521,0,1,1.2999999523162842,0,0,0
30128,Dog Pup (5),Dog Pup,271335,10521,0,1,1.2999999523162842,0,0,0
30124,Dog Pup (6),Dog Pup,271331,10521,0,1,1.2999999523162842,0,0,0
30131,Dog Pup (7),Dog Pup,271326,10521,0,1,1.2999999523162842,0,0,0
30121,Dog Pup (8),Dog Pup,271334,10521,0,1,1.2999999523162842,0,0,0
30119,Dog Pup (9),Dog Pup,271336,10521,0,1,1.2999999523162842,0,0,0
81096,Dragon Blizzard,Dragon Blizzard,275032,10836,0,3,2.5,0,0,0
41586,Dragon Blizzard (1),Dragon Blizzard,299645,10836,0,3,2.5,0,0,0
41579,Dragon Blizzard (10),Dragon Blizzard,299639,10836,0,3,2.5,0,0,0
41581,Dragon Blizzard (2),Dragon Blizzard,299640,10836,0,3,2.5,0,0,0
41583,Dragon Blizzard (3),Dragon Blizzard,299643,10836,0,3,2.5,0,0,0
41584,Dragon Blizzard (4),Dragon Blizzard,299644,10836,0,3,2.5,0,0,0
41582,Dragon Blizzard (5),Dragon Blizzard,299642,10836,0,3,2.5,0,0,0
41585,Dragon Blizzard (6),Dragon Blizzard,299646,10836,0,3,2.5,0,0,0
41580,Dragon Blizzard (7),Dragon Blizzard,299641,10836,0,3,2.5,0,0,0
41578,Dragon Blizzard (8),Dragon Blizzard,299638,10836,0,3,2.5,0,0,0
41577,Dragon Blizzard (9),Dragon Blizzard,299637,10836,0,3,2.5,0,0,0
19800,Dragon Darkness,Dragon Darkness,294107,10837,0,3,2.5,0,0,0
29355,Dragon Darkness (1),Dragon Darkness,299866,10837,0,3,2.5,0,0,0
29358,Dragon Darkness (10),Dragon Darkness,299862,10837,0,3,2.5,0,0,0
29360,Dragon Darkness (2),Dragon Darkness,299860,10837,0,3,2.5,0,0,0
29352,Dragon Darkness (3),Dragon Darkness,299865,10837,0,3,2.5,0,0,0
29357,Dragon Darkness (4),Dragon Darkness,299858,10837,0,3,2.5,0,0,0
29353,Dragon Darkness (5),Dragon Darkness,299864,10837,0,3,2.5,0,0,0
29354,Dragon Darkness (6),Dragon Darkness,299867,10837,0,3,2.5,0,0,0
29356,Dragon Darkness (7),Dragon Darkness,299859,10837,0,3,2.5,0,0,0
29351,Dragon Darkness (8),Dragon Darkness,299863,10837,0,3,2.5,0,0,0
29359,Dragon Darkness (9),Dragon Darkness,299861,10837,0,3,2.5,0,0,0
50557,Dragon Dusk,Dragon Dusk,273295,10707,0,1,1.2999999523162842,0,0,0
14700,Dragon Dusk (1),Dragon Dusk,287995,10707,0,1,1.2999999523162842,0,0,0
14709,Dragon Dusk (10),Dragon Dusk,287985,10707,0,1,1.2999999523162842,0,0,0
14702,Dragon Dusk (11),Dragon Dusk,287993,10707,0,1,1.2999999523162842,0,0,0
14710,Dragon Dusk (12),Dragon Dusk,287986,10707,0,1,1.2999999523162842,0,0,0
14693,Dragon Dusk (13),Dragon Dusk,288002,10707,0,1,1.2999999523162842,0,0,0
14698,Dragon Dusk (14),Dragon Dusk,287996,10707,0,1,1.2999999523162842,0,0,0
14701,Dragon Dusk (15),Dragon Dusk,287994,10707,0,1,1.2999999523162842,0,0,0
14705,Dragon Dusk (16),Dragon Dusk,287990,10707,0,1,1.2999999523162842,0,0,0
14704,Dragon Dusk (17),Dragon Dusk,287991,10707,0,1,1.2999999523162842,0,0,0
14703,Dragon Dusk (18),Dragon Dusk,287992,10707,0,1,1.2999999523162842,0,0,0
14692,Dragon Dusk (19),Dragon Dusk,288003,10707,0,1,1.2999999523162842,0,0,0
14708,Dragon Dusk (2),Dragon Dusk,287987,10707,0,1,1.2999999523162842,0,0,0
14696,Dragon Dusk (20),Dragon Dusk,287999,10707,0,1,1.2999999523162842,0,0,0
14697,Dragon Dusk (3),Dragon Dusk,287998,10707,0,1,1.2999999523162842,0,0,0
14694,Dragon Dusk (4),Dragon Dusk,288001,10707,0,1,1.2999999523162842,0,0,0
14691,Dragon Dusk (5),Dragon Dusk,288004,10707,0,1,1.2999999523162842,0,0,0
14695,Dragon Dusk (6),Dragon Dusk,288000,10707,0,1,1.2999999523162842,0,0,0
14707,Dragon Dusk (7),Dragon Dusk,287988,10707,0,1,1.2999999523162842,0,0,0
14706,Dragon Dusk (8),Dragon Dusk,287989,10707,0,1,1.2999999523162842,0,0,0
14699,Dragon Dusk (9),Dragon Dusk,287997,10707,0,1,1.2999999523162842,0,0,0
27482,Dragon Fire,Dragon Fire,285245,10695,0,2,1.7000000476837158,0,0,0
28475,Dragon Fire (1),Dragon Fire,286209,10695,0,2,1.7000000476837158,0,0,0
28467,Dragon Fire (10),Dragon Fire,286211,10695,0,2,1.7000000476837158,0,0,0
28468,Dragon Fire (2),Dragon Fire,286213,10695,0,2,1.7000000476837158,0,0,0
28469,Dragon Fire (3),Dragon Fire,286212,10695,0,2,1.7000000476837158,0,0,0
28473,Dragon Fire (4),Dragon Fire,286210,10695,0,2,1.7000000476837158,0,0,0
28476,Dragon Fire (5),Dragon Fire,286207,10695,0,2,1.7000000476837158,0,0,0
28471,Dragon Fire (6),Dragon Fire,286206,10695,0,2,1.7000000476837158,0,0,0
28472,Dragon Fire (7),Dragon Fire,286204,10695,0,2,1.7000000476837158,0,0,0
28474,Dragon Fire (8),Dragon Fire,286208,10695,0,2,1.7000000476837158,0,0,0
28470,Dragon Fire (9),Dragon Fire,286205,10695,0,2,1.7000000476837158,0,0,0
76409,Dragon Ice,Dragon Ice,295376,10652,0,2,1.7000000476837158,0,0,0
11760,Dragon Ice (1),Dragon Ice,282253,10652,0,2,1.7000000476837158,0,0,0
11758,Dragon Ice (10),Dragon Ice,282251,10652,0,2,1.7000000476837158,0,0,0
11755,Dragon Ice (2),Dragon Ice,282255,10652,0,2,1.7000000476837158,0,0,0
11757,Dragon Ice (3),Dragon Ice,282252,10652,0,2,1.7000000476837158,0,0,0
11763,Dragon Ice (4),Dragon Ice,282257,10652,0,2,1.7000000476837158,0,0,0
11761,Dragon Ice (5),Dragon Ice,282259,10652,0,2,1.7000000476837158,0,0,0
11759,Dragon Ice (6),Dragon Ice,282250,10652,0,2,1.7000000476837158,0,0,0
11756,Dragon Ice (7),Dragon Ice,282256,10652,0,2,1.7000000476837158,0,0,0
11762,Dragon Ice (8),Dragon Ice,282258,10652,0,2,1.7000000476837158,0,0,0
11754,Dragon Ice (9),Dragon Ice,282254,10652,0,2,1.7000000476837158,0,0,0
23996,Dragon Inferno,Dragon Inferno,311855,10918,0,3,2.5,0,0,0
30592,Dragon Inferno (1),Dragon Inferno,307794,10918,0,3,2.5,0,0,0
30585,Dragon Inferno (10),Dragon Inferno,307790,10918,0,3,2.5,0,0,0
30591,Dragon Inferno (2),Dragon Inferno,307795,10918,0,3,2.5,0,0,0
30593,Dragon Inferno (3),Dragon Inferno,307793,10918,0,3,2.5,0,0,0
30589,Dragon Inferno (4),Dragon Inferno,307787,10918,0,3,2.5,0,0,0
30594,Dragon Inferno (5),Dragon Inferno,307792,10918,0,3,2.5,0,0,0
30588,Dragon Inferno (6),Dragon Inferno,307788,10918,0,3,2.5,0,0,0
30586,Dragon Inferno (7),Dragon Inferno,307791,10918,0,3,2.5,0,0,0
30590,Dragon Inferno (8),Dragon Inferno,307786,10918,0,3,2.5,0,0,0
30587,Dragon Inferno (9),Dragon Inferno,307789,10918,0,3,2.5,0,0,0
51504,Dragon Nightfall,Dragon Nightfall,306450,10847,0,2,1.7000000476837158,0,0,0
83698,Dragon Nightfall (1),Dragon Nightfall,300509,10847,0,2,1.7000000476837158,0,0,0
83699,Dragon Nightfall (10),Dragon Nightfall,300510,10847,0,2,1.7000000476837158,0,0,0
83703,Dragon Nightfall (2),Dragon Nightfall,300504,10847,0,2,1.7000000476837158,0,0,0
83704,Dragon Nightfall (3),Dragon Nightfall,300506,10847,0,2,1.7000000476837158,0,0,0
83701,Dragon Nightfall (4),Dragon Nightfall,300512,10847,0,2,1.7000000476837158,0,0,0
83706,Dragon Nightfall (5),Dragon Nightfall,300508,10847,0,2,1.7000000476837158,0,0,0
83707,Dragon Nightfall (6),Dragon Nightfall,300507,10847,0,2,1.7000000476837158,0,0,0
83702,Dragon Nightfall (7),Dragon Nightfall,300503,10847,0,2,1.7000000476837158,0,0,0
83705,Dragon Nightfall (8),Dragon Nightfall,300505,10847,0,2,1.7000000476837158,0,0,0
83700,Dragon Nightfall (9),Dragon Nightfall,300511,10847,0,2,1.7000000476837158,0,0,0
28161,Dragon Spark,Dragon Spark,311434,10895,0,1,1.2999999523162842,0,0,0
21287,Dragon Spark (1),Dragon Spark,305868,10895,0,1,1.2999999523162842,0,0,0
21277,Dragon Spark (10),Dragon Spark,305878,10895,0,1,1.2999999523162842,0,0,0
21270,Dragon Spark (11),Dragon Spark,305887,10895,0,1,1.2999999523162842,0,0,0
21280,Dragon Spark (12),Dragon Spark,305876,10895,0,1,1.2999999523162842,0,0,0
21282,Dragon Spark (13),Dragon Spark,305875,10895,0,1,1.2999999523162842,0,0,0
21271,Dragon Spark (14),Dragon Spark,305886,10895,0,1,1.2999999523162842,0,0,0
21272,Dragon Spark (15),Dragon Spark,305885,10895,0,1,1.2999999523162842,0,0,0
21284,Dragon Spark (16),Dragon Spark,305871,10895,0,1,1.2999999523162842,0,0,0
21281,Dragon Spark (17),Dragon Spark,305877,10895,0,1,1.2999999523162842,0,0,0
21283,Dragon Spark (18),Dragon Spark,305874,10895,0,1,1.2999999523162842,0,0,0
21285,Dragon Spark (19),Dragon Spark,305872,10895,0,1,1.2999999523162842,0,0,0
21279,Dragon Spark (2),Dragon Spark,305880,10895,0,1,1.2999999523162842,0,0,0
21274,Dragon Spark (20),Dragon Spark,305882,10895,0,1,1.2999999523162842,0,0,0
21273,Dragon Spark (3),Dragon Spark,305884,10895,0,1,1.2999999523162842,0,0,0
21275,Dragon Spark (4),Dragon Spark,305883,10895,0,1,1.2999999523162842,0,0,0
21286,Dragon Spark (5),Dragon Spark,305873,10895,0,1,1.2999999523162842,0,0,0
21288,Dragon Spark (6),Dragon Spark,305869,10895,0,1,1.2999999523162842,0,0,0
21278,Dragon Spark (7),Dragon Spark,305879,10895,0,1,1.2999999523162842,0,0,0
21276,Dragon Spark (8),Dragon Spark,305881,10895,0,1,1.2999999523162842,0,0,0
21289,Dragon Spark (9),Dragon Spark,305870,10895,0,1,1.2999999523162842,0,0,0
29927,Dragon Water,Dragon Water,276739,10665,0,1,1.2999999523162842,0,0,0
38764,Dragon Water (1),Dragon Water,283691,10665,0,1,1.2999999523162842,0,0,0
38760,Dragon Water (10),Dragon Water,283699,10665,0,1,1.2999999523162842,0,0,0
38761,Dragon Water (11),Dragon Water,283689,10665,0,1,1.2999999523162842,0,0,0
38767,Dragon Water (12),Dragon Water,283693,10665,0,1,1.2999999523162842,0,0,0
38772,Dragon Water (13),Dragon Water,283700,10665,0,1,1.2999999523162842,0,0,0
38776,Dragon Water (14),Dragon Water,283704,10665,0,1,1.2999999523162842,0,0,0
38771,Dragon Water (15),Dragon Water,283706,10665,0,1,1.2999999523162842,0,0,0
38775,Dragon Water (16),Dragon Water,283701,10665,0,1,1.2999999523162842,0,0,0
38774,Dragon Water (17),Dragon Water,283702,10665,0,1,1.2999999523162842,0,0,0
38766,Dragon Water (18),Dragon Water,283692,10665,0,1,1.2999999523162842,0,0,0
38757,Dragon Water (19),Dragon Water,283696,10665,0,1,1.2999999523162842,0,0,0
38765,Dragon Water (2),Dragon Water,283690,10665,0,1,1.2999999523162842,0,0,0
38768,Dragon Water (20),Dragon Water,283695,10665,0,1,1.2999999523162842,0,0,0
38770,Dragon Water (3),Dragon Water,283705,10665,0,1,1.2999999523162842,0,0,0
38762,Dragon Water (4),Dragon Water,283688,10665,0,1,1.2999999523162842,0,0,0
38758,Dragon Water (5),Dragon Water,283697,10665,0,1,1.2999999523162842,0,0,0
38773,Dragon Water (6),Dragon Water,283703,10665,0,1,1.2999999523162842,0,0,0
38769,Dragon Water (7),Dragon Water,283694,10665,0,1,1.2999999523162842,0,0,0
38759,Dragon Water (8),Dragon Water,283698,10665,0,1,1.2999999523162842,0,0,0
38763,Dragon Water (9),Dragon Water,283687,10665,0,1,1.2999999523162842,0,0,0
19957,Eyeball Mage Green (energy boss),Eyeball Mage Green (energy boss),303586,10729,3,3,4.0,0,0,0
81127,Eyeball Mage Green (energy boss) (1),Eyeball Mage Green (energy boss),290534,10729,3,3,4.0,0,0,0
81131,Eyeball Mage Green (energy boss) (10),Eyeball Mage Green (energy boss),290533,10729,3,3,4.0,0,0,0
81126,Eyeball Mage Green (energy boss) (2),Eyeball Mage Green (energy boss),290532,10729,3,3,4.0,0,0,0
81125,Eyeball Mage Green (energy boss) (3),Eyeball Mage Green (energy boss),290531,10729,3,3,4.0,0,0,0
81128,Eyeball Mage Green (energy boss) (4),Eyeball Mage Green (energy boss),290535,10729,3,3,4.0,0,0,0
81122,Eyeball Mage Green (energy boss) (5),Eyeball Mage Green (energy boss),290540,10729,3,3,4.0,0,0,0
81124,Eyeball Mage Green (energy boss) (6),Eyeball Mage Green (energy boss),290538,10729,3,3,4.0,0,0,0
81123,Eyeball Mage Green (energy boss) (7),Eyeball Mage Green (energy boss),290539,10729,3,3,4.0,0,0,0
81129,Eyeball Mage Green (energy boss) (8),Eyeball Mage Green (energy boss),290536,10729,3,3,4.0,0,0,0
81130,Eyeball Mage Green (energy boss) (9),Eyeball Mage Green (energy boss),290537,10729,3,3,4.0,0,0,0
33055,Fire,Fire,273524,10658,0,1,1.2999999523162842,0,0,0
15830,Fire (1),Fire,283047,10658,0,1,1.2999999523162842,0,0,0
15829,Fire (10),Fire,283048,10658,0,1,1.2999999523162842,0,0,0
15821,Fire (11),Fire,283039,10658,0,1,1.2999999523162842,0,0,0
15834,Fire (12),Fire,283031,10658,0,1,1.2999999523162842,0,0,0
15832,Fire (13),Fire,283033,10658,0,1,1.2999999523162842,0,0,0
15838,Fire (14),Fire,283038,10658,0,1,1.2999999523162842,0,0,0
15825,Fire (15),Fire,283046,10658,0,1,1.2999999523162842,0,0,0
15827,Fire (16),Fire,283044,10658,0,1,1.2999999523162842,0,0,0
15831,Fire (17),Fire,283029,10658,0,1,1.2999999523162842,0,0,0
15839,Fire (18),Fire,283037,10658,0,1,1.2999999523162842,0,0,0
15828,Fire (19),Fire,283043,10658,0,1,1.2999999523162842,0,0,0
15826,Fire (2),Fire,283045,10658,0,1,1.2999999523162842,0,0,0
15823,Fire (20),Fire,283041,10658,0,1,1.2999999523162842,0,0,0
15837,Fire (3),Fire,283034,10658,0,1,1.2999999523162842,0,0,0
15835,Fire (4),Fire,283030,10658,0,1,1.2999999523162842,0,0,0
15822,Fire (5),Fire,283042,10658,0,1,1.2999999523162842,0,0,0
15836,Fire (6),Fire,283035,10658,0,1,1.2999999523162842,0,0,0
15824,Fire (7),Fire,283040,10658,0,1,1.2999999523162842,0,0,0
15840,Fire (8),Fire,283036,10658,0,1,1.2999999523162842,0,0,0
15833,Fire (9),Fire,283032,10658,0,1,1.2999999523162842,0,0,0
61845,Fire Mage,Fire Mage,270135,10914,0,3,2.5,0,0,0
41905,Fire Mage (1),Fire Mage,307473,10914,0,3,2.5,0,0,0
41909,Fire Mage (10),Fire Mage,307468,10914,0,3,2.5,0,0,0
41907,Fire Mage (2),Fire Mage,307474,10914,0,3,2.5,0,0,0
41906,Fire Mage (3),Fire Mage,307472,10914,0,3,2.5,0,0,0
41908,Fire Mage (4),Fire Mage,307465,10914,0,3,2.5,0,0,0
41912,Fire Mage (5),Fire Mage,307470,10914,0,3,2.5,0,0,0
41911,Fire Mage (6),Fire Mage,307467,10914,0,3,2.5,0,0,0
41914,Fire Mage (7),Fire Mage,307471,10914,0,3,2.5,0,0,0
41913,Fire Mage (8),Fire Mage,307469,10914,0,3,2.5,0,0,0
41910,Fire Mage (9),Fire Mage,307466,10914,0,3,2.5,0,0,0
89697,Flame,Flame,274383,11009,0,2,1.7000000476837158,0,0,0
11531,Flame (1),Flame,316532,11009,0,2,1.7000000476837158,0,0,0
11527,Flame (10),Flame,316530,11009,0,2,1.7000000476837158,0,0,0
11532,Flame (2),Flame,316531,11009,0,2,1.7000000476837158,0,0,0
11536,Flame (3),Flame,316533,11009,0,2,1.7000000476837158,0,0,0
11529,Flame (4),Flame,316528,11009,0,2,1.7000000476837158,0,0,0
11530,Flame (5),Flame,316529,11009,0,2,1.7000000476837158,0,0,0
11534,Flame (6),Flame,316534,11009,0,2,1.7000000476837158,0,0,0
11533,Flame (7),Flame,316536,11009,0,2,1.7000000476837158,0,0,0
11535,Flame (8),Flame,316535,11009,0,2,1.7000000476837158,0,0,0
11528,Flame (9),Flame,316527,11009,0,2,1.7000000476837158,0,0,0
58459,Fledgling,Fledgling,292235,292235,0,2,1.5,0,0,0
29988,Fledgling (1),Fledgling,309679,309679,0,2,1.5,0,0,0
29991,Fledgling (10),Fledgling,309674,309674,0,2,1.5,0,0,0
29989,Fledgling (2),Fledgling,309681,309681,0,2,1.5,0,0,0
29993,Fledgling (3),Fledgling,309677,309677,0,2,1.5,0,0,0
29987,Fledgling (4),Fledgling,309678,309678,0,2,1.5,0,0,0
29990,Fledgling (5),Fledgling,309673,309673,0,2,1.5,0,0,0
29992,Fledgling (6),Fledgling,309672,309672,0,2,1.5,0,0,0
29994,Fledgling (7),Fledgling,309675,309675,0,2,1.5,0,0,0
29986,Fledgling (8),Fledgling,309680,309680,0,2,1.5,0,0,0
29995,Fledgling (9),Fledgling,309676,309676,0,2,1.5,0,0,0
21425,Ghost,Ghost,289333,10504,0,1,1.899999976158142,0,0,0
35162,Ghost (1),Ghost,269844,10504,0,1,1.899999976158142,0,0,0
35166,Ghost (10),Ghost,269846,10504,0,1,1.899999976158142,0,0,0
35163,Ghost (11),Ghost,269841,10504,0,1,1.899999976158142,0,0,0
35176,Ghost (12),Ghost,269854,10504,0,1,1.899999976158142,0,0,0
35172,Ghost (13),Ghost,269853,10504,0,1,1.899999976158142,0,0,0
35179,Ghost (14),Ghost,269856,10504,0,1,1.899999976158142,0,0,0
35164,Ghost (15),Ghost,269842,10504,0,1,1.899999976158142,0,0,0
35171,Ghost (16),Ghost,269849,10504,0,1,1.899999976158142,0,0,0
35175,Ghost (17),Ghost,269855,10504,0,1,1.899999976158142,0,0,0
35178,Ghost (18),Ghost,269858,10504,0,1,1.899999976158142,0,0,0
35168,Ghost (19),Ghost,269848,10504,0,1,1.899999976158142,0,0,0
35169,Ghost (2),Ghost,269845,10504,0,1,1.899999976158142,0,0,0
35177,Ghost (20),Ghost,269857,10504,0,1,1.899999976158142,0,0,0
35173,Ghost (3),Ghost,269851,10504,0,1,1.899999976158142,0,0,0
35170,Ghost (4),Ghost,269850,10504,0,1,1.899999976158142,0,0,0
35167,Ghost (5),Ghost,269847,10504,0,1,1.899999976158142,0,0,0
35181,Ghost (6),Ghost,269860,10504,0,1,1.899999976158142,0,0,0
35180,Ghost (7),Ghost,269859,10504,0,1,1.899999976158142,0,0,0
35165,Ghost (8),Ghost,269843,10504,0,1,1.899999976158142,0,0,0
35174,Ghost (9),Ghost,269852,10504,0,1,1.899999976158142,0,0,0
53054,Gloom,Gloom,272334,10559,0,1,1.2999999523162842,0,0,0
54446,Gloom (1),Gloom,274787,10559,0,1,1.2999999523162842,0,0,0
54431,Gloom (10),Gloom,274799,10559,0,1,1.2999999523162842,0,0,0
54430,Gloom (11),Gloom,274796,10559,0,1,1.2999999523162842,0,0,0
54443,Gloom (12),Gloom,274783,10559,0,1,1.2999999523162842,0,0,0
54439,Gloom (13),Gloom,274794,10559,0,1,1.2999999523162842,0,0,0
54432,Gloom (14),Gloom,274798,10559,0,1,1.2999999523162842,0,0,0
54444,Gloom (15),Gloom,274785,10559,0,1,1.2999999523162842,0,0,0
54437,Gloom (16),Gloom,274789,10559,0,1,1.2999999523162842,0,0,0
54445,Gloom (17),Gloom,274788,10559,0,1,1.2999999523162842,0,0,0
54440,Gloom (18),Gloom,274792,10559,0,1,1.2999999523162842,0,0,0
54433,Gloom (19),Gloom,274795,10559,0,1,1.2999999523162842,0,0,0
54438,Gloom (2),Gloom,274793,10559,0,1,1.2999999523162842,0,0,0
54442,Gloom (20),Gloom,274784,10559,0,1,1.2999999523162842,0,0,0
54434,Gloom (3),Gloom,274800,10559,0,1,1.2999999523162842,0,0,0
54436,Gloom (4),Gloom,274790,10559,0,1,1.2999999523162842,0,0,0
54441,Gloom (5),Gloom,274782,10559,0,1,1.2999999523162842,0,0,0
54435,Gloom (6),Gloom,274791,10559,0,1,1.2999999523162842,0,0,0
54448,Gloom (7),Gloom,274781,10559,0,1,1.2999999523162842,0,0,0
54429,Gloom (8),Gloom,274797,10559,0,1,1.2999999523162842,0,0,0
54447,Gloom (9),Gloom,274786,10559,0,1,1.2999999523162842,0,0,0
59487,Goblin Trooper Mage (gold boss),Goblin Trooper Mage (gold boss),318147,10755,2,3,4.0,0,0,0
15421,Goblin Trooper Mage (gold boss) (1),Goblin Trooper Mage (gold boss),292553,10755,2,3,4.0,0,0,0
15420,Goblin Trooper Mage (gold boss) (10),Goblin Trooper Mage (gold boss),292557,10755,2,3,4.0,0,0,0
15414,Goblin Trooper Mage (gold boss) (11),Goblin Trooper Mage (gold boss),292563,10755,2,3,4.0,0,0,0
15426,Goblin Trooper Mage (gold boss) (12),Goblin Trooper Mage (gold boss),292554,10755,2,3,4.0,0,0,0
15416,Goblin Trooper Mage (gold boss) (13),Goblin Trooper Mage (gold boss),292558,10755,2,3,4.0,0,0,0
15419,Goblin Trooper Mage (gold boss) (14),Goblin Trooper Mage (gold boss),292555,10755,2,3,4.0,0,0,0
15424,Goblin Trooper Mage (gold boss) (15),Goblin Trooper Mage (gold boss),292549,10755,2,3,4.0,0,0,0
15412,Goblin Trooper Mage (gold boss) (2),Goblin Trooper Mage (gold boss),292562,10755,2,3,4.0,0,0,0
15418,Goblin Trooper Mage (gold boss) (3),Goblin Trooper Mage (gold boss),292556,10755,2,3,4.0,0,0,0
15413,Goblin Trooper Mage (gold boss) (4),Goblin Trooper Mage (gold boss),292561,10755,2,3,4.0,0,0,0
15417,Goblin Trooper Mage (gold boss) (5),Goblin Trooper Mage (gold boss),292560,10755,2,3,4.0,0,0,0
15422,Goblin Trooper Mage (gold boss) (6),Goblin Trooper Mage (gold boss),292552,10755,2,3,4.0,0,0,0
15415,Goblin Trooper Mage (gold boss) (7),Goblin Trooper Mage (gold boss),292559,10755,2,3,4.0,0,0,0
15423,Goblin Trooper Mage (gold boss) (8),Goblin Trooper Mage (gold boss),292551,10755,2,3,4.0,0,0,0
15425,Goblin Trooper Mage (gold boss) (9),Goblin Trooper Mage (gold boss),292550,10755,2,3,4.0,0,0,0
52311,Goblin golden variant,Goblin golden variant,291708,10989,2,3,4.5,1,0,0
15843,Goblin golden variant (1),Goblin golden variant,314300,10989,2,3,4.5,1,0,0
15842,Goblin golden variant (2),Goblin golden variant,314299,10989,2,3,4.5,1,0,0
15845,Goblin golden variant (3),Goblin golden variant,314302,10989,2,3,4.5,1,0,0
15844,Goblin golden variant (4),Goblin golden variant,314301,10989,2,3,4.5,1,0,0
84723,Golem Earth,Golem Earth,282490,10981,0,1,1.2999999523162842,0,0,0
34758,Golem Earth (1),Golem Earth,313682,10981,0,1,1.2999999523162842,0,0,0
34768,Golem Earth (10),Golem Earth,313690,10981,0,1,1.2999999523162842,0,0,0
34756,Golem Earth (11),Golem Earth,313683,10981,0,1,1.2999999523162842,0,0,0
34753,Golem Earth (12),Golem Earth,313686,10981,0,1,1.2999999523162842,0,0,0
34755,Golem Earth (13),Golem Earth,313685,10981,0,1,1.2999999523162842,0,0,0
34754,Golem Earth (14),Golem Earth,313684,10981,0,1,1.2999999523162842,0,0,0
34759,Golem Earth (15),Golem Earth,313681,10981,0,1,1.2999999523162842,0,0,0
34766,Golem Earth (16),Golem Earth,313695,10981,0,1,1.2999999523162842,0,0,0
34765,Golem Earth (17),Golem Earth,313694,10981,0,1,1.2999999523162842,0,0,0
34767,Golem Earth (18),Golem Earth,313696,10981,0,1,1.2999999523162842,0,0,0
34752,Golem Earth (19),Golem Earth,313687,10981,0,1,1.2999999523162842,0,0,0
34769,Golem Earth (2),Golem Earth,313691,10981,0,1,1.2999999523162842,0,0,0
34757,Golem Earth (20),Golem Earth,313680,10981,0,1,1.2999999523162842,0,0,0
34762,Golem Earth (3),Golem Earth,313697,10981,0,1,1.2999999523162842,0,0,0
34763,Golem Earth (4),Golem Earth,313692,10981,0,1,1.2999999523162842,0,0,0
34771,Golem Earth (5),Golem Earth,313689,10981,0,1,1.2999999523162842,0,0,0
34760,Golem Earth (6),Golem Earth,313678,10981,0,1,1.2999999523162842,0,0,0
34761,Golem Earth (7),Golem Earth,313679,10981,0,1,1.2999999523162842,0,0,0
34770,Golem Earth (8),Golem Earth,313688,10981,0,1,1.2999999523162842,0,0,0
34764,Golem Earth (9),Golem Earth,313693,10981,0,1,1.2999999523162842,0,0,0
68661,Golem Fire,Golem Fire,315211,10694,0,3,2.5,0,0,0
11672,Golem Fire (1),Golem Fire,286194,10694,0,3,2.5,0,0,0
11676,Golem Fire (10),Golem Fire,286188,10694,0,3,2.5,0,0,0
11673,Golem Fire (2),Golem Fire,286193,10694,0,3,2.5,0,0,0
11675,Golem Fire (3),Golem Fire,286189,10694,0,3,2.5,0,0,0
11671,Golem Fire (4),Golem Fire,286196,10694,0,3,2.5,0,0,0
11674,Golem Fire (5),Golem Fire,286192,10694,0,3,2.5,0,0,0
11677,Golem Fire (6),Golem Fire,286191,10694,0,3,2.5,0,0,0
11669,Golem Fire (7),Golem Fire,286195,10694,0,3,2.5,0,0,0
11678,Golem Fire (8),Golem Fire,286190,10694,0,3,2.5,0,0,0
11670,Golem Fire (9),Golem Fire,286197,10694,0,3,2.5,0,0,0
69941,Golem Ice,Golem Ice,293319,10608,0,2,1.7000000476837158,0,0,0
12466,Golem Ice (1),Golem Ice,278337,10608,0,2,1.7000000476837158,0,0,0
12467,Golem Ice (10),Golem Ice,278336,10608,0,2,1.7000000476837158,0,0,0
12465,Golem Ice (2),Golem Ice,278338,10608,0,2,1.7000000476837158,0,0,0
12459,Golem Ice (3),Golem Ice,278342,10608,0,2,1.7000000476837158,0,0,0
12464,Golem Ice (4),Golem Ice,278333,10608,0,2,1.7000000476837158,0,0,0
12458,Golem Ice (5),Golem Ice,278339,10608,0,2,1.7000000476837158,0,0,0
12461,Golem Ice (6),Golem Ice,278340,10608,0,2,1.7000000476837158,0,0,0
12463,Golem Ice (7),Golem Ice,278334,10608,0,2,1.7000000476837158,0,0,0
12462,Golem Ice (8),Golem Ice,278335,10608,0,2,1.7000000476837158,0,0,0
12460,Golem Ice (9),Golem Ice,278341,10608,0,2,1.7000000476837158,0,0,0
77439,Grim Reaper,Grim Reaper,285210,11044,0,2,1.7000000476837158,0,0,0
49995,Grim Reaper (1),Grim Reaper,319734,11044,0,2,1.7000000476837158,0,0,0
49999,Grim Reaper (10),Grim Reaper,319737,11044,0,2,1.7000000476837158,0,0,0
50002,Grim Reaper (2),Grim Reaper,319741,11044,0,2,1.7000000476837158,0,0,0
49998,Grim Reaper (3),Grim Reaper,319736,11044,0,2,1.7000000476837158,0,0,0
49994,Grim Reaper (4),Grim Reaper,319732,11044,0,2,1.7000000476837158,0,0,0
49997,Grim Reaper (5),Grim Reaper,319738,11044,0,2,1.7000000476837158,0,0,0
49993,Grim Reaper (6),Grim Reaper,319733,11044,0,2,1.7000000476837158,0,0,0
50001,Grim Reaper (7),Grim Reaper,319740,11044,0,2,1.7000000476837158,0,0,0
49996,Grim Reaper (8),Grim Reaper,319735,11044,0,2,1.7000000476837158,0,0,0
50000,Grim Reaper (9),Grim Reaper,319739,11044,0,2,1.7000000476837158,0,0,0
52280,Haunt,Haunt,281297,10547,0,2,1.7000000476837158,0,0,0
79329,Haunt (1),Haunt,273598,10547,0,2,1.7000000476837158,0,0,0
79323,Haunt (10),Haunt,273602,10547,0,2,1.7000000476837158,0,0,0
79322,Haunt (2),Haunt,273601,10547,0,2,1.7000000476837158,0,0,0
79325,Haunt (3),Haunt,273604,10547,0,2,1.7000000476837158,0,0,0
79327,Haunt (4),Haunt,273596,10547,0,2,1.7000000476837158,0,0,0
79326,Haunt (5),Haunt,273595,10547,0,2,1.7000000476837158,0,0,0
79320,Haunt (6),Haunt,273599,10547,0,2,1.7000000476837158,0,0,0
79324,Haunt (7),Haunt,273603,10547,0,2,1.7000000476837158,0,0,0
79321,Haunt (8),Haunt,273600,10547,0,2,1.7000000476837158,0,0,0
79328,Haunt (9),Haunt,273597,10547,0,2,1.7000000476837158,0,0,0
29819,Hermit King,Hermit King,277857,11005,0,3,2.5,0,0,0
92402,Hermit King (1),Hermit King,315898,11005,0,3,2.5,0,0,0
92397,Hermit King (10),Hermit King,315903,11005,0,3,2.5,0,0,0
92398,Hermit King (2),Hermit King,315904,11005,0,3,2.5,0,0,0
92393,Hermit King (3),Hermit King,315899,11005,0,3,2.5,0,0,0
92399,Hermit King (4),Hermit King,315895,11005,0,3,2.5,0,0,0
92394,Hermit King (5),Hermit King,315900,11005,0,3,2.5,0,0,0
92396,Hermit King (6),Hermit King,315902,11005,0,3,2.5,0,0,0
92395,Hermit King (7),Hermit King,315901,11005,0,3,2.5,0,0,0
92400,Hermit King (8),Hermit King,315896,11005,0,3,2.5,0,0,0
92401,Hermit King (9),Hermit King,315897,11005,0,3,2.5,0,0,0
13782,Horror,Horror,279444,10589,0,2,1.7000000476837158,0,0,0
20148,Horror (1),Horror,277119,10589,0,2,1.7000000476837158,0,0,0
20149,Horror (10),Horror,277120,10589,0,2,1.7000000476837158,0,0,0
20152,Horror (2),Horror,277123,10589,0,2,1.7000000476837158,0,0,0
20150,Horror (3),Horror,277121,10589,0,2,1.7000000476837158,0,0,0
20157,Horror (4),Horror,277128,10589,0,2,1.7000000476837158,0,0,0
20151,Horror (5),Horror,277122,10589,0,2,1.7000000476837158,0,0,0
20155,Horror (6),Horror,277126,10589,0,2,1.7000000476837158,0,0,0
20153,Horror (7),Horror,277124,10589,0,2,1.7000000476837158,0,0,0
20156,Horror (8),Horror,277127,10589,0,2,1.7000000476837158,0,0,0
20154,Horror (9),Horror,277125,10589,0,2,1.7000000476837158,0,0,0
53081,Ice,Ice,303823,10530,0,1,1.2999999523162842,0,0,0
20621,Ice (1),Ice,272259,10530,0,1,1.2999999523162842,0,0,0
20639,Ice (10),Ice,272254,10530,0,1,1.2999999523162842,0,0,0
20631,Ice (11),Ice,272248,10530,0,1,1.2999999523162842,0,0,0
20630,Ice (12),Ice,272249,10530,0,1,1.2999999523162842,0,0,0
20628,Ice (13),Ice,272263,10530,0,1,1.2999999523162842,0,0,0
20626,Ice (14),Ice,272265,10530,0,1,1.2999999523162842,0,0,0
20627,Ice (15),Ice,272266,10530,0,1,1.2999999523162842,0,0,0
20623,Ice (16),Ice,272261,10530,0,1,1.2999999523162842,0,0,0
20622,Ice (17),Ice,272258,10530,0,1,1.2999999523162842,0,0,0
20638,Ice (18),Ice,272255,10530,0,1,1.2999999523162842,0,0,0
20625,Ice (19),Ice,272262,10530,0,1,1.2999999523162842,0,0,0
20632,Ice (2),Ice,272247,10530,0,1,1.2999999523162842,0,0,0
20637,Ice (20),Ice,272256,10530,0,1,1.2999999523162842,0,0,0
20629,Ice (3),Ice,272264,10530,0,1,1.2999999523162842,0,0,0
20636,Ice (4),Ice,272257,10530,0,1,1.2999999523162842,0,0,0
20633,Ice (5),Ice,272251,10530,0,1,1.2999999523162842,0,0,0
20635,Ice (6),Ice,272250,10530,0,1,1.2999999523162842,0,0,0
20624,Ice (7),Ice,272260,10530,0,1,1.2999999523162842,0,0,0
20634,Ice (8),Ice,272252,10530,0,1,1.2999999523162842,0,0,0
20640,Ice (9),Ice,272253,10530,0,1,1.2999999523162842,0,0,0
78779,Ice Mage,Ice Mage,272699,10923,0,3,2.5,0,0,0
13101,Ice Mage (1),Ice Mage,308103,10923,0,3,2.5,0,0,0
13099,Ice Mage (10),Ice Mage,308106,10923,0,3,2.5,0,0,0
13104,Ice Mage (2),Ice Mage,308108,10923,0,3,2.5,0,0,0
13102,Ice Mage (3),Ice Mage,308104,10923,0,3,2.5,0,0,0
13096,Ice Mage (4),Ice Mage,308100,10923,0,3,2.5,0,0,0
13098,Ice Mage (5),Ice Mage,308101,10923,0,3,2.5,0,0,0
13097,Ice Mage (6),Ice Mage,308102,10923,0,3,2.5,0,0,0
13103,Ice Mage (7),Ice Mage,308107,10923,0,3,2.5,0,0,0
13105,Ice Mage (8),Ice Mage,308109,10923,0,3,2.5,0,0,0
13100,Ice Mage (9),Ice Mage,308105,10923,0,3,2.5,0,0,0
17381,Icicle,Icicle,293155,11043,0,2,1.7000000476837158,0,0,0
44646,Icicle (1),Icicle,319594,11043,0,2,1.7000000476837158,0,0,0
44648,Icicle (10),Icicle,319596,11043,0,2,1.7000000476837158,0,0,0
44645,Icicle (2),Icicle,319603,11043,0,2,1.7000000476837158,0,0,0
44651,Icicle (3),Icicle,319599,11043,0,2,1.7000000476837158,0,0,0
44650,Icicle (4),Icicle,319597,11043,0,2,1.7000000476837158,0,0,0
44643,Icicle (5),Icicle,319601,11043,0,2,1.7000000476837158,0,0,0
44647,Icicle (6),Icicle,319595,11043,0,2,1.7000000476837158,0,0,0
44649,Icicle (7),Icicle,319598,11043,0,2,1.7000000476837158,0,0,0
44652,Icicle (8),Icicle,319600,11043,0,2,1.7000000476837158,0,0,0
44644,Icicle (9),Icicle,319602,11043,0,2,1.7000000476837158,0,0,0
3007,Image,Image,11009,0,0,2,1.7000000476837158,0,0,0
3015,Image,Image,10694,0,0,3,2.5,0,0,0
3263,Image,Image,10827,0,0,1,1.2999999523162842,0,0,0
3654,Image,Image,11032,0,0,3,2.5,0,0,0
4084,Image,Image,10778,0,0,2,1.7000000476837158,0,0,0
4362,Image,Image,11043,0,0,2,1.7000000476837158,0,0,0
4787,Image,Image,10671,0,7,3,4.0,0,0,0
5868,Image,Image,10729,0,3,3,4.0,0,0,0
79961,Imp Demon,Imp Demon,287044,10601,0,2,1.7000000476837158,0,0,0
65032,Imp Demon (1),Imp Demon,277665,10601,0,2,1.7000000476837158,0,0,0
65029,Imp Demon (10),Imp Demon,277668,10601,0,2,1.7000000476837158,0,0,0
65037,Imp Demon (2),Imp Demon,277661,10601,0,2,1.7000000476837158,0,0,0
65036,Imp Demon (3),Imp Demon,277660,10601,0,2,1.7000000476837158,0,0,0
65033,Imp Demon (4),Imp Demon,277664,10601,0,2,1.7000000476837158,0,0,0
65035,Imp Demon (5),Imp Demon,277662,10601,0,2,1.7000000476837158,0,0,0
65031,Imp Demon (6),Imp Demon,277666,10601,0,2,1.7000000476837158,0,0,0
65034,Imp Demon (7),Imp Demon,277663,10601,0,2,1.7000000476837158,0,0,0
65028,Imp Demon (8),Imp Demon,277669,10601,0,2,1.7000000476837158,0,0,0
65030,Imp Demon (9),Imp Demon,277667,10601,0,2,1.7000000476837158,0,0,0
66001,Imp Devil,Imp Devil,287549,11032,0,3,2.5,0,0,0
27391,Imp Devil (1),Imp Devil,318421,11032,0,3,2.5,0,0,0
27385,Imp Devil (10),Imp Devil,318427,11032,0,3,2.5,0,0,0
27387,Imp Devil (2),Imp Devil,318426,11032,0,3,2.5,0,0,0
27386,Imp Devil (3),Imp Devil,318425,11032,0,3,2.5,0,0,0
27390,Imp Devil (4),Imp Devil,318422,11032,0,3,2.5,0,0,0
27383,Imp Devil (5),Imp Devil,318430,11032,0,3,2.5,0,0,0
27382,Imp Devil (6),Imp Devil,318429,11032,0,3,2.5,0,0,0
27389,Imp Devil (7),Imp Devil,318423,11032,0,3,2.5,0,0,0
27388,Imp Devil (8),Imp Devil,318424,11032,0,3,2.5,0,0,0
27384,Imp Devil (9),Imp Devil,318428,11032,0,3,2.5,0,0,0
66004,Imp Mischief,Imp Mischief,303004,10606,0,1,1.2999999523162842,0,0,0
25224,Imp Mischief (1),Imp Mischief,278128,10606,0,1,1.2999999523162842,0,0,0
25225,Imp Mischief (10),Imp Mischief,278127,10606,0,1,1.2999999523162842,0,0,0
25228,Imp Mischief (11),Imp Mischief,278134,10606,0,1,1.2999999523162842,0,0,0
25220,Imp Mischief (12),Imp Mischief,278124,10606,0,1,1.2999999523162842,0,0,0
25233,Imp Mischief (13),Imp Mischief,278119,10606,0,1,1.2999999523162842,0,0,0
25234,Imp Mischief (14),Imp Mischief,278118,10606,0,1,1.2999999523162842,0,0,0
25222,Imp Mischief (15),Imp Mischief,278129,10606,0,1,1.2999999523162842,0,0,0
25226,Imp Mischief (16),Imp Mischief,278135,10606,0,1,1.2999999523162842,0,0,0
25235,Imp Mischief (17),Imp Mischief,278123,10606,0,1,1.2999999523162842,0,0,0
25227,Imp Mischief (18),Imp Mischief,278133,10606,0,1,1.2999999523162842,0,0,0
25230,Imp Mischief (19),Imp Mischief,278137,10606,0,1,1.2999999523162842,0,0,0
25221,Imp Mischief (2),Imp Mischief,278131,10606,0,1,1.2999999523162842,0,0,0
25231,Imp Mischief (20),Imp Mischief,278136,10606,0,1,1.2999999523162842,0,0,0
25218,Imp Mischief (3),Imp Mischief,278126,10606,0,1,1.2999999523162842,0,0,0
25229,Imp Mischief (4),Imp Mischief,278132,10606,0,1,1.2999999523162842,0,0,0
25223,Imp Mischief (5),Imp Mischief,278130,10606,0,1,1.2999999523162842,0,0,0
25237,Imp Mischief (6),Imp Mischief,278121,10606,0,1,1.2999999523162842,0,0,0
25232,Imp Mischief (7),Imp Mischief,278120,10606,0,1,1.2999999523162842,0,0,0
25219,Imp Mischief (8),Imp Mischief,278125,10606,0,1,1.2999999523162842,0,0,0
25236,Imp Mischief (9),Imp Mischief,278122,10606,0,1,1.2999999523162842,0,0,0
83414,Lurker,Lurker,311925,10803,0,1,1.2999999523162842,0,0,0
64846,Lurker (1),Lurker,296673,10803,0,1,1.2999999523162842,0,0,0
64857,Lurker (10),Lurker,296662,10803,0,1,1.2999999523162842,0,0,0
64856,Lurker (11),Lurker,296663,10803,0,1,1.2999999523162842,0,0,0
64845,Lurker (12),Lurker,296674,10803,0,1,1.2999999523162842,0,0,0
64852,Lurker (13),Lurker,296667,10803,0,1,1.2999999523162842,0,0,0
64851,Lurker (14),Lurker,296669,10803,0,1,1.2999999523162842,0,0,0
64854,Lurker (15),Lurker,296666,10803,0,1,1.2999999523162842,0,0,0
64839,Lurker (16),Lurker,296681,10803,0,1,1.2999999523162842,0,0,0
64855,Lurker (17),Lurker,296664,10803,0,1,1.2999999523162842,0,0,0
64850,Lurker (18),Lurker,296670,10803,0,1,1.2999999523162842,0,0,0
64847,Lurker (19),Lurker,296671,10803,0,1,1.2999999523162842,0,0,0
64842,Lurker (2),Lurker,296677,10803,0,1,1.2999999523162842,0,0,0
64838,Lurker (20),Lurker,296680,10803,0,1,1.2999999523162842,0,0,0
64844,Lurker (3),Lurker,296675,10803,0,1,1.2999999523162842,0,0,0
64848,Lurker (4),Lurker,296672,10803,0,1,1.2999999523162842,0,0,0
64840,Lurker (5),Lurker,296678,10803,0,1,1.2999999523162842,0,0,0
64841,Lurker (6),Lurker,296679,10803,0,1,1.2999999523162842,0,0,0
64849,Lurker (7),Lurker,296668,10803,0,1,1.2999999523162842,0,0,0
64853,Lurker (8),Lurker,296665,10803,0,1,1.2999999523162842,0,0,0
64843,Lurker (9),Lurker,296676,10803,0,1,1.2999999523162842,0,0,0
61843,Mimic Chest Gold,Mimic Chest Gold,271382,10555,1,3,3.5,1,0,0
67526,Mimic Chest Gold (1),Mimic Chest Gold,274396,10555,1,3,3.5,1,0,0
67524,Mimic Chest Gold (2),Mimic Chest Gold,274395,10555,1,3,3.5,1,0,0
67523,Mimic Chest Gold (3),Mimic Chest Gold,274393,10555,1,3,3.5,1,0,0
67527,Mimic Chest Gold (4),Mimic Chest Gold,274397,10555,1,3,3.5,1,0,0
67525,Mimic Chest Gold (5),Mimic Chest Gold,274394,10555,1,3,3.5,1,0,0
68156,Nightmare,Nightmare,280482,10531,0,2,1.7000000476837158,0,0,0
58871,Nightmare (1),Nightmare,272268,10531,0,2,1.7000000476837158,0,0,0
58870,Nightmare (10),Nightmare,272276,10531,0,2,1.7000000476837158,0,0,0
58879,Nightmare (2),Nightmare,272272,10531,0,2,1.7000000476837158,0,0,0
58875,Nightmare (3),Nightmare,272267,10531,0,2,1.7000000476837158,0,0,0
58876,Nightmare (4),Nightmare,272273,10531,0,2,1.7000000476837158,0,0,0
58877,Nightmare (5),Nightmare,272274,10531,0,2,1.7000000476837158,0,0,0
58878,Nightmare (6),Nightmare,272275,10531,0,2,1.7000000476837158,0,0,0
58872,Nightmare (7),Nightmare,272269,10531,0,2,1.7000000476837158,0,0,0
58874,Nightmare (8),Nightmare,272271,10531,0,2,1.7000000476837158,0,0,0
58873,Nightmare (9),Nightmare,272270,10531,0,2,1.7000000476837158,0,0,0
4628,Nova,Nova,10899,0,0,1,1.2999999523162842,0,0,0
41863,Phantom,Phantom,289519,10581,0,3,3.0,0,0,0
23444,Phantom (1),Phantom,276355,10581,0,3,3.0,0,0,0
23439,Phantom (10),Phantom,276360,10581,0,3,3.0,0,0,0
23443,Phantom (2),Phantom,276356,10581,0,3,3.0,0,0,0
23440,Phantom (3),Phantom,276362,10581,0,3,3.0,0,0,0
23437,Phantom (4),Phantom,276359,10581,0,3,3.0,0,0,0
23441,Phantom (5),Phantom,276354,10581,0,3,3.0,0,0,0
23438,Phantom (6),Phantom,276361,10581,0,3,3.0,0,0,0
23442,Phantom (7),Phantom,276353,10581,0,3,3.0,0,0,0
23446,Phantom (8),Phantom,276357,10581,0,3,3.0,0,0,0
23445,Phantom (9),Phantom,276358,10581,0,3,3.0,0,0,0
74004,Shell,Shell,292337,10899,0,1,1.2999999523162842,0,0,0
51114,Shell (1),Shell,306462,10899,0,1,1.2999999523162842,0,0,0
51126,Shell (10),Shell,306454,10899,0,1,1.2999999523162842,0,0,0
51130,Shell (11),Shell,306459,10899,0,1,1.2999999523162842,0,0,0
51119,Shell (12),Shell,306468,10899,0,1,1.2999999523162842,0,0,0
51127,Shell (13),Shell,306453,10899,0,1,1.2999999523162842,0,0,0
51129,Shell (14),Shell,306451,10899,0,1,1.2999999523162842,0,0,0
51124,Shell (15),Shell,306465,10899,0,1,1.2999999523162842,0,0,0
51133,Shell (16),Shell,306456,10899,0,1,1.2999999523162842,0,0,0
51132,Shell (17),Shell,306457,10899,0,1,1.2999999523162842,0,0,0
51121,Shell (18),Shell,306466,10899,0,1,1.2999999523162842,0,0,0
51115,Shell (19),Shell,306461,10899,0,1,1.2999999523162842,0,0,0
51123,Shell (2),Shell,306463,10899,0,1,1.2999999523162842,0,0,0
51117,Shell (20),Shell,306470,10899,0,1,1.2999999523162842,0,0,0
51118,Shell (3),Shell,306469,10899,0,1,1.2999999523162842,0,0,0
51131,Shell (4),Shell,306458,10899,0,1,1.2999999523162842,0,0,0
51120,Shell (5),Shell,306467,10899,0,1,1.2999999523162842,0,0,0
51122,Shell (6),Shell,306464,10899,0,1,1.2999999523162842,0,0,0
51128,Shell (7),Shell,306452,10899,0,1,1.2999999523162842,0,0,0
51125,Shell (8),Shell,306455,10899,0,1,1.2999999523162842,0,0,0
51116,Shell (9),Shell,306460,10899,0,1,1.2999999523162842,0,0,0
38858,Snake,Snake,318701,10919,0,2,1.7000000476837158,0,0,0
44722,Snake (1),Snake,307800,10919,0,2,1.7000000476837158,0,0,0
44729,Snake (10),Snake,307806,10919,0,2,1.7000000476837158,0,0,0
44730,Snake (2),Snake,307805,10919,0,2,1.7000000476837158,0,0,0
44723,Snake (3),Snake,307799,10919,0,2,1.7000000476837158,0,0,0
44728,Snake (4),Snake,307801,10919,0,2,1.7000000476837158,0,0,0
44726,Snake (5),Snake,307803,10919,0,2,1.7000000476837158,0,0,0
44725,Snake (6),Snake,307804,10919,0,2,1.7000000476837158,0,0,0
44727,Snake (7),Snake,307802,10919,0,2,1.7000000476837158,0,0,0
44724,Snake (8),Snake,307798,10919,0,2,1.7000000476837158,0,0,0
44731,Snake (9),Snake,307807,10919,0,2,1.7000000476837158,0,0,0
46522,Snake Naga,Snake Naga,272781,11038,0,3,2.5,0,0,0
60734,Snake Naga (1),Snake Naga,319107,11038,0,3,2.5,0,0,0
60730,Snake Naga (10),Snake Naga,319104,11038,0,3,2.5,0,0,0
60733,Snake Naga (2),Snake Naga,319106,11038,0,3,2.5,0,0,0
60736,Snake Naga (3),Snake Naga,319102,11038,0,3,2.5,0,0,0
60732,Snake Naga (4),Snake Naga,319105,11038,0,3,2.5,0,0,0
60735,Snake Naga (5),Snake Naga,319108,11038,0,3,2.5,0,0,0
60731,Snake Naga (6),Snake Naga,319103,11038,0,3,2.5,0,0,0
60737,Snake Naga (7),Snake Naga,319111,11038,0,3,2.5,0,0,0
60739,Snake Naga (8),Snake Naga,319110,11038,0,3,2.5,0,0,0
60738,Snake Naga (9),Snake Naga,319109,11038,0,3,2.5,0,0,0
72297,Snakelet,Snakelet,319199,10527,0,1,1.2999999523162842,0,0,0
25016,Snakelet (1),Snakelet,272001,10527,0,1,1.2999999523162842,0,0,0
25008,Snakelet (10),Snakelet,272011,10527,0,1,1.2999999523162842,0,0,0
25018,Snakelet (11),Snakelet,272000,10527,0,1,1.2999999523162842,0,0,0
25002,Snakelet (12),Snakelet,272004,10527,0,1,1.2999999523162842,0,0,0
25000,Snakelet (13),Snakelet,272006,10527,0,1,1.2999999523162842,0,0,0
25013,Snakelet (14),Snakelet,271998,10527,0,1,1.2999999523162842,0,0,0
25006,Snakelet (15),Snakelet,272015,10527,0,1,1.2999999523162842,0,0,0
25005,Snakelet (16),Snakelet,272013,10527,0,1,1.2999999523162842,0,0,0
25014,Snakelet (17),Snakelet,271996,10527,0,1,1.2999999523162842,0,0,0
25010,Snakelet (18),Snakelet,272009,10527,0,1,1.2999999523162842,0,0,0
25007,Snakelet (19),Snakelet,272012,10527,0,1,1.2999999523162842,0,0,0
25001,Snakelet (2),Snakelet,272005,10527,0,1,1.2999999523162842,0,0,0
25012,Snakelet (20),Snakelet,271999,10527,0,1,1.2999999523162842,0,0,0
25017,Snakelet (3),Snakelet,272002,10527,0,1,1.2999999523162842,0,0,0
25015,Snakelet (4),Snakelet,271997,10527,0,1,1.2999999523162842,0,0,0
25003,Snakelet (5),Snakelet,272003,10527,0,1,1.2999999523162842,0,0,0
24999,Snakelet (6),Snakelet,272007,10527,0,1,1.2999999523162842,0,0,0
25004,Snakelet (7),Snakelet,272014,10527,0,1,1.2999999523162842,0,0,0
25009,Snakelet (8),Snakelet,272008,10527,0,1,1.2999999523162842,0,0,0
25011,Snakelet (9),Snakelet,272010,10527,0,1,1.2999999523162842,0,0,0
72939,Soul,Soul,314829,10833,0,1,1.2999999523162842,0,0,0
54197,Soul (1),Soul,299364,10833,0,1,1.2999999523162842,0,0,0
54201,Soul (10),Soul,299360,10833,0,1,1.2999999523162842,0,0,0
54192,Soul (11),Soul,299370,10833,0,1,1.2999999523162842,0,0,0
54200,Soul (12),Soul,299361,10833,0,1,1.2999999523162842,0,0,0
54195,Soul (13),Soul,299367,10833,0,1,1.2999999523162842,0,0,0
54190,Soul (14),Soul,299371,10833,0,1,1.2999999523162842,0,0,0
54186,Soul (15),Soul,299375,10833,0,1,1.2999999523162842,0,0,0
54191,Soul (16),Soul,299369,10833,0,1,1.2999999523162842,0,0,0
54183,Soul (17),Soul,299378,10833,0,1,1.2999999523162842,0,0,0
54188,Soul (18),Soul,299373,10833,0,1,1.2999999523162842,0,0,0
54185,Soul (19),Soul,299374,10833,0,1,1.2999999523162842,0,0,0
54182,Soul (2),Soul,299379,10833,0,1,1.2999999523162842,0,0,0
54198,Soul (20),Soul,299363,10833,0,1,1.2999999523162842,0,0,0
54189,Soul (3),Soul,299372,10833,0,1,1.2999999523162842,0,0,0
54187,Soul (4),Soul,299376,10833,0,1,1.2999999523162842,0,0,0
54194,Soul (5),Soul,299366,10833,0,1,1.2999999523162842,0,0,0
54184,Soul (6),Soul,299377,10833,0,1,1.2999999523162842,0,0,0
54196,Soul (7),Soul,299365,10833,0,1,1.2999999523162842,0,0,0
54199,Soul (8),Soul,299362,10833,0,1,1.2999999523162842,0,0,0
54193,Soul (9),Soul,299368,10833,0,1,1.2999999523162842,0,0,0
59602,Soul Mage,Soul Mage,309640,10691,0,3,2.5,0,0,0
15494,Soul Mage (1),Soul Mage,285611,10691,0,3,2.5,0,0,0
15497,Soul Mage (10),Soul Mage,285605,10691,0,3,2.5,0,0,0
15493,Soul Mage (2),Soul Mage,285609,10691,0,3,2.5,0,0,0
15495,Soul Mage (3),Soul Mage,285610,10691,0,3,2.5,0,0,0
15496,Soul Mage (4),Soul Mage,285604,10691,0,3,2.5,0,0,0
15500,Soul Mage (5),Soul Mage,285606,10691,0,3,2.5,0,0,0
15502,Soul Mage (6),Soul Mage,285608,10691,0,3,2.5,0,0,0
15501,Soul Mage (7),Soul Mage,285607,10691,0,3,2.5,0,0,0
15499,Soul Mage (8),Soul Mage,285603,10691,0,3,2.5,0,0,0
15498,Soul Mage (9),Soul Mage,285602,10691,0,3,2.5,0,0,0
6024,Sparks,Sparks,10816,0,0,1,1.2999999523162842,0,0,0
25885,Spider,Spider,280128,10723,0,1,1.600000023841858,0,0,0
41525,Spider (1),Spider,289858,10723,0,1,1.600000023841858,0,0,0
41521,Spider (10),Spider,289861,10723,0,1,1.600000023841858,0,0,0
41517,Spider (11),Spider,289865,10723,0,1,1.600000023841858,0,0,0
41530,Spider (12),Spider,289852,10723,0,1,1.600000023841858,0,0,0
41524,Spider (13),Spider,289857,10723,0,1,1.600000023841858,0,0,0
41526,Spider (14),Spider,289855,10723,0,1,1.600000023841858,0,0,0
41519,Spider (15),Spider,289863,10723,0,1,1.600000023841858,0,0,0
41531,Spider (16),Spider,289851,10723,0,1,1.600000023841858,0,0,0
41522,Spider (17),Spider,289860,10723,0,1,1.600000023841858,0,0,0
41518,Spider (18),Spider,289864,10723,0,1,1.600000023841858,0,0,0
41534,Spider (19),Spider,289847,10723,0,1,1.600000023841858,0,0,0
41532,Spider (2),Spider,289849,10723,0,1,1.600000023841858,0,0,0
41529,Spider (20),Spider,289854,10723,0,1,1.600000023841858,0,0,0
41523,Spider (3),Spider,289859,10723,0,1,1.600000023841858,0,0,0
41535,Spider (4),Spider,289850,10723,0,1,1.600000023841858,0,0,0
41516,Spider (5),Spider,289866,10723,0,1,1.600000023841858,0,0,0
41533,Spider (6),Spider,289848,10723,0,1,1.600000023841858,0,0,0
41520,Spider (7),Spider,289862,10723,0,1,1.600000023841858,0,0,0
41527,Spider (8),Spider,289856,10723,0,1,1.600000023841858,0,0,0
41528,Spider (9),Spider,289853,10723,0,1,1.600000023841858,0,0,0
15223,Spider King,Spider King,319742,10861,0,3,2.5,0,0,0
31460,Spider King (1),Spider King,302850,10861,0,3,2.5,0,0,0
31464,Spider King (10),Spider King,302846,10861,0,3,2.5,0,0,0
31461,Spider King (2),Spider King,302852,10861,0,3,2.5,0,0,0
31468,Spider King (3),Spider King,302847,10861,0,3,2.5,0,0,0
31465,Spider King (4),Spider King,302844,10861,0,3,2.5,0,0,0
31462,Spider King (5),Spider King,302853,10861,0,3,2.5,0,0,0
31469,Spider King (6),Spider King,302848,10861,0,3,2.5,0,0,0
31463,Spider King (7),Spider King,302851,10861,0,3,2.5,0,0,0
31467,Spider King (8),Spider King,302849,10861,0,3,2.5,0,0,0
31466,Spider King (9),Spider King,302845,10861,0,3,2.5,0,0,0
92263,Spider Toxin,Spider Toxin,297103,10890,0,2,2.0,0,0,0
78886,Spider Toxin (1),Spider Toxin,305466,10890,0,2,2.0,0,0,0
78879,Spider Toxin (10),Spider Toxin,305474,10890,0,2,2.0,0,0,0
78883,Spider Toxin (2),Spider Toxin,305469,10890,0,2,2.0,0,0,0
78884,Spider Toxin (3),Spider Toxin,305465,10890,0,2,2.0,0,0,0
78881,Spider Toxin (4),Spider Toxin,305468,10890,0,2,2.0,0,0,0
78878,Spider Toxin (5),Spider Toxin,305473,10890,0,2,2.0,0,0,0
78877,Spider Toxin (6),Spider Toxin,305472,10890,0,2,2.0,0,0,0
78882,Spider Toxin (7),Spider Toxin,305470,10890,0,2,2.0,0,0,0
78885,Spider Toxin (8),Spider Toxin,305467,10890,0,2,2.0,0,0,0
78880,Spider Toxin (9),Spider Toxin,305471,10890,0,2,2.0,0,0,0
62595,Spike,Spike,289232,10960,0,2,1.7000000476837158,0,0,0
17636,Spike (1),Spike,311142,10960,0,2,1.7000000476837158,0,0,0
17638,Spike (10),Spike,311143,10960,0,2,1.7000000476837158,0,0,0
17631,Spike (2),Spike,311148,10960,0,2,1.7000000476837158,0,0,0
17639,Spike (3),Spike,311144,10960,0,2,1.7000000476837158,0,0,0
17633,Spike (4),Spike,311146,10960,0,2,1.7000000476837158,0,0,0
17630,Spike (5),Spike,311145,10960,0,2,1.7000000476837158,0,0,0
17634,Spike (6),Spike,311140,10960,0,2,1.7000000476837158,0,0,0
17635,Spike (7),Spike,311139,10960,0,2,1.7000000476837158,0,0,0
17632,Spike (8),Spike,311147,10960,0,2,1.7000000476837158,0,0,0
17637,Spike (9),Spike,311141,10960,0,2,1.7000000476837158,0,0,0
56032,Spook,Spook,303858,10791,0,2,2.299999952316284,0,0,0
68306,Spook (1),Spook,295535,10791,0,2,2.299999952316284,0,0,0
68307,Spook (10),Spook,295536,10791,0,2,2.299999952316284,0,0,0
68309,Spook (2),Spook,295533,10791,0,2,2.299999952316284,0,0,0
68308,Spook (3),Spook,295534,10791,0,2,2.299999952316284,0,0,0
68313,Spook (4),Spook,295529,10791,0,2,2.299999952316284,0,0,0
68311,Spook (5),Spook,295531,10791,0,2,2.299999952316284,0,0,0
68314,Spook (6),Spook,295528,10791,0,2,2.299999952316284,0,0,0
68312,Spook (7),Spook,295530,10791,0,2,2.299999952316284,0,0,0
68305,Spook (8),Spook,295537,10791,0,2,2.299999952316284,0,0,0
68310,Spook (9),Spook,295532,10791,0,2,2.299999952316284,0,0,0
15018,Sting,Sting,292192,292192,0,3,2.799999952316284,0,0,0
10955,Sting (1),Sting,291657,291657,0,3,2.799999952316284,0,0,0
10958,Sting (10),Sting,291663,291663,0,3,2.799999952316284,0,0,0
10962,Sting (2),Sting,291666,291666,0,3,2.799999952316284,0,0,0
10957,Sting (3),Sting,291660,291660,0,3,2.799999952316284,0,0,0
10963,Sting (4),Sting,291665,291665,0,3,2.799999952316284,0,0,0
10960,Sting (5),Sting,291661,291661,0,3,2.799999952316284,0,0,0
10954,Sting (6),Sting,291658,291658,0,3,2.799999952316284,0,0,0
10956,Sting (7),Sting,291659,291659,0,3,2.799999952316284,0,0,0
10959,Sting (8),Sting,291662,291662,0,3,2.799999952316284,0,0,0
10961,Sting (9),Sting,291664,291664,0,3,2.799999952316284,0,0,0
78201,Supreme Alien (supreme tech),Supreme Alien (supreme tech),306996,10741,6,3,5.0,0,0,1
43307,Supreme Alien (supreme tech) (1),Supreme Alien (supreme tech),291589,10741,6,3,5.0,0,0,1
43308,Supreme Alien (supreme tech) (2),Supreme Alien (supreme tech),291590,10741,6,3,5.0,0,0,1
43306,Supreme Alien (supreme tech) (3),Supreme Alien (supreme tech),291588,10741,6,3,5.0,0,0,1
43305,Supreme Alien (supreme tech) (4),Supreme Alien (supreme tech),291587,10741,6,3,5.0,0,0,1
92247,Supreme Shadow (supreme runes),Supreme Shadow (supreme runes),309385,11039,10,3,2.5,0,0,0
77673,Supreme Shadow (supreme runes) (1),Supreme Shadow (supreme runes),319259,11039,10,3,2.5,0,0,0
77671,Supreme Shadow (supreme runes) (2),Supreme Shadow (supreme runes),319261,11039,10,3,2.5,0,0,0
77675,Supreme Shadow (supreme runes) (3),Supreme Shadow (supreme runes),319264,11039,10,3,2.5,0,0,0
77674,Supreme Shadow (supreme runes) (4),Supreme Shadow (supreme runes),319263,11039,10,3,2.5,0,0,0
77672,Supreme Shadow (supreme runes) (5),Supreme Shadow (supreme runes),319260,11039,10,3,2.5,0,0,0
77676,Supreme Shadow (supreme runes) (6),Supreme Shadow (supreme runes),319258,11039,10,3,2.5,0,0,0
77670,Supreme Shadow (supreme runes) (7),Supreme Shadow (supreme runes),319262,11039,10,3,2.5,0,0,0
74192,Training Dummy (exp boss),Training Dummy (exp boss),283308,10852,4,3,4.0,0,0,0
21601,Training Dummy (exp boss) (1),Training Dummy (exp boss),301282,10852,4,3,4.0,0,0,0
21603,Training Dummy (exp boss) (2),Training Dummy (exp boss),301279,10852,4,3,4.0,0,0,0
21605,Training Dummy (exp boss) (3),Training Dummy (exp boss),301276,10852,4,3,4.0,0,0,0
21604,Training Dummy (exp boss) (4),Training Dummy (exp boss),301278,10852,4,3,4.0,0,0,0
21602,Training Dummy (exp boss) (5),Training Dummy (exp boss),301281,10852,4,3,4.0,0,0,0
21600,Training Dummy (exp boss) (6),Training Dummy (exp boss),301280,10852,4,3,4.0,0,0,0
21606,Training Dummy (exp boss) (7),Training Dummy (exp boss),301277,10852,4,3,4.0,0,0,0
13825,Training Dummy golden variant,Training Dummy golden variant,270956,10871,4,3,4.0,1,0,0
67709,Training Dummy golden variant (1),Training Dummy golden variant,303641,10871,4,3,4.0,1,0,0
67708,Training Dummy golden variant (2),Training Dummy golden variant,303640,10871,4,3,4.0,1,0,0
84973,Treant Forest Evergreen,Treant Forest Evergreen,285197,11001,0,3,2.5,0,0,0
37688,Treant Forest Evergreen (1),Treant Forest Evergreen,315695,11001,0,3,2.5,0,0,0
37691,Treant Forest Evergreen (10),Treant Forest Evergreen,315698,11001,0,3,2.5,0,0,0
37687,Treant Forest Evergreen (2),Treant Forest Evergreen,315694,11001,0,3,2.5,0,0,0
37694,Treant Forest Evergreen (3),Treant Forest Evergreen,315690,11001,0,3,2.5,0,0,0
37690,Treant Forest Evergreen (4),Treant Forest Evergreen,315697,11001,0,3,2.5,0,0,0
37695,Treant Forest Evergreen (5),Treant Forest Evergreen,315692,11001,0,3,2.5,0,0,0
37693,Treant Forest Evergreen (6),Treant Forest Evergreen,315691,11001,0,3,2.5,0,0,0
37686,Treant Forest Evergreen (7),Treant Forest Evergreen,315693,11001,0,3,2.5,0,0,0
37689,Treant Forest Evergreen (8),Treant Forest Evergreen,315696,11001,0,3,2.5,0,0,0
37692,Treant Forest Evergreen (9),Treant Forest Evergreen,315689,11001,0,3,2.5,0,0,0
33686,Treant Minion Evergreen,Treant Minion Evergreen,279469,10816,0,1,1.2999999523162842,0,0,0
85513,Treant Minion Evergreen (1),Treant Minion Evergreen,297815,10816,0,1,1.2999999523162842,0,0,0
85517,Treant Minion Evergreen (10),Treant Minion Evergreen,297811,10816,0,1,1.2999999523162842,0,0,0
85509,Treant Minion Evergreen (11),Treant Minion Evergreen,297819,10816,0,1,1.2999999523162842,0,0,0
85515,Treant Minion Evergreen (12),Treant Minion Evergreen,297813,10816,0,1,1.2999999523162842,0,0,0
85512,Treant Minion Evergreen (13),Treant Minion Evergreen,297816,10816,0,1,1.2999999523162842,0,0,0
85526,Treant Minion Evergreen (14),Treant Minion Evergreen,297822,10816,0,1,1.2999999523162842,0,0,0
85524,Treant Minion Evergreen (15),Treant Minion Evergreen,297824,10816,0,1,1.2999999523162842,0,0,0
85510,Treant Minion Evergreen (16),Treant Minion Evergreen,297818,10816,0,1,1.2999999523162842,0,0,0
85519,Treant Minion Evergreen (17),Treant Minion Evergreen,297809,10816,0,1,1.2999999523162842,0,0,0
85514,Treant Minion Evergreen (18),Treant Minion Evergreen,297814,10816,0,1,1.2999999523162842,0,0,0
85511,Treant Minion Evergreen (19),Treant Minion Evergreen,297817,10816,0,1,1.2999999523162842,0,0,0
85523,Treant Minion Evergreen (2),Treant Minion Evergreen,297825,10816,0,1,1.2999999523162842,0,0,0
85528,Treant Minion Evergreen (20),Treant Minion Evergreen,297820,10816,0,1,1.2999999523162842,0,0,0
85521,Treant Minion Evergreen (3),Treant Minion Evergreen,297827,10816,0,1,1.2999999523162842,0,0,0
85525,Treant Minion Evergreen (4),Treant Minion Evergreen,297823,10816,0,1,1.2999999523162842,0,0,0
85522,Treant Minion Evergreen (5),Treant Minion Evergreen,297826,10816,0,1,1.2999999523162842,0,0,0
85520,Treant Minion Evergreen (6),Treant Minion Evergreen,297828,10816,0,1,1.2999999523162842,0,0,0
85518,Treant Minion Evergreen (7),Treant Minion Evergreen,297810,10816,0,1,1.2999999523162842,0,0,0
85516,Treant Minion Evergreen (8),Treant Minion Evergreen,297812,10816,0,1,1.2999999523162842,0,0,0
85527,Treant Minion Evergreen (9),Treant Minion Evergreen,297821,10816,0,1,1.2999999523162842,0,0,0
88967,Treant Tree Evergreen,Treant Tree Evergreen,276738,10778,0,2,1.7000000476837158,0,0,0
37587,Treant Tree Evergreen (1),Treant Tree Evergreen,294853,10778,0,2,1.7000000476837158,0,0,0
37586,Treant Tree Evergreen (10),Treant Tree Evergreen,294855,10778,0,2,1.7000000476837158,0,0,0
37580,Treant Tree Evergreen (2),Treant Tree Evergreen,294851,10778,0,2,1.7000000476837158,0,0,0
37582,Treant Tree Evergreen (3),Treant Tree Evergreen,294859,10778,0,2,1.7000000476837158,0,0,0
37588,Treant Tree Evergreen (4),Treant Tree Evergreen,294854,10778,0,2,1.7000000476837158,0,0,0
37579,Treant Tree Evergreen (5),Treant Tree Evergreen,294852,10778,0,2,1.7000000476837158,0,0,0
37581,Treant Tree Evergreen (6),Treant Tree Evergreen,294850,10778,0,2,1.7000000476837158,0,0,0
37585,Treant Tree Evergreen (7),Treant Tree Evergreen,294858,10778,0,2,1.7000000476837158,0,0,0
37584,Treant Tree Evergreen (8),Treant Tree Evergreen,294856,10778,0,2,1.7000000476837158,0,0,0
37583,Treant Tree Evergreen (9),Treant Tree Evergreen,294857,10778,0,2,1.7000000476837158,0,0,0
19171,Vampire Bat,Vampire Bat,283096,283096,0,2,2.299999952316284,0,0,0
83340,Vampire Bat (1),Vampire Bat,303764,303764,0,2,2.299999952316284,0,0,0
83344,Vampire Bat (10),Vampire Bat,303759,303759,0,2,2.299999952316284,0,0,0
83339,Vampire Bat (2),Vampire Bat,303763,303763,0,2,2.299999952316284,0,0,0
83337,Vampire Bat (3),Vampire Bat,303762,303762,0,2,2.299999952316284,0,0,0
83336,Vampire Bat (4),Vampire Bat,303760,303760,0,2,2.299999952316284,0,0,0
83343,Vampire Bat (5),Vampire Bat,303757,303757,0,2,2.299999952316284,0,0,0
83341,Vampire Bat (6),Vampire Bat,303765,303765,0,2,2.299999952316284,0,0,0
83345,Vampire Bat (7),Vampire Bat,303758,303758,0,2,2.299999952316284,0,0,0
83338,Vampire Bat (8),Vampire Bat,303761,303761,0,2,2.299999952316284,0,0,0
83342,Vampire Bat (9),Vampire Bat,303756,303756,0,2,2.299999952316284,0,0,0
3171,Viewport,Viewport,10989,0,2,3,4.5,1,0,0
3823,Viewport,Viewport,10861,0,0,3,2.5,0,0,0
4073,Viewport,Viewport,11024,0,0,3,2.5,0,0,0
29999,Werewolf,Werewolf,272779,10883,0,3,2.5,0,0,0
56715,Werewolf (1),Werewolf,304922,10883,0,3,2.5,0,0,0
56712,Werewolf (10),Werewolf,304921,10883,0,3,2.5,0,0,0
56713,Werewolf (2),Werewolf,304920,10883,0,3,2.5,0,0,0
56714,Werewolf (3),Werewolf,304923,10883,0,3,2.5,0,0,0
56711,Werewolf (4),Werewolf,304927,10883,0,3,2.5,0,0,0
56709,Werewolf (5),Werewolf,304928,10883,0,3,2.5,0,0,0
56710,Werewolf (6),Werewolf,304926,10883,0,3,2.5,0,0,0
56707,Werewolf (7),Werewolf,304929,10883,0,3,2.5,0,0,0
56706,Werewolf (8),Werewolf,304924,10883,0,3,2.5,0,0,0
56708,Werewolf (9),Werewolf,304925,10883,0,3,2.5,0,0,0
18696,Wolf,Wolf,302097,11022,0,2,1.7000000476837158,0,0,0
32168,Wolf (1),Wolf,317933,11022,0,2,1.7000000476837158,0,0,0
32171,Wolf (10),Wolf,317929,11022,0,2,1.7000000476837158,0,0,0
32169,Wolf (2),Wolf,317931,11022,0,2,1.7000000476837158,0,0,0
32172,Wolf (3),Wolf,317938,11022,0,2,1.7000000476837158,0,0,0
32170,Wolf (4),Wolf,317930,11022,0,2,1.7000000476837158,0,0,0
32173,Wolf (5),Wolf,317936,11022,0,2,1.7000000476837158,0,0,0
32167,Wolf (6),Wolf,317932,11022,0,2,1.7000000476837158,0,0,0
32175,Wolf (7),Wolf,317934,11022,0,2,1.7000000476837158,0,0,0
32176,Wolf (8),Wolf,317935,11022,0,2,1.7000000476837158,0,0,0
32174,Wolf (9),Wolf,317937,11022,0,2,1.7000000476837158,0,0,0
17947,Wolf Pup,Wolf Pup,298760,10827,0,1,1.2999999523162842,0,0,0
17806,Wolf Pup (1),Wolf Pup,298877,10827,0,1,1.2999999523162842,0,0,0
17801,Wolf Pup (10),Wolf Pup,298872,10827,0,1,1.2999999523162842,0,0,0
17797,Wolf Pup (11),Wolf Pup,298888,10827,0,1,1.2999999523162842,0,0,0
17808,Wolf Pup (12),Wolf Pup,298875,10827,0,1,1.2999999523162842,0,0,0
17798,Wolf Pup (13),Wolf Pup,298887,10827,0,1,1.2999999523162842,0,0,0
17796,Wolf Pup (14),Wolf Pup,298889,10827,0,1,1.2999999523162842,0,0,0
17791,Wolf Pup (15),Wolf Pup,298884,10827,0,1,1.2999999523162842,0,0,0
17809,Wolf Pup (16),Wolf Pup,298874,10827,0,1,1.2999999523162842,0,0,0
17805,Wolf Pup (17),Wolf Pup,298878,10827,0,1,1.2999999523162842,0,0,0
17794,Wolf Pup (18),Wolf Pup,298881,10827,0,1,1.2999999523162842,0,0,0
17793,Wolf Pup (19),Wolf Pup,298882,10827,0,1,1.2999999523162842,0,0,0
17807,Wolf Pup (2),Wolf Pup,298876,10827,0,1,1.2999999523162842,0,0,0
17795,Wolf Pup (20),Wolf Pup,298880,10827,0,1,1.2999999523162842,0,0,0
17802,Wolf Pup (3),Wolf Pup,298871,10827,0,1,1.2999999523162842,0,0,0
17803,Wolf Pup (4),Wolf Pup,298870,10827,0,1,1.2999999523162842,0,0,0
17790,Wolf Pup (5),Wolf Pup,298885,10827,0,1,1.2999999523162842,0,0,0
17800,Wolf Pup (6),Wolf Pup,298873,10827,0,1,1.2999999523162842,0,0,0
17792,Wolf Pup (7),Wolf Pup,298883,10827,0,1,1.2999999523162842,0,0,0
17799,Wolf Pup (8),Wolf Pup,298886,10827,0,1,1.2999999523162842,0,0,0
17804,Wolf Pup (9),Wolf Pup,298879,10827,0,1,1.2999999523162842,0,0,0
87475,Wraith,Wraith,318059,318059,0,3,2.5,0,0,0
10761,Wraith (1),Wraith,269864,269864,0,3,2.5,0,0,0
10757,Wraith (10),Wraith,269870,269870,0,3,2.5,0,0,0
10764,Wraith (2),Wraith,269861,269861,0,3,2.5,0,0,0
10758,Wraith (3),Wraith,269863,269863,0,3,2.5,0,0,0
10762,Wraith (4),Wraith,269865,269865,0,3,2.5,0,0,0
10760,Wraith (5),Wraith,269868,269868,0,3,2.5,0,0,0
10756,Wraith (6),Wraith,269869,269869,0,3,2.5,0,0,0
10759,Wraith (7),Wraith,269867,269867,0,3,2.5,0,0,0
10763,Wraith (8),Wraith,269866,269866,0,3,2.5,0,0,0
10765,Wraith (9),Wraith,269862,269862,0,3,2.5,0,0,0
3424,battery,battery,10852,0,4,3,4.0,0,0,0
4274,border,border,10845,0,0,3,2.5,0,0,0
4768,border,border,10559,0,0,1,1.2999999523162842,0,0,0
4258,buff (1),buff,10914,0,0,3,2.5,0,0,0
3028,button text,button text,10982,0,0,1,1.2999999523162842,0,0,0
5103,button text,button text,10725,0,0,2,1.7000000476837158,0,0,0
5123,check icon,check icon,10630,0,0,1,1.2999999523162842,0,0,0
5038,chest icon (reward to claim),chest icon (reward to claim),11038,0,0,3,2.5,0,0,0
5735,claim button,claim button,11039,0,10,3,2.5,0,0,0
5197,claimed cover,claimed cover,10710,0,11,3,5.0,0,0,0
3254,cost text,cost text,10879,0,9,3,4.0,0,0,0
4298,cost text,cost text,10741,0,6,3,5.0,0,0,1
3170,divider,divider,10658,0,0,1,1.2999999523162842,0,0,0
3941,divider,divider,10858,0,0,1,1.2999999523162842,0,0,0
5183,divider,divider,10803,0,0,1,1.2999999523162842,0,0,0
5336,divider (1),divider,10791,0,0,2,2.299999952316284,0,0,0
3250,fonts button,fonts button,10960,0,0,2,1.7000000476837158,0,0,0
3413,gem sale,gem sale,10895,0,0,1,1.2999999523162842,0,0,0
4239,glow icon bg,glow icon bg,10723,0,0,1,1.600000023841858,0,0,0
4090,header,header,11001,0,0,3,2.5,0,0,0
5045,header,header,10584,0,12,3,4.5,0,0,1
3364,header text,header text,10589,0,0,2,1.7000000476837158,0,0,0
3118,hero frame (2),hero frame,10707,0,0,1,1.2999999523162842,0,0,0
3708,highest wave text,highest wave text,10695,0,0,2,1.7000000476837158,0,0,0
4859,hoarder gold,hoarder gold,10883,0,0,3,2.5,0,0,0
3365,hotkey,hotkey,10644,0,0,2,1.7000000476837158,0,0,0
3571,hotkey,hotkey,10606,0,0,1,1.2999999523162842,0,0,0
5787,hotkey text,hotkey text,10890,0,0,2,2.0,0,0,0
3384,hp desc,hp desc,10530,0,0,1,1.2999999523162842,0,0,0
4368,icon,icon,10919,0,0,2,1.7000000476837158,0,0,0
4437,icon,icon,10686,0,8,3,4.0,0,0,0
5195,icon,icon,10601,0,0,2,1.7000000476837158,0,0,0
5960,icon (4),icon,10847,0,0,2,1.7000000476837158,0,0,0
4760,info icon,info icon,10833,0,0,1,1.2999999523162842,0,0,0
5811,info text (4),info text,10547,0,0,2,1.7000000476837158,0,0,0
6297,line 2 icon,line 2 icon,11005,0,0,3,2.5,0,0,0
4242,main panel,main panel,10836,0,0,3,2.5,0,0,0
5793,main panel,main panel,10965,0,0,2,1.7000000476837158,0,0,0
4671,max cover,max cover,10631,0,0,3,2.5,0,0,0
4514,min icon,min icon,10766,0,0,1,1.2999999523162842,0,0,0
5312,na cover,na cover,10871,0,4,3,4.0,1,0,0
5659,name bg,name bg,10552,0,0,2,1.7999999523162842,0,0,0
3974,name text,name text,10981,0,0,1,1.2999999523162842,0,0,0
5303,name text,name text,10555,0,1,3,3.5,1,0,0
3041,place (9),place,10608,0,0,2,1.7000000476837158,0,0,0
46850,power mage golden variant,power mage golden variant,273296,10832,3,3,4.5,1,0,0
73077,power mage golden variant (1),power mage golden variant,299358,10832,3,3,4.5,1,0,0
73075,power mage golden variant (2),power mage golden variant,299357,10832,3,3,4.5,1,0,0
73076,power mage golden variant (3),power mage golden variant,299359,10832,3,3,4.5,1,0,0
3848,promo hero (6),promo hero,11022,0,0,2,1.7000000476837158,0,0,0
4141,purchase button ($),purchase button ($),10665,0,0,1,1.2999999523162842,0,0,0
3991,reward text (1),reward text,10504,0,0,1,1.899999976158142,0,0,0
3499,rewards header,rewards header,10581,0,0,3,3.0,0,0,0
5034,rewards header,rewards header,10942,0,0,3,2.5,0,0,0
3152,shadow,shadow,10691,0,0,3,2.5,0,0,0
3750,shadow,shadow,10837,0,0,3,2.5,0,0,0
4952,shadow alien hp reduction,shadow alien hp reduction,10531,0,0,2,1.7000000476837158,0,0,0
27462,supreme ultimus,supreme ultimus,293525,10584,12,3,4.5,0,0,1
60981,supreme ultimus (1),supreme ultimus,276737,10584,12,3,4.5,0,0,1
3145,text,text,10755,0,2,3,4.0,0,0,0
3560,text,text,10527,0,0,1,1.2999999523162842,0,0,0
3783,text,text,10521,0,0,1,1.2999999523162842,0,0,0
5023,text,text,10663,0,0,2,1.7000000476837158,0,0,0
5536,text,text,10832,0,3,3,4.5,1,0,0
5746,text,text,11013,0,5,3,4.0,0,0,0
4172,text (1),text,10688,0,6,3,4.0,0,0,0
4216,token icon,token icon,10545,0,0,3,2.799999952316284,0,0,0
4021,tos button,tos button,10639,0,0,3,2.5,0,0,0
6270,trophies (3),trophies,10543,0,0,1,1.2999999523162842,0,0,0
3797,upgrade (2),upgrade,10918,0,0,3,2.5,0,0,0
6218,vert line (31),vert line,10764,0,0,3,2.5,0,0,0
3020,weekly tickets,weekly tickets,10652,0,0,2,1.7000000476837158,0,0,0
3065,you icon (1),you icon,10923,0,0,3,2.5,0,0,0
